county,precinct,office,district,candidate,party,votes
Glades,1 Doyle Conner Bldg,President,,Donald J. Trump,REP,222
Glades,2 Ortona Community Center,President,,Donald J. Trump,REP,295
Glades,3 Doyle Conner Bldg,President,,Donald J. Trump,REP,163
Glades,4 Palmdale Community Center,President,,Donald J. Trump,REP,163
Glades,5 Muse Community Center,President,,Donald J. Trump,REP,741
Glades,6 Doyle Conner Bldg,President,,Donald J. Trump,REP,143
Glades,7 Lakeport Community Center,President,,Donald J. Trump,REP,453
Glades,8 BHR Community Center,President,,Donald J. Trump,REP,727
Glades,9 Lakeport Community Center,President,,Donald J. Trump,REP,97
Glades,10 Lakeport Community Center,President,,Donald J. Trump,REP,90
Glades,11 Doyle Conner Bldg,President,,Donald J. Trump,REP,240
Glades,12 Washington Park Comm. ctr.,President,,Donald J. Trump,REP,3
Glades,13 Indian Hills Fire Dept.,President,,Donald J. Trump,REP,445
Glades,1 Doyle Conner Bldg,President,,Joseph R. Biden,DEM,56
Glades,2 Ortona Community Center,President,,Joseph R. Biden,DEM,71
Glades,3 Doyle Conner Bldg,President,,Joseph R. Biden,DEM,78
Glades,4 Palmdale Community Center,President,,Joseph R. Biden,DEM,25
Glades,5 Muse Community Center,President,,Joseph R. Biden,DEM,190
Glades,6 Doyle Conner Bldg,President,,Joseph R. Biden,DEM,251
Glades,7 Lakeport Community Center,President,,Joseph R. Biden,DEM,109
Glades,8 BHR Community Center,President,,Joseph R. Biden,DEM,217
Glades,9 Lakeport Community Center,President,,Joseph R. Biden,DEM,20
Glades,10 Lakeport Community Center,President,,Joseph R. Biden,DEM,75
Glades,11 Doyle Conner Bldg,President,,Joseph R. Biden,DEM,48
Glades,12 Washington Park Comm. ctr.,President,,Joseph R. Biden,DEM,96
Glades,13 Indian Hills Fire Dept.,President,,Joseph R. Biden,DEM,149
Glades,1 Doyle Conner Bldg,President,,Jo Jorgensen,LPF,1
Glades,2 Ortona Community Center,President,,Jo Jorgensen,LPF,4
Glades,3 Doyle Conner Bldg,President,,Jo Jorgensen,LPF,0
Glades,4 Palmdale Community Center,President,,Jo Jorgensen,LPF,0
Glades,5 Muse Community Center,President,,Jo Jorgensen,LPF,8
Glades,6 Doyle Conner Bldg,President,,Jo Jorgensen,LPF,0
Glades,7 Lakeport Community Center,President,,Jo Jorgensen,LPF,1
Glades,8 BHR Community Center,President,,Jo Jorgensen,LPF,2
Glades,9 Lakeport Community Center,President,,Jo Jorgensen,LPF,0
Glades,10 Lakeport Community Center,President,,Jo Jorgensen,LPF,0
Glades,11 Doyle Conner Bldg,President,,Jo Jorgensen,LPF,1
Glades,12 Washington Park Comm. ctr.,President,,Jo Jorgensen,LPF,0
Glades,13 Indian Hills Fire Dept.,President,,Jo Jorgensen,LPF,4
Glades,1 Doyle Conner Bldg,President,,Roque ‚ÄúRocky‚Äù De La Fuente,REF,0
Glades,2 Ortona Community Center,President,,Roque ‚ÄúRocky‚Äù De La Fuente,REF,0
Glades,3 Doyle Conner Bldg,President,,Roque ‚ÄúRocky‚Äù De La Fuente,REF,0
Glades,4 Palmdale Community Center,President,,Roque ‚ÄúRocky‚Äù De La Fuente,REF,0
Glades,5 Muse Community Center,President,,Roque ‚ÄúRocky‚Äù De La Fuente,REF,0
Glades,6 Doyle Conner Bldg,President,,Roque ‚ÄúRocky‚Äù De La Fuente,REF,0
Glades,7 Lakeport Community Center,President,,Roque ‚ÄúRocky‚Äù De La Fuente,REF,0
Glades,8 BHR Community Center,President,,Roque ‚ÄúRocky‚Äù De La Fuente,REF,0
Glades,9 Lakeport Community Center,President,,Roque ‚ÄúRocky‚Äù De La Fuente,REF,0
Glades,10 Lakeport Community Center,President,,Roque ‚ÄúRocky‚Äù De La Fuente,REF,0
Glades,11 Doyle Conner Bldg,President,,Roque ‚ÄúRocky‚Äù De La Fuente,REF,0
Glades,12 Washington Park Comm. ctr.,President,,Roque ‚ÄúRocky‚Äù De La Fuente,REF,0
Glades,13 Indian Hills Fire Dept.,President,,Roque ‚ÄúRocky‚Äù De La Fuente,REF,0
Glades,1 Doyle Conner Bldg,President,,Gloria La Riva,PSL,0
Glades,2 Ortona Community Center,President,,Gloria La Riva,PSL,0
Glades,3 Doyle Conner Bldg,President,,Gloria La Riva,PSL,0
Glades,4 Palmdale Community Center,President,,Gloria La Riva,PSL,0
Glades,5 Muse Community Center,President,,Gloria La Riva,PSL,0
Glades,6 Doyle Conner Bldg,President,,Gloria La Riva,PSL,1
Glades,7 Lakeport Community Center,President,,Gloria La Riva,PSL,0
Glades,8 BHR Community Center,President,,Gloria La Riva,PSL,0
Glades,9 Lakeport Community Center,President,,Gloria La Riva,PSL,0
Glades,10 Lakeport Community Center,President,,Gloria La Riva,PSL,0
Glades,11 Doyle Conner Bldg,President,,Gloria La Riva,PSL,0
Glades,12 Washington Park Comm. ctr.,President,,Gloria La Riva,PSL,0
Glades,13 Indian Hills Fire Dept.,President,,Gloria La Riva,PSL,0
Glades,1 Doyle Conner Bldg,President,,Howie Hawkins,GRE,0
Glades,2 Ortona Community Center,President,,Howie Hawkins,GRE,0
Glades,3 Doyle Conner Bldg,President,,Howie Hawkins,GRE,0
Glades,4 Palmdale Community Center,President,,Howie Hawkins,GRE,0
Glades,5 Muse Community Center,President,,Howie Hawkins,GRE,0
Glades,6 Doyle Conner Bldg,President,,Howie Hawkins,GRE,0
Glades,7 Lakeport Community Center,President,,Howie Hawkins,GRE,2
Glades,8 BHR Community Center,President,,Howie Hawkins,GRE,1
Glades,9 Lakeport Community Center,President,,Howie Hawkins,GRE,0
Glades,10 Lakeport Community Center,President,,Howie Hawkins,GRE,1
Glades,11 Doyle Conner Bldg,President,,Howie Hawkins,GRE,0
Glades,12 Washington Park Comm. ctr.,President,,Howie Hawkins,GRE,0
Glades,13 Indian Hills Fire Dept.,President,,Howie Hawkins,GRE,0
Glades,1 Doyle Conner Bldg,President,,Don Blankenship,CPF,0
Glades,2 Ortona Community Center,President,,Don Blankenship,CPF,0
Glades,3 Doyle Conner Bldg,President,,Don Blankenship,CPF,0
Glades,4 Palmdale Community Center,President,,Don Blankenship,CPF,0
Glades,5 Muse Community Center,President,,Don Blankenship,CPF,0
Glades,6 Doyle Conner Bldg,President,,Don Blankenship,CPF,0
Glades,7 Lakeport Community Center,President,,Don Blankenship,CPF,0
Glades,8 BHR Community Center,President,,Don Blankenship,CPF,0
Glades,9 Lakeport Community Center,President,,Don Blankenship,CPF,0
Glades,10 Lakeport Community Center,President,,Don Blankenship,CPF,0
Glades,11 Doyle Conner Bldg,President,,Don Blankenship,CPF,0
Glades,12 Washington Park Comm. ctr.,President,,Don Blankenship,CPF,0
Glades,13 Indian Hills Fire Dept.,President,,Don Blankenship,CPF,0
Glades,1 Doyle Conner Bldg,President,,Write-in,,0
Glades,2 Ortona Community Center,President,,Write-in,,0
Glades,3 Doyle Conner Bldg,President,,Write-in,,0
Glades,4 Palmdale Community Center,President,,Write-in,,0
Glades,5 Muse Community Center,President,,Write-in,,2
Glades,6 Doyle Conner Bldg,President,,Write-in,,1
Glades,7 Lakeport Community Center,President,,Write-in,,1
Glades,8 BHR Community Center,President,,Write-in,,2
Glades,9 Lakeport Community Center,President,,Write-in,,0
Glades,10 Lakeport Community Center,President,,Write-in,,2
Glades,11 Doyle Conner Bldg,President,,Write-in,,1
Glades,12 Washington Park Comm. ctr.,President,,Write-in,,0
Glades,13 Indian Hills Fire Dept.,President,,Write-in,,1
Glades,1 Doyle Conner Bldg,U.S. House,17,Greg Steube,REP,213
Glades,2 Ortona Community Center,U.S. House,17,Greg Steube,REP,297
Glades,3 Doyle Conner Bldg,U.S. House,17,Greg Steube,REP,155
Glades,4 Palmdale Community Center,U.S. House,17,Greg Steube,REP,162
Glades,5 Muse Community Center,U.S. House,17,Greg Steube,REP,725
Glades,6 Doyle Conner Bldg,U.S. House,17,Greg Steube,REP,125
Glades,7 Lakeport Community Center,U.S. House,17,Greg Steube,REP,448
Glades,8 BHR Community Center,U.S. House,17,Greg Steube,REP,704
Glades,9 Lakeport Community Center,U.S. House,17,Greg Steube,REP,95
Glades,10 Lakeport Community Center,U.S. House,17,Greg Steube,REP,89
Glades,11 Doyle Conner Bldg,U.S. House,17,Greg Steube,REP,231
Glades,12 Washington Park Comm. ctr.,U.S. House,17,Greg Steube,REP,2
Glades,13 Indian Hills Fire Dept.,U.S. House,17,Greg Steube,REP,439
Glades,1 Doyle Conner Bldg,U.S. House,17,Allen Ellison,DEM,47
Glades,2 Ortona Community Center,U.S. House,17,Allen Ellison,DEM,68
Glades,3 Doyle Conner Bldg,U.S. House,17,Allen Ellison,DEM,71
Glades,4 Palmdale Community Center,U.S. House,17,Allen Ellison,DEM,23
Glades,5 Muse Community Center,U.S. House,17,Allen Ellison,DEM,182
Glades,6 Doyle Conner Bldg,U.S. House,17,Allen Ellison,DEM,250
Glades,7 Lakeport Community Center,U.S. House,17,Allen Ellison,DEM,107
Glades,8 BHR Community Center,U.S. House,17,Allen Ellison,DEM,205
Glades,9 Lakeport Community Center,U.S. House,17,Allen Ellison,DEM,17
Glades,10 Lakeport Community Center,U.S. House,17,Allen Ellison,DEM,71
Glades,11 Doyle Conner Bldg,U.S. House,17,Allen Ellison,DEM,50
Glades,12 Washington Park Comm. ctr.,U.S. House,17,Allen Ellison,DEM,92
Glades,13 Indian Hills Fire Dept.,U.S. House,17,Allen Ellison,DEM,136
Glades,1 Doyle Conner Bldg,U.S. House,17,Theodore ‚ÄúPink Tie‚Äù Murray,NPA,5
Glades,2 Ortona Community Center,U.S. House,17,Theodore ‚ÄúPink Tie‚Äù Murray,NPA,2
Glades,3 Doyle Conner Bldg,U.S. House,17,Theodore ‚ÄúPink Tie‚Äù Murray,NPA,5
Glades,4 Palmdale Community Center,U.S. House,17,Theodore ‚ÄúPink Tie‚Äù Murray,NPA,0
Glades,5 Muse Community Center,U.S. House,17,Theodore ‚ÄúPink Tie‚Äù Murray,NPA,15
Glades,6 Doyle Conner Bldg,U.S. House,17,Theodore ‚ÄúPink Tie‚Äù Murray,NPA,5
Glades,7 Lakeport Community Center,U.S. House,17,Theodore ‚ÄúPink Tie‚Äù Murray,NPA,5
Glades,8 BHR Community Center,U.S. House,17,Theodore ‚ÄúPink Tie‚Äù Murray,NPA,11
Glades,9 Lakeport Community Center,U.S. House,17,Theodore ‚ÄúPink Tie‚Äù Murray,NPA,0
Glades,10 Lakeport Community Center,U.S. House,17,Theodore ‚ÄúPink Tie‚Äù Murray,NPA,5
Glades,11 Doyle Conner Bldg,U.S. House,17,Theodore ‚ÄúPink Tie‚Äù Murray,NPA,3
Glades,12 Washington Park Comm. ctr.,U.S. House,17,Theodore ‚ÄúPink Tie‚Äù Murray,NPA,2
Glades,13 Indian Hills Fire Dept.,U.S. House,17,Theodore ‚ÄúPink Tie‚Äù Murray,NPA,15
Glades,1 Doyle Conner Bldg,State House,55,Kaylee Tuck,REP,221
Glades,2 Ortona Community Center,State House,55,Kaylee Tuck,REP,297
Glades,3 Doyle Conner Bldg,State House,55,Kaylee Tuck,REP,163
Glades,4 Palmdale Community Center,State House,55,Kaylee Tuck,REP,162
Glades,5 Muse Community Center,State House,55,Kaylee Tuck,REP,722
Glades,6 Doyle Conner Bldg,State House,55,Kaylee Tuck,REP,137
Glades,7 Lakeport Community Center,State House,55,Kaylee Tuck,REP,446
Glades,8 BHR Community Center,State House,55,Kaylee Tuck,REP,720
Glades,9 Lakeport Community Center,State House,55,Kaylee Tuck,REP,97
Glades,10 Lakeport Community Center,State House,55,Kaylee Tuck,REP,99
Glades,11 Doyle Conner Bldg,State House,55,Kaylee Tuck,REP,237
Glades,12 Washington Park Comm. ctr.,State House,55,Kaylee Tuck,REP,3
Glades,13 Indian Hills Fire Dept.,State House,55,Kaylee Tuck,REP,445
Glades,1 Doyle Conner Bldg,State House,55,Linda Tripp,DEM,50
Glades,2 Ortona Community Center,State House,55,Linda Tripp,DEM,70
Glades,3 Doyle Conner Bldg,State House,55,Linda Tripp,DEM,72
Glades,4 Palmdale Community Center,State House,55,Linda Tripp,DEM,24
Glades,5 Muse Community Center,State House,55,Linda Tripp,DEM,195
Glades,6 Doyle Conner Bldg,State House,55,Linda Tripp,DEM,247
Glades,7 Lakeport Community Center,State House,55,Linda Tripp,DEM,117
Glades,8 BHR Community Center,State House,55,Linda Tripp,DEM,212
Glades,9 Lakeport Community Center,State House,55,Linda Tripp,DEM,18
Glades,10 Lakeport Community Center,State House,55,Linda Tripp,DEM,65
Glades,11 Doyle Conner Bldg,State House,55,Linda Tripp,DEM,49
Glades,12 Washington Park Comm. ctr.,State House,55,Linda Tripp,DEM,91
Glades,13 Indian Hills Fire Dept.,State House,55,Linda Tripp,DEM,144
Glades,1 Doyle Conner Bldg,State House,55,Write-in,,0
Glades,2 Ortona Community Center,State House,55,Write-in,,0
Glades,3 Doyle Conner Bldg,State House,55,Write-in,,2
Glades,4 Palmdale Community Center,State House,55,Write-in,,0
Glades,5 Muse Community Center,State House,55,Write-in,,0
Glades,6 Doyle Conner Bldg,State House,55,Write-in,,0
Glades,7 Lakeport Community Center,State House,55,Write-in,,1
Glades,8 BHR Community Center,State House,55,Write-in,,0
Glades,9 Lakeport Community Center,State House,55,Write-in,,0
Glades,10 Lakeport Community Center,State House,55,Write-in,,0
Glades,11 Doyle Conner Bldg,State House,55,Write-in,,1
Glades,12 Washington Park Comm. ctr.,State House,55,Write-in,,0
Glades,13 Indian Hills Fire Dept.,State House,55,Write-in,,0
Glades,1 Doyle Conner Bldg,Superintendent of Schools,,Alice ‚ÄúBeth‚Äù Barfield,REP,127
Glades,2 Ortona Community Center,Superintendent of Schools,,Alice ‚ÄúBeth‚Äù Barfield,REP,187
Glades,3 Doyle Conner Bldg,Superintendent of Schools,,Alice ‚ÄúBeth‚Äù Barfield,REP,63
Glades,4 Palmdale Community Center,Superintendent of Schools,,Alice ‚ÄúBeth‚Äù Barfield,REP,126
Glades,5 Muse Community Center,Superintendent of Schools,,Alice ‚ÄúBeth‚Äù Barfield,REP,638
Glades,6 Doyle Conner Bldg,Superintendent of Schools,,Alice ‚ÄúBeth‚Äù Barfield,REP,120
Glades,7 Lakeport Community Center,Superintendent of Schools,,Alice ‚ÄúBeth‚Äù Barfield,REP,311
Glades,8 BHR Community Center,Superintendent of Schools,,Alice ‚ÄúBeth‚Äù Barfield,REP,658
Glades,9 Lakeport Community Center,Superintendent of Schools,,Alice ‚ÄúBeth‚Äù Barfield,REP,85
Glades,10 Lakeport Community Center,Superintendent of Schools,,Alice ‚ÄúBeth‚Äù Barfield,REP,74
Glades,11 Doyle Conner Bldg,Superintendent of Schools,,Alice ‚ÄúBeth‚Äù Barfield,REP,75
Glades,12 Washington Park Comm. ctr.,Superintendent of Schools,,Alice ‚ÄúBeth‚Äù Barfield,REP,21
Glades,13 Indian Hills Fire Dept.,Superintendent of Schools,,Alice ‚ÄúBeth‚Äù Barfield,REP,357
Glades,1 Doyle Conner Bldg,Superintendent of Schools,,Jamie Brown,NPA,145
Glades,2 Ortona Community Center,Superintendent of Schools,,Jamie Brown,NPA,178
Glades,3 Doyle Conner Bldg,Superintendent of Schools,,Jamie Brown,NPA,178
Glades,4 Palmdale Community Center,Superintendent of Schools,,Jamie Brown,NPA,59
Glades,5 Muse Community Center,Superintendent of Schools,,Jamie Brown,NPA,266
Glades,6 Doyle Conner Bldg,Superintendent of Schools,,Jamie Brown,NPA,263
Glades,7 Lakeport Community Center,Superintendent of Schools,,Jamie Brown,NPA,242
Glades,8 BHR Community Center,Superintendent of Schools,,Jamie Brown,NPA,261
Glades,9 Lakeport Community Center,Superintendent of Schools,,Jamie Brown,NPA,29
Glades,10 Lakeport Community Center,Superintendent of Schools,,Jamie Brown,NPA,90
Glades,11 Doyle Conner Bldg,Superintendent of Schools,,Jamie Brown,NPA,212
Glades,12 Washington Park Comm. ctr.,Superintendent of Schools,,Jamie Brown,NPA,77
Glades,13 Indian Hills Fire Dept.,Superintendent of Schools,,Jamie Brown,NPA,230
Glades,1 Doyle Conner Bldg,Supreme Court - Carlos G. Mu√±iz,,Yes,,177
Glades,2 Ortona Community Center,Supreme Court - Carlos G. Mu√±iz,,Yes,,229
Glades,3 Doyle Conner Bldg,Supreme Court - Carlos G. Mu√±iz,,Yes,,140
Glades,4 Palmdale Community Center,Supreme Court - Carlos G. Mu√±iz,,Yes,,116
Glades,5 Muse Community Center,Supreme Court - Carlos G. Mu√±iz,,Yes,,615
Glades,6 Doyle Conner Bldg,Supreme Court - Carlos G. Mu√±iz,,Yes,,244
Glades,7 Lakeport Community Center,Supreme Court - Carlos G. Mu√±iz,,Yes,,370
Glades,8 BHR Community Center,Supreme Court - Carlos G. Mu√±iz,,Yes,,629
Glades,9 Lakeport Community Center,Supreme Court - Carlos G. Mu√±iz,,Yes,,68
Glades,10 Lakeport Community Center,Supreme Court - Carlos G. Mu√±iz,,Yes,,115
Glades,11 Doyle Conner Bldg,Supreme Court - Carlos G. Mu√±iz,,Yes,,184
Glades,12 Washington Park Comm. ctr.,Supreme Court - Carlos G. Mu√±iz,,Yes,,39
Glades,13 Indian Hills Fire Dept.,Supreme Court - Carlos G. Mu√±iz,,Yes,,404
Glades,1 Doyle Conner Bldg,Supreme Court - Carlos G. Mu√±iz,,No,,68
Glades,2 Ortona Community Center,Supreme Court - Carlos G. Mu√±iz,,No,,98
Glades,3 Doyle Conner Bldg,Supreme Court - Carlos G. Mu√±iz,,No,,75
Glades,4 Palmdale Community Center,Supreme Court - Carlos G. Mu√±iz,,No,,51
Glades,5 Muse Community Center,Supreme Court - Carlos G. Mu√±iz,,No,,222
Glades,6 Doyle Conner Bldg,Supreme Court - Carlos G. Mu√±iz,,No,,112
Glades,7 Lakeport Community Center,Supreme Court - Carlos G. Mu√±iz,,No,,138
Glades,8 BHR Community Center,Supreme Court - Carlos G. Mu√±iz,,No,,218
Glades,9 Lakeport Community Center,Supreme Court - Carlos G. Mu√±iz,,No,,35
Glades,10 Lakeport Community Center,Supreme Court - Carlos G. Mu√±iz,,No,,40
Glades,11 Doyle Conner Bldg,Supreme Court - Carlos G. Mu√±iz,,No,,79
Glades,12 Washington Park Comm. ctr.,Supreme Court - Carlos G. Mu√±iz,,No,,54
Glades,13 Indian Hills Fire Dept.,Supreme Court - Carlos G. Mu√±iz,,No,,147
Glades,1 Doyle Conner Bldg,Court of Appeal - Drew Atkinson,,Yes,,186
Glades,2 Ortona Community Center,Court of Appeal - Drew Atkinson,,Yes,,232
Glades,3 Doyle Conner Bldg,Court of Appeal - Drew Atkinson,,Yes,,154
Glades,4 Palmdale Community Center,Court of Appeal - Drew Atkinson,,Yes,,125
Glades,5 Muse Community Center,Court of Appeal - Drew Atkinson,,Yes,,642
Glades,6 Doyle Conner Bldg,Court of Appeal - Drew Atkinson,,Yes,,241
Glades,7 Lakeport Community Center,Court of Appeal - Drew Atkinson,,Yes,,359
Glades,8 BHR Community Center,Court of Appeal - Drew Atkinson,,Yes,,659
Glades,9 Lakeport Community Center,Court of Appeal - Drew Atkinson,,Yes,,73
Glades,10 Lakeport Community Center,Court of Appeal - Drew Atkinson,,Yes,,108
Glades,11 Doyle Conner Bldg,Court of Appeal - Drew Atkinson,,Yes,,181
Glades,12 Washington Park Comm. ctr.,Court of Appeal - Drew Atkinson,,Yes,,46
Glades,13 Indian Hills Fire Dept.,Court of Appeal - Drew Atkinson,,Yes,,409
Glades,1 Doyle Conner Bldg,Court of Appeal - Drew Atkinson,,No,,58
Glades,2 Ortona Community Center,Court of Appeal - Drew Atkinson,,No,,90
Glades,3 Doyle Conner Bldg,Court of Appeal - Drew Atkinson,,No,,60
Glades,4 Palmdale Community Center,Court of Appeal - Drew Atkinson,,No,,44
Glades,5 Muse Community Center,Court of Appeal - Drew Atkinson,,No,,200
Glades,6 Doyle Conner Bldg,Court of Appeal - Drew Atkinson,,No,,112
Glades,7 Lakeport Community Center,Court of Appeal - Drew Atkinson,,No,,139
Glades,8 BHR Community Center,Court of Appeal - Drew Atkinson,,No,,177
Glades,9 Lakeport Community Center,Court of Appeal - Drew Atkinson,,No,,28
Glades,10 Lakeport Community Center,Court of Appeal - Drew Atkinson,,No,,45
Glades,11 Doyle Conner Bldg,Court of Appeal - Drew Atkinson,,No,,77
Glades,12 Washington Park Comm. ctr.,Court of Appeal - Drew Atkinson,,No,,46
Glades,13 Indian Hills Fire Dept.,Court of Appeal - Drew Atkinson,,No,,134
Glades,1 Doyle Conner Bldg,Court of Appeal - Morris Silberman,,Yes,,176
Glades,2 Ortona Community Center,Court of Appeal - Morris Silberman,,Yes,,220
Glades,3 Doyle Conner Bldg,Court of Appeal - Morris Silberman,,Yes,,143
Glades,4 Palmdale Community Center,Court of Appeal - Morris Silberman,,Yes,,108
Glades,5 Muse Community Center,Court of Appeal - Morris Silberman,,Yes,,613
Glades,6 Doyle Conner Bldg,Court of Appeal - Morris Silberman,,Yes,,235
Glades,7 Lakeport Community Center,Court of Appeal - Morris Silberman,,Yes,,343
Glades,8 BHR Community Center,Court of Appeal - Morris Silberman,,Yes,,614
Glades,9 Lakeport Community Center,Court of Appeal - Morris Silberman,,Yes,,67
Glades,10 Lakeport Community Center,Court of Appeal - Morris Silberman,,Yes,,107
Glades,11 Doyle Conner Bldg,Court of Appeal - Morris Silberman,,Yes,,164
Glades,12 Washington Park Comm. ctr.,Court of Appeal - Morris Silberman,,Yes,,46
Glades,13 Indian Hills Fire Dept.,Court of Appeal - Morris Silberman,,Yes,,375
Glades,1 Doyle Conner Bldg,Court of Appeal - Morris Silberman,,No,,65
Glades,2 Ortona Community Center,Court of Appeal - Morris Silberman,,No,,103
Glades,3 Doyle Conner Bldg,Court of Appeal - Morris Silberman,,No,,68
Glades,4 Palmdale Community Center,Court of Appeal - Morris Silberman,,No,,58
Glades,5 Muse Community Center,Court of Appeal - Morris Silberman,,No,,223
Glades,6 Doyle Conner Bldg,Court of Appeal - Morris Silberman,,No,,112
Glades,7 Lakeport Community Center,Court of Appeal - Morris Silberman,,No,,156
Glades,8 BHR Community Center,Court of Appeal - Morris Silberman,,No,,214
Glades,9 Lakeport Community Center,Court of Appeal - Morris Silberman,,No,,36
Glades,10 Lakeport Community Center,Court of Appeal - Morris Silberman,,No,,46
Glades,11 Doyle Conner Bldg,Court of Appeal - Morris Silberman,,No,,93
Glades,12 Washington Park Comm. ctr.,Court of Appeal - Morris Silberman,,No,,45
Glades,13 Indian Hills Fire Dept.,Court of Appeal - Morris Silberman,,No,,162
Glades,1 Doyle Conner Bldg,Court of Appeal - Daniel H. Sleet,,Yes,,181
Glades,2 Ortona Community Center,Court of Appeal - Daniel H. Sleet,,Yes,,229
Glades,3 Doyle Conner Bldg,Court of Appeal - Daniel H. Sleet,,Yes,,149
Glades,4 Palmdale Community Center,Court of Appeal - Daniel H. Sleet,,Yes,,117
Glades,5 Muse Community Center,Court of Appeal - Daniel H. Sleet,,Yes,,644
Glades,6 Doyle Conner Bldg,Court of Appeal - Daniel H. Sleet,,Yes,,228
Glades,7 Lakeport Community Center,Court of Appeal - Daniel H. Sleet,,Yes,,366
Glades,8 BHR Community Center,Court of Appeal - Daniel H. Sleet,,Yes,,627
Glades,9 Lakeport Community Center,Court of Appeal - Daniel H. Sleet,,Yes,,68
Glades,10 Lakeport Community Center,Court of Appeal - Daniel H. Sleet,,Yes,,105
Glades,11 Doyle Conner Bldg,Court of Appeal - Daniel H. Sleet,,Yes,,180
Glades,12 Washington Park Comm. ctr.,Court of Appeal - Daniel H. Sleet,,Yes,,44
Glades,13 Indian Hills Fire Dept.,Court of Appeal - Daniel H. Sleet,,Yes,,404
Glades,1 Doyle Conner Bldg,Court of Appeal - Daniel H. Sleet,,No,,57
Glades,2 Ortona Community Center,Court of Appeal - Daniel H. Sleet,,No,,92
Glades,3 Doyle Conner Bldg,Court of Appeal - Daniel H. Sleet,,No,,62
Glades,4 Palmdale Community Center,Court of Appeal - Daniel H. Sleet,,No,,49
Glades,5 Muse Community Center,Court of Appeal - Daniel H. Sleet,,No,,190
Glades,6 Doyle Conner Bldg,Court of Appeal - Daniel H. Sleet,,No,,120
Glades,7 Lakeport Community Center,Court of Appeal - Daniel H. Sleet,,No,,132
Glades,8 BHR Community Center,Court of Appeal - Daniel H. Sleet,,No,,197
Glades,9 Lakeport Community Center,Court of Appeal - Daniel H. Sleet,,No,,34
Glades,10 Lakeport Community Center,Court of Appeal - Daniel H. Sleet,,No,,48
Glades,11 Doyle Conner Bldg,Court of Appeal - Daniel H. Sleet,,No,,79
Glades,12 Washington Park Comm. ctr.,Court of Appeal - Daniel H. Sleet,,No,,47
Glades,13 Indian Hills Fire Dept.,Court of Appeal - Daniel H. Sleet,,No,,136
Glades,1 Doyle Conner Bldg,Court of Appeal - Andrea Teves Smith,,Yes,,183
Glades,2 Ortona Community Center,Court of Appeal - Andrea Teves Smith,,Yes,,232
Glades,3 Doyle Conner Bldg,Court of Appeal - Andrea Teves Smith,,Yes,,153
Glades,4 Palmdale Community Center,Court of Appeal - Andrea Teves Smith,,Yes,,117
Glades,5 Muse Community Center,Court of Appeal - Andrea Teves Smith,,Yes,,651
Glades,6 Doyle Conner Bldg,Court of Appeal - Andrea Teves Smith,,Yes,,243
Glades,7 Lakeport Community Center,Court of Appeal - Andrea Teves Smith,,Yes,,365
Glades,8 BHR Community Center,Court of Appeal - Andrea Teves Smith,,Yes,,638
Glades,9 Lakeport Community Center,Court of Appeal - Andrea Teves Smith,,Yes,,72
Glades,10 Lakeport Community Center,Court of Appeal - Andrea Teves Smith,,Yes,,115
Glades,11 Doyle Conner Bldg,Court of Appeal - Andrea Teves Smith,,Yes,,185
Glades,12 Washington Park Comm. ctr.,Court of Appeal - Andrea Teves Smith,,Yes,,48
Glades,13 Indian Hills Fire Dept.,Court of Appeal - Andrea Teves Smith,,Yes,,409
Glades,1 Doyle Conner Bldg,Court of Appeal - Andrea Teves Smith,,No,,58
Glades,2 Ortona Community Center,Court of Appeal - Andrea Teves Smith,,No,,88
Glades,3 Doyle Conner Bldg,Court of Appeal - Andrea Teves Smith,,No,,59
Glades,4 Palmdale Community Center,Court of Appeal - Andrea Teves Smith,,No,,48
Glades,5 Muse Community Center,Court of Appeal - Andrea Teves Smith,,No,,188
Glades,6 Doyle Conner Bldg,Court of Appeal - Andrea Teves Smith,,No,,105
Glades,7 Lakeport Community Center,Court of Appeal - Andrea Teves Smith,,No,,128
Glades,8 BHR Community Center,Court of Appeal - Andrea Teves Smith,,No,,188
Glades,9 Lakeport Community Center,Court of Appeal - Andrea Teves Smith,,No,,30
Glades,10 Lakeport Community Center,Court of Appeal - Andrea Teves Smith,,No,,38
Glades,11 Doyle Conner Bldg,Court of Appeal - Andrea Teves Smith,,No,,71
Glades,12 Washington Park Comm. ctr.,Court of Appeal - Andrea Teves Smith,,No,,42
Glades,13 Indian Hills Fire Dept.,Court of Appeal - Andrea Teves Smith,,No,,131
Glades,1 Doyle Conner Bldg,No. 1 Constitutional Amendment,,Yes,,252
Glades,2 Ortona Community Center,No. 1 Constitutional Amendment,,Yes,,342
Glades,3 Doyle Conner Bldg,No. 1 Constitutional Amendment,,Yes,,214
Glades,4 Palmdale Community Center,No. 1 Constitutional Amendment,,Yes,,169
Glades,5 Muse Community Center,No. 1 Constitutional Amendment,,Yes,,833
Glades,6 Doyle Conner Bldg,No. 1 Constitutional Amendment,,Yes,,320
Glades,7 Lakeport Community Center,No. 1 Constitutional Amendment,,Yes,,528
Glades,8 BHR Community Center,No. 1 Constitutional Amendment,,Yes,,831
Glades,9 Lakeport Community Center,No. 1 Constitutional Amendment,,Yes,,109
Glades,10 Lakeport Community Center,No. 1 Constitutional Amendment,,Yes,,154
Glades,11 Doyle Conner Bldg,No. 1 Constitutional Amendment,,Yes,,262
Glades,12 Washington Park Comm. ctr.,No. 1 Constitutional Amendment,,Yes,,79
Glades,13 Indian Hills Fire Dept.,No. 1 Constitutional Amendment,,Yes,,524
Glades,1 Doyle Conner Bldg,No. 1 Constitutional Amendment,,No,,19
Glades,2 Ortona Community Center,No. 1 Constitutional Amendment,,No,,22
Glades,3 Doyle Conner Bldg,No. 1 Constitutional Amendment,,No,,22
Glades,4 Palmdale Community Center,No. 1 Constitutional Amendment,,No,,14
Glades,5 Muse Community Center,No. 1 Constitutional Amendment,,No,,87
Glades,6 Doyle Conner Bldg,No. 1 Constitutional Amendment,,No,,59
Glades,7 Lakeport Community Center,No. 1 Constitutional Amendment,,No,,29
Glades,8 BHR Community Center,No. 1 Constitutional Amendment,,No,,96
Glades,9 Lakeport Community Center,No. 1 Constitutional Amendment,,No,,5
Glades,10 Lakeport Community Center,No. 1 Constitutional Amendment,,No,,13
Glades,11 Doyle Conner Bldg,No. 1 Constitutional Amendment,,No,,26
Glades,12 Washington Park Comm. ctr.,No. 1 Constitutional Amendment,,No,,16
Glades,13 Indian Hills Fire Dept.,No. 1 Constitutional Amendment,,No,,69
Glades,1 Doyle Conner Bldg,No. 2 Constitutional Amendment,,Yes,,104
Glades,2 Ortona Community Center,No. 2 Constitutional Amendment,,Yes,,138
Glades,3 Doyle Conner Bldg,No. 2 Constitutional Amendment,,Yes,,123
Glades,4 Palmdale Community Center,No. 2 Constitutional Amendment,,Yes,,61
Glades,5 Muse Community Center,No. 2 Constitutional Amendment,,Yes,,328
Glades,6 Doyle Conner Bldg,No. 2 Constitutional Amendment,,Yes,,258
Glades,7 Lakeport Community Center,No. 2 Constitutional Amendment,,Yes,,253
Glades,8 BHR Community Center,No. 2 Constitutional Amendment,,Yes,,442
Glades,9 Lakeport Community Center,No. 2 Constitutional Amendment,,Yes,,48
Glades,10 Lakeport Community Center,No. 2 Constitutional Amendment,,Yes,,94
Glades,11 Doyle Conner Bldg,No. 2 Constitutional Amendment,,Yes,,87
Glades,12 Washington Park Comm. ctr.,No. 2 Constitutional Amendment,,Yes,,83
Glades,13 Indian Hills Fire Dept.,No. 2 Constitutional Amendment,,Yes,,221
Glades,1 Doyle Conner Bldg,No. 2 Constitutional Amendment,,No,,169
Glades,2 Ortona Community Center,No. 2 Constitutional Amendment,,No,,230
Glades,3 Doyle Conner Bldg,No. 2 Constitutional Amendment,,No,,113
Glades,4 Palmdale Community Center,No. 2 Constitutional Amendment,,No,,125
Glades,5 Muse Community Center,No. 2 Constitutional Amendment,,No,,594
Glades,6 Doyle Conner Bldg,No. 2 Constitutional Amendment,,No,,122
Glades,7 Lakeport Community Center,No. 2 Constitutional Amendment,,No,,308
Glades,8 BHR Community Center,No. 2 Constitutional Amendment,,No,,484
Glades,9 Lakeport Community Center,No. 2 Constitutional Amendment,,No,,67
Glades,10 Lakeport Community Center,No. 2 Constitutional Amendment,,No,,73
Glades,11 Doyle Conner Bldg,No. 2 Constitutional Amendment,,No,,202
Glades,12 Washington Park Comm. ctr.,No. 2 Constitutional Amendment,,No,,13
Glades,13 Indian Hills Fire Dept.,No. 2 Constitutional Amendment,,No,,373
Glades,1 Doyle Conner Bldg,No. 3 Constitutional Amendment,,Yes,,138
Glades,2 Ortona Community Center,No. 3 Constitutional Amendment,,Yes,,178
Glades,3 Doyle Conner Bldg,No. 3 Constitutional Amendment,,Yes,,152
Glades,4 Palmdale Community Center,No. 3 Constitutional Amendment,,Yes,,98
Glades,5 Muse Community Center,No. 3 Constitutional Amendment,,Yes,,436
Glades,6 Doyle Conner Bldg,No. 3 Constitutional Amendment,,Yes,,235
Glades,7 Lakeport Community Center,No. 3 Constitutional Amendment,,Yes,,310
Glades,8 BHR Community Center,No. 3 Constitutional Amendment,,Yes,,496
Glades,9 Lakeport Community Center,No. 3 Constitutional Amendment,,Yes,,58
Glades,10 Lakeport Community Center,No. 3 Constitutional Amendment,,Yes,,105
Glades,11 Doyle Conner Bldg,No. 3 Constitutional Amendment,,Yes,,131
Glades,12 Washington Park Comm. ctr.,No. 3 Constitutional Amendment,,Yes,,65
Glades,13 Indian Hills Fire Dept.,No. 3 Constitutional Amendment,,Yes,,270
Glades,1 Doyle Conner Bldg,No. 3 Constitutional Amendment,,No,,130
Glades,2 Ortona Community Center,No. 3 Constitutional Amendment,,No,,170
Glades,3 Doyle Conner Bldg,No. 3 Constitutional Amendment,,No,,76
Glades,4 Palmdale Community Center,No. 3 Constitutional Amendment,,No,,82
Glades,5 Muse Community Center,No. 3 Constitutional Amendment,,No,,464
Glades,6 Doyle Conner Bldg,No. 3 Constitutional Amendment,,No,,136
Glades,7 Lakeport Community Center,No. 3 Constitutional Amendment,,No,,233
Glades,8 BHR Community Center,No. 3 Constitutional Amendment,,No,,384
Glades,9 Lakeport Community Center,No. 3 Constitutional Amendment,,No,,51
Glades,10 Lakeport Community Center,No. 3 Constitutional Amendment,,No,,59
Glades,11 Doyle Conner Bldg,No. 3 Constitutional Amendment,,No,,149
Glades,12 Washington Park Comm. ctr.,No. 3 Constitutional Amendment,,No,,29
Glades,13 Indian Hills Fire Dept.,No. 3 Constitutional Amendment,,No,,308
Glades,1 Doyle Conner Bldg,No. 4 Constitutional Amendment,,Yes,,145
Glades,2 Ortona Community Center,No. 4 Constitutional Amendment,,Yes,,186
Glades,3 Doyle Conner Bldg,No. 4 Constitutional Amendment,,Yes,,136
Glades,4 Palmdale Community Center,No. 4 Constitutional Amendment,,Yes,,98
Glades,5 Muse Community Center,No. 4 Constitutional Amendment,,Yes,,450
Glades,6 Doyle Conner Bldg,No. 4 Constitutional Amendment,,Yes,,212
Glades,7 Lakeport Community Center,No. 4 Constitutional Amendment,,Yes,,287
Glades,8 BHR Community Center,No. 4 Constitutional Amendment,,Yes,,426
Glades,9 Lakeport Community Center,No. 4 Constitutional Amendment,,Yes,,51
Glades,10 Lakeport Community Center,No. 4 Constitutional Amendment,,Yes,,95
Glades,11 Doyle Conner Bldg,No. 4 Constitutional Amendment,,Yes,,149
Glades,12 Washington Park Comm. ctr.,No. 4 Constitutional Amendment,,Yes,,51
Glades,13 Indian Hills Fire Dept.,No. 4 Constitutional Amendment,,Yes,,311
Glades,1 Doyle Conner Bldg,No. 4 Constitutional Amendment,,No,,113
Glades,2 Ortona Community Center,No. 4 Constitutional Amendment,,No,,160
Glades,3 Doyle Conner Bldg,No. 4 Constitutional Amendment,,No,,88
Glades,4 Palmdale Community Center,No. 4 Constitutional Amendment,,No,,78
Glades,5 Muse Community Center,No. 4 Constitutional Amendment,,No,,445
Glades,6 Doyle Conner Bldg,No. 4 Constitutional Amendment,,No,,154
Glades,7 Lakeport Community Center,No. 4 Constitutional Amendment,,No,,242
Glades,8 BHR Community Center,No. 4 Constitutional Amendment,,No,,439
Glades,9 Lakeport Community Center,No. 4 Constitutional Amendment,,No,,57
Glades,10 Lakeport Community Center,No. 4 Constitutional Amendment,,No,,66
Glades,11 Doyle Conner Bldg,No. 4 Constitutional Amendment,,No,,123
Glades,12 Washington Park Comm. ctr.,No. 4 Constitutional Amendment,,No,,42
Glades,13 Indian Hills Fire Dept.,No. 4 Constitutional Amendment,,No,,248
Glades,1 Doyle Conner Bldg,No. 5 Constitutional Amendment,,Yes,,185
Glades,2 Ortona Community Center,No. 5 Constitutional Amendment,,Yes,,259
Glades,3 Doyle Conner Bldg,No. 5 Constitutional Amendment,,Yes,,157
Glades,4 Palmdale Community Center,No. 5 Constitutional Amendment,,Yes,,138
Glades,5 Muse Community Center,No. 5 Constitutional Amendment,,Yes,,685
Glades,6 Doyle Conner Bldg,No. 5 Constitutional Amendment,,Yes,,274
Glades,7 Lakeport Community Center,No. 5 Constitutional Amendment,,Yes,,393
Glades,8 BHR Community Center,No. 5 Constitutional Amendment,,Yes,,653
Glades,9 Lakeport Community Center,No. 5 Constitutional Amendment,,Yes,,83
Glades,10 Lakeport Community Center,No. 5 Constitutional Amendment,,Yes,,134
Glades,11 Doyle Conner Bldg,No. 5 Constitutional Amendment,,Yes,,187
Glades,12 Washington Park Comm. ctr.,No. 5 Constitutional Amendment,,Yes,,65
Glades,13 Indian Hills Fire Dept.,No. 5 Constitutional Amendment,,Yes,,408
Glades,1 Doyle Conner Bldg,No. 5 Constitutional Amendment,,No,,76
Glades,2 Ortona Community Center,No. 5 Constitutional Amendment,,No,,93
Glades,3 Doyle Conner Bldg,No. 5 Constitutional Amendment,,No,,67
Glades,4 Palmdale Community Center,No. 5 Constitutional Amendment,,No,,43
Glades,5 Muse Community Center,No. 5 Constitutional Amendment,,No,,204
Glades,6 Doyle Conner Bldg,No. 5 Constitutional Amendment,,No,,92
Glades,7 Lakeport Community Center,No. 5 Constitutional Amendment,,No,,134
Glades,8 BHR Community Center,No. 5 Constitutional Amendment,,No,,216
Glades,9 Lakeport Community Center,No. 5 Constitutional Amendment,,No,,23
Glades,10 Lakeport Community Center,No. 5 Constitutional Amendment,,No,,25
Glades,11 Doyle Conner Bldg,No. 5 Constitutional Amendment,,No,,89
Glades,12 Washington Park Comm. ctr.,No. 5 Constitutional Amendment,,No,,29
Glades,13 Indian Hills Fire Dept.,No. 5 Constitutional Amendment,,No,,155
Glades,1 Doyle Conner Bldg,No. 6 Constitutional Amendment,,Yes,,240
Glades,2 Ortona Community Center,No. 6 Constitutional Amendment,,Yes,,325
Glades,3 Doyle Conner Bldg,No. 6 Constitutional Amendment,,Yes,,211
Glades,4 Palmdale Community Center,No. 6 Constitutional Amendment,,Yes,,165
Glades,5 Muse Community Center,No. 6 Constitutional Amendment,,Yes,,823
Glades,6 Doyle Conner Bldg,No. 6 Constitutional Amendment,,Yes,,326
Glades,7 Lakeport Community Center,No. 6 Constitutional Amendment,,Yes,,516
Glades,8 BHR Community Center,No. 6 Constitutional Amendment,,Yes,,810
Glades,9 Lakeport Community Center,No. 6 Constitutional Amendment,,Yes,,101
Glades,10 Lakeport Community Center,No. 6 Constitutional Amendment,,Yes,,150
Glades,11 Doyle Conner Bldg,No. 6 Constitutional Amendment,,Yes,,250
Glades,12 Washington Park Comm. ctr.,No. 6 Constitutional Amendment,,Yes,,75
Glades,13 Indian Hills Fire Dept.,No. 6 Constitutional Amendment,,Yes,,532
Glades,1 Doyle Conner Bldg,No. 6 Constitutional Amendment,,No,,27
Glades,2 Ortona Community Center,No. 6 Constitutional Amendment,,No,,31
Glades,3 Doyle Conner Bldg,No. 6 Constitutional Amendment,,No,,17
Glades,4 Palmdale Community Center,No. 6 Constitutional Amendment,,No,,17
Glades,5 Muse Community Center,No. 6 Constitutional Amendment,,No,,74
Glades,6 Doyle Conner Bldg,No. 6 Constitutional Amendment,,No,,40
Glades,7 Lakeport Community Center,No. 6 Constitutional Amendment,,No,,29
Glades,8 BHR Community Center,No. 6 Constitutional Amendment,,No,,82
Glades,9 Lakeport Community Center,No. 6 Constitutional Amendment,,No,,9
Glades,10 Lakeport Community Center,No. 6 Constitutional Amendment,,No,,14
Glades,11 Doyle Conner Bldg,No. 6 Constitutional Amendment,,No,,30
Glades,12 Washington Park Comm. ctr.,No. 6 Constitutional Amendment,,No,,14
Glades,13 Indian Hills Fire Dept.,No. 6 Constitutional Amendment,,No,,42
Glades,1 Doyle Conner Bldg,Glades County Schools,,Yes,,188
Glades,2 Ortona Community Center,Glades County Schools,,Yes,,269
Glades,3 Doyle Conner Bldg,Glades County Schools,,Yes,,183
Glades,4 Palmdale Community Center,Glades County Schools,,Yes,,113
Glades,5 Muse Community Center,Glades County Schools,,Yes,,630
Glades,6 Doyle Conner Bldg,Glades County Schools,,Yes,,282
Glades,7 Lakeport Community Center,Glades County Schools,,Yes,,350
Glades,8 BHR Community Center,Glades County Schools,,Yes,,540
Glades,9 Lakeport Community Center,Glades County Schools,,Yes,,77
Glades,10 Lakeport Community Center,Glades County Schools,,Yes,,130
Glades,11 Doyle Conner Bldg,Glades County Schools,,Yes,,200
Glades,12 Washington Park Comm. ctr.,Glades County Schools,,Yes,,80
Glades,13 Indian Hills Fire Dept.,Glades County Schools,,Yes,,399
Glades,1 Doyle Conner Bldg,Glades County Schools,,No,,75
Glades,2 Ortona Community Center,Glades County Schools,,No,,88
Glades,3 Doyle Conner Bldg,Glades County Schools,,No,,47
Glades,4 Palmdale Community Center,Glades County Schools,,No,,61
Glades,5 Muse Community Center,Glades County Schools,,No,,251
Glades,6 Doyle Conner Bldg,Glades County Schools,,No,,92
Glades,7 Lakeport Community Center,Glades County Schools,,No,,179
Glades,8 BHR Community Center,Glades County Schools,,No,,324
Glades,9 Lakeport Community Center,Glades County Schools,,No,,31
Glades,10 Lakeport Community Center,Glades County Schools,,No,,32
Glades,11 Doyle Conner Bldg,Glades County Schools,,No,,79
Glades,12 Washington Park Comm. ctr.,Glades County Schools,,No,,14
Glades,13 Indian Hills Fire Dept.,Glades County Schools,,No,,172
