county,office,district,candidate,party,precinct,provisional,absentee,early_voting,election_day,votes
Gadsden,President,,Donald J. Trump,REP,Pre 1 Centenary United Methodi,0,121,221,132,474
Gadsden,President,,Donald J. Trump,REP,Pre 2 Havana Public Library,0,136,357,88,581
Gadsden,President,,Donald J. Trump,REP,Pre 3 Concordia Baptist Church,0,84,263,142,489
Gadsden,President,,Donald J. Trump,REP,Pre 4 Eugene Lamb Recreation C,0,82,183,72,337
Gadsden,President,,Donald J. Trump,REP,Pre 5 Quincy Recreation Center,0,69,73,40,182
Gadsden,President,,Donald J. Trump,REP,Pre 6 Wetumpka Fire Department,0,98,217,353,668
Gadsden,President,,Donald J. Trump,REP,Pre 7 Union Chapel AME Church,,,,,214
Gadsden,President,,Donald J. Trump,REP,Pre 8 Sycamore Methodist Churc,0,61,112,177,350
Gadsden,President,,Donald J. Trump,REP,Pre 9 Chattahoochee Recreation,0,128,279,103,510
Gadsden,President,,Donald J. Trump,REP,Pre 10 Mt. Pleasant Fire Depar,,,,,136
Gadsden,President,,Donald J. Trump,REP,Pre 11 Gretna Town Hall,0,60,88,67,215
Gadsden,President,,Donald J. Trump,REP,Pre 12 Greensboro Town Hall,,,,,324
Gadsden,President,,Donald J. Trump,REP,Pre 13 FAMU Research Center,,,,,62
Gadsden,President,,Donald J. Trump,REP,Pre 14 Shiloh Church,0,52,192,95,339
Gadsden,President,,Donald J. Trump,REP,Pre 15 St. James Baptist Churc,0,129,324,227,680
Gadsden,President,,Donald J. Trump,REP,Pre 16 National Guard Armory,,,,,133
Gadsden,President,,Donald J. Trump,REP,Pre 17 New Bethel AME Church,,,,,49
Gadsden,President,,Donald J. Trump,REP,Pre 18 St. Matthew Primitive B,,,,,158
Gadsden,President,,Donald J. Trump,REP,Pre 19 Hopewell Church,0,130,341,104,575
Gadsden,President,,Donald J. Trump,REP,Pre 20 Assembly of God,0,88,250,96,434
Gadsden,President,,Donald J. Trump,REP,Pre 21 Green Shade AME Church,0,32,77,52,161
Gadsden,President,,Donald J. Trump,REP,Pre 22 Second Elizabeth Church,,,,,130
Gadsden,President,,Donald J. Trump,REP,Pre 23 New Direction Christian,0,51,78,53,182
Gadsden,President,,Donald J. Trump,REP,Pre 24 St. Joseph Missionary B,,,,,11
Gadsden,President,,Donald J. Trump,REP,Pre 25 Elizabeth AME Church,,,,,71
Gadsden,President,,Joseph R. Biden,DEM,Pre 1 Centenary United Methodi,0,293,293,93,679
Gadsden,President,,Joseph R. Biden,DEM,Pre 2 Havana Public Library,0,515,579,190,1284
Gadsden,President,,Joseph R. Biden,DEM,Pre 3 Concordia Baptist Church,0,145,159,68,372
Gadsden,President,,Joseph R. Biden,DEM,Pre 4 Eugene Lamb Recreation C,,,,,2011
Gadsden,President,,Joseph R. Biden,DEM,Pre 5 Quincy Recreation Center,0,809,795,328,1932
Gadsden,President,,Joseph R. Biden,DEM,Pre 6 Wetumpka Fire Department,0,139,105,100,344
Gadsden,President,,Joseph R. Biden,DEM,Pre 7 Union Chapel AME Church,0,211,171,162,544
Gadsden,President,,Joseph R. Biden,DEM,Pre 8 Sycamore Methodist Churc,0,58,67,54,179
Gadsden,President,,Joseph R. Biden,DEM,Pre 9 Chattahoochee Recreation,0,281,338,138,757
Gadsden,President,,Joseph R. Biden,DEM,Pre 10 Mt. Pleasant Fire Depar,0,76,96,105,277
Gadsden,President,,Joseph R. Biden,DEM,Pre 11 Gretna Town Hall,0,359,383,255,997
Gadsden,President,,Joseph R. Biden,DEM,Pre 12 Greensboro Town Hall,0,98,82,113,293
Gadsden,President,,Joseph R. Biden,DEM,Pre 13 FAMU Research Center,,,,,1060
Gadsden,President,,Joseph R. Biden,DEM,Pre 14 Shiloh Church,0,147,191,92,430
Gadsden,President,,Joseph R. Biden,DEM,Pre 15 St. James Baptist Churc,0,157,131,50,338
Gadsden,President,,Joseph R. Biden,DEM,Pre 16 National Guard Armory,,,,,682
Gadsden,President,,Joseph R. Biden,DEM,Pre 17 New Bethel AME Church,,,,,782
Gadsden,President,,Joseph R. Biden,DEM,Pre 18 St. Matthew Primitive B,,,,,646
Gadsden,President,,Joseph R. Biden,DEM,Pre 19 Hopewell Church,0,222,240,70,532
Gadsden,President,,Joseph R. Biden,DEM,Pre 20 Assembly of God,,,,,403
Gadsden,President,,Joseph R. Biden,DEM,Pre 21 Green Shade AME Church,0,108,89,60,257
Gadsden,President,,Joseph R. Biden,DEM,Pre 22 Second Elizabeth Church,,,,,404
Gadsden,President,,Joseph R. Biden,DEM,Pre 23 New Direction Christian,0,127,160,90,377
Gadsden,President,,Joseph R. Biden,DEM,Pre 24 St. Joseph Missionary B,0,109,113,123,345
Gadsden,President,,Joseph R. Biden,DEM,Pre 25 Elizabeth AME Church,0,81,90,57,228
Gadsden,President,,Jo Jorgensen,LPF,Pre 1 Centenary United Methodi,,,,,3
Gadsden,President,,Jo Jorgensen,LPF,Pre 2 Havana Public Library,,,,,8
Gadsden,President,,Jo Jorgensen,LPF,Pre 3 Concordia Baptist Church,,,,,10
Gadsden,President,,Jo Jorgensen,LPF,Pre 4 Eugene Lamb Recreation C,,,,,8
Gadsden,President,,Jo Jorgensen,LPF,Pre 5 Quincy Recreation Center,,,,,4
Gadsden,President,,Jo Jorgensen,LPF,Pre 6 Wetumpka Fire Department,,,,,8
Gadsden,President,,Jo Jorgensen,LPF,Pre 7 Union Chapel AME Church,,,,,2
Gadsden,President,,Jo Jorgensen,LPF,Pre 8 Sycamore Methodist Churc,0,0,0,0,0
Gadsden,President,,Jo Jorgensen,LPF,Pre 9 Chattahoochee Recreation,,,,,6
Gadsden,President,,Jo Jorgensen,LPF,Pre 10 Mt. Pleasant Fire Depar,,,,,4
Gadsden,President,,Jo Jorgensen,LPF,Pre 11 Gretna Town Hall,,,,,6
Gadsden,President,,Jo Jorgensen,LPF,Pre 12 Greensboro Town Hall,,,,,7
Gadsden,President,,Jo Jorgensen,LPF,Pre 13 FAMU Research Center,,,,,2
Gadsden,President,,Jo Jorgensen,LPF,Pre 14 Shiloh Church,,,,,8
Gadsden,President,,Jo Jorgensen,LPF,Pre 15 St. James Baptist Churc,,,,,3
Gadsden,President,,Jo Jorgensen,LPF,Pre 16 National Guard Armory,,,,,3
Gadsden,President,,Jo Jorgensen,LPF,Pre 17 New Bethel AME Church,0,0,0,0,0
Gadsden,President,,Jo Jorgensen,LPF,Pre 18 St. Matthew Primitive B,,,,,3
Gadsden,President,,Jo Jorgensen,LPF,Pre 19 Hopewell Church,,,,,3
Gadsden,President,,Jo Jorgensen,LPF,Pre 20 Assembly of God,,,,,2
Gadsden,President,,Jo Jorgensen,LPF,Pre 21 Green Shade AME Church,,,,,3
Gadsden,President,,Jo Jorgensen,LPF,Pre 22 Second Elizabeth Church,0,0,0,0,0
Gadsden,President,,Jo Jorgensen,LPF,Pre 23 New Direction Christian,,,,,2
Gadsden,President,,Jo Jorgensen,LPF,Pre 24 St. Joseph Missionary B,0,0,0,0,0
Gadsden,President,,Jo Jorgensen,LPF,Pre 25 Elizabeth AME Church,,,,,1
Gadsden,President,,"Roque ""Rocky"" De La Fuente",REF,Pre 1 Centenary United Methodi,0,0,0,0,0
Gadsden,President,,"Roque ""Rocky"" De La Fuente",REF,Pre 2 Havana Public Library,,,,,1
Gadsden,President,,"Roque ""Rocky"" De La Fuente",REF,Pre 3 Concordia Baptist Church,0,0,0,0,0
Gadsden,President,,"Roque ""Rocky"" De La Fuente",REF,Pre 4 Eugene Lamb Recreation C,,,,,2
Gadsden,President,,"Roque ""Rocky"" De La Fuente",REF,Pre 5 Quincy Recreation Center,0,0,0,0,0
Gadsden,President,,"Roque ""Rocky"" De La Fuente",REF,Pre 6 Wetumpka Fire Department,,,,,1
Gadsden,President,,"Roque ""Rocky"" De La Fuente",REF,Pre 7 Union Chapel AME Church,,,,,2
Gadsden,President,,"Roque ""Rocky"" De La Fuente",REF,Pre 8 Sycamore Methodist Churc,0,0,0,0,0
Gadsden,President,,"Roque ""Rocky"" De La Fuente",REF,Pre 9 Chattahoochee Recreation,0,0,0,0,0
Gadsden,President,,"Roque ""Rocky"" De La Fuente",REF,Pre 10 Mt. Pleasant Fire Depar,0,0,0,0,0
Gadsden,President,,"Roque ""Rocky"" De La Fuente",REF,Pre 11 Gretna Town Hall,0,0,0,0,0
Gadsden,President,,"Roque ""Rocky"" De La Fuente",REF,Pre 12 Greensboro Town Hall,0,0,0,0,0
Gadsden,President,,"Roque ""Rocky"" De La Fuente",REF,Pre 13 FAMU Research Center,0,0,0,0,0
Gadsden,President,,"Roque ""Rocky"" De La Fuente",REF,Pre 14 Shiloh Church,,,,,1
Gadsden,President,,"Roque ""Rocky"" De La Fuente",REF,Pre 15 St. James Baptist Churc,0,0,0,0,0
Gadsden,President,,"Roque ""Rocky"" De La Fuente",REF,Pre 16 National Guard Armory,,,,,1
Gadsden,President,,"Roque ""Rocky"" De La Fuente",REF,Pre 17 New Bethel AME Church,0,0,0,0,0
Gadsden,President,,"Roque ""Rocky"" De La Fuente",REF,Pre 18 St. Matthew Primitive B,0,0,0,0,0
Gadsden,President,,"Roque ""Rocky"" De La Fuente",REF,Pre 19 Hopewell Church,0,0,0,0,0
Gadsden,President,,"Roque ""Rocky"" De La Fuente",REF,Pre 20 Assembly of God,0,0,0,0,0
Gadsden,President,,"Roque ""Rocky"" De La Fuente",REF,Pre 21 Green Shade AME Church,0,0,0,0,0
Gadsden,President,,"Roque ""Rocky"" De La Fuente",REF,Pre 22 Second Elizabeth Church,0,0,0,0,0
Gadsden,President,,"Roque ""Rocky"" De La Fuente",REF,Pre 23 New Direction Christian,0,0,0,0,0
Gadsden,President,,"Roque ""Rocky"" De La Fuente",REF,Pre 24 St. Joseph Missionary B,0,0,0,0,0
Gadsden,President,,"Roque ""Rocky"" De La Fuente",REF,Pre 25 Elizabeth AME Church,0,0,0,0,0
Gadsden,President,,Gloria La Riva,PSL,Pre 1 Centenary United Methodi,0,0,0,0,0
Gadsden,President,,Gloria La Riva,PSL,Pre 2 Havana Public Library,0,0,0,0,0
Gadsden,President,,Gloria La Riva,PSL,Pre 3 Concordia Baptist Church,0,0,0,0,0
Gadsden,President,,Gloria La Riva,PSL,Pre 4 Eugene Lamb Recreation C,0,0,0,0,0
Gadsden,President,,Gloria La Riva,PSL,Pre 5 Quincy Recreation Center,,,,,3
Gadsden,President,,Gloria La Riva,PSL,Pre 6 Wetumpka Fire Department,0,0,0,0,0
Gadsden,President,,Gloria La Riva,PSL,Pre 7 Union Chapel AME Church,,,,,1
Gadsden,President,,Gloria La Riva,PSL,Pre 8 Sycamore Methodist Churc,,,,,1
Gadsden,President,,Gloria La Riva,PSL,Pre 9 Chattahoochee Recreation,,,,,1
Gadsden,President,,Gloria La Riva,PSL,Pre 10 Mt. Pleasant Fire Depar,0,0,0,0,0
Gadsden,President,,Gloria La Riva,PSL,Pre 11 Gretna Town Hall,,,,,1
Gadsden,President,,Gloria La Riva,PSL,Pre 12 Greensboro Town Hall,0,0,0,0,0
Gadsden,President,,Gloria La Riva,PSL,Pre 13 FAMU Research Center,0,0,0,0,0
Gadsden,President,,Gloria La Riva,PSL,Pre 14 Shiloh Church,0,0,0,0,0
Gadsden,President,,Gloria La Riva,PSL,Pre 15 St. James Baptist Churc,0,0,0,0,0
Gadsden,President,,Gloria La Riva,PSL,Pre 16 National Guard Armory,0,0,0,0,0
Gadsden,President,,Gloria La Riva,PSL,Pre 17 New Bethel AME Church,0,0,0,0,0
Gadsden,President,,Gloria La Riva,PSL,Pre 18 St. Matthew Primitive B,0,0,0,0,0
Gadsden,President,,Gloria La Riva,PSL,Pre 19 Hopewell Church,0,0,0,0,0
Gadsden,President,,Gloria La Riva,PSL,Pre 20 Assembly of God,0,0,0,0,0
Gadsden,President,,Gloria La Riva,PSL,Pre 21 Green Shade AME Church,0,0,0,0,0
Gadsden,President,,Gloria La Riva,PSL,Pre 22 Second Elizabeth Church,0,0,0,0,0
Gadsden,President,,Gloria La Riva,PSL,Pre 23 New Direction Christian,,,,,2
Gadsden,President,,Gloria La Riva,PSL,Pre 24 St. Joseph Missionary B,,,,,1
Gadsden,President,,Gloria La Riva,PSL,Pre 25 Elizabeth AME Church,0,0,0,0,0
Gadsden,President,,Howie Hawkins,GRE,Pre 1 Centenary United Methodi,,,,,3
Gadsden,President,,Howie Hawkins,GRE,Pre 2 Havana Public Library,0,0,0,0,0
Gadsden,President,,Howie Hawkins,GRE,Pre 3 Concordia Baptist Church,0,0,0,0,0
Gadsden,President,,Howie Hawkins,GRE,Pre 4 Eugene Lamb Recreation C,,,,,1
Gadsden,President,,Howie Hawkins,GRE,Pre 5 Quincy Recreation Center,,,,,1
Gadsden,President,,Howie Hawkins,GRE,Pre 6 Wetumpka Fire Department,,,,,2
Gadsden,President,,Howie Hawkins,GRE,Pre 7 Union Chapel AME Church,,,,,2
Gadsden,President,,Howie Hawkins,GRE,Pre 8 Sycamore Methodist Churc,,,,,1
Gadsden,President,,Howie Hawkins,GRE,Pre 9 Chattahoochee Recreation,,,,,1
Gadsden,President,,Howie Hawkins,GRE,Pre 10 Mt. Pleasant Fire Depar,0,0,0,0,0
Gadsden,President,,Howie Hawkins,GRE,Pre 11 Gretna Town Hall,,,,,2
Gadsden,President,,Howie Hawkins,GRE,Pre 12 Greensboro Town Hall,0,0,0,0,0
Gadsden,President,,Howie Hawkins,GRE,Pre 13 FAMU Research Center,,,,,1
Gadsden,President,,Howie Hawkins,GRE,Pre 14 Shiloh Church,0,0,0,0,0
Gadsden,President,,Howie Hawkins,GRE,Pre 15 St. James Baptist Churc,,,,,2
Gadsden,President,,Howie Hawkins,GRE,Pre 16 National Guard Armory,,,,,2
Gadsden,President,,Howie Hawkins,GRE,Pre 17 New Bethel AME Church,0,0,0,0,0
Gadsden,President,,Howie Hawkins,GRE,Pre 18 St. Matthew Primitive B,0,0,0,0,0
Gadsden,President,,Howie Hawkins,GRE,Pre 19 Hopewell Church,,,,,2
Gadsden,President,,Howie Hawkins,GRE,Pre 20 Assembly of God,0,0,0,0,0
Gadsden,President,,Howie Hawkins,GRE,Pre 21 Green Shade AME Church,,,,,1
Gadsden,President,,Howie Hawkins,GRE,Pre 22 Second Elizabeth Church,0,0,0,0,0
Gadsden,President,,Howie Hawkins,GRE,Pre 23 New Direction Christian,0,0,0,0,0
Gadsden,President,,Howie Hawkins,GRE,Pre 24 St. Joseph Missionary B,0,0,0,0,0
Gadsden,President,,Howie Hawkins,GRE,Pre 25 Elizabeth AME Church,0,0,0,0,0
Gadsden,President,,Don Blankenship,CPF,Pre 1 Centenary United Methodi,,,,,4
Gadsden,President,,Don Blankenship,CPF,Pre 2 Havana Public Library,,,,,3
Gadsden,President,,Don Blankenship,CPF,Pre 3 Concordia Baptist Church,0,0,0,0,0
Gadsden,President,,Don Blankenship,CPF,Pre 4 Eugene Lamb Recreation C,0,0,0,0,0
Gadsden,President,,Don Blankenship,CPF,Pre 5 Quincy Recreation Center,0,0,0,0,0
Gadsden,President,,Don Blankenship,CPF,Pre 6 Wetumpka Fire Department,,,,,1
Gadsden,President,,Don Blankenship,CPF,Pre 7 Union Chapel AME Church,0,0,0,0,0
Gadsden,President,,Don Blankenship,CPF,Pre 8 Sycamore Methodist Churc,0,0,0,0,0
Gadsden,President,,Don Blankenship,CPF,Pre 9 Chattahoochee Recreation,0,0,0,0,0
Gadsden,President,,Don Blankenship,CPF,Pre 10 Mt. Pleasant Fire Depar,0,0,0,0,0
Gadsden,President,,Don Blankenship,CPF,Pre 11 Gretna Town Hall,0,0,0,0,0
Gadsden,President,,Don Blankenship,CPF,Pre 12 Greensboro Town Hall,0,0,0,0,0
Gadsden,President,,Don Blankenship,CPF,Pre 13 FAMU Research Center,,,,,1
Gadsden,President,,Don Blankenship,CPF,Pre 14 Shiloh Church,0,0,0,0,0
Gadsden,President,,Don Blankenship,CPF,Pre 15 St. James Baptist Churc,0,0,0,0,0
Gadsden,President,,Don Blankenship,CPF,Pre 16 National Guard Armory,0,0,0,0,0
Gadsden,President,,Don Blankenship,CPF,Pre 17 New Bethel AME Church,0,0,0,0,0
Gadsden,President,,Don Blankenship,CPF,Pre 18 St. Matthew Primitive B,0,0,0,0,0
Gadsden,President,,Don Blankenship,CPF,Pre 19 Hopewell Church,0,0,0,0,0
Gadsden,President,,Don Blankenship,CPF,Pre 20 Assembly of God,0,0,0,0,0
Gadsden,President,,Don Blankenship,CPF,Pre 21 Green Shade AME Church,0,0,0,0,0
Gadsden,President,,Don Blankenship,CPF,Pre 22 Second Elizabeth Church,0,0,0,0,0
Gadsden,President,,Don Blankenship,CPF,Pre 23 New Direction Christian,0,0,0,0,0
Gadsden,President,,Don Blankenship,CPF,Pre 24 St. Joseph Missionary B,0,0,0,0,0
Gadsden,President,,Don Blankenship,CPF,Pre 25 Elizabeth AME Church,0,0,0,0,0
Gadsden,President,,WRITE-IN,NON,Pre 1 Centenary United Methodi,0,0,0,0,0
Gadsden,President,,WRITE-IN,NON,Pre 2 Havana Public Library,0,0,0,0,0
Gadsden,President,,WRITE-IN,NON,Pre 3 Concordia Baptist Church,0,0,0,0,0
Gadsden,President,,WRITE-IN,NON,Pre 4 Eugene Lamb Recreation C,0,0,0,0,0
Gadsden,President,,WRITE-IN,NON,Pre 5 Quincy Recreation Center,0,0,0,0,0
Gadsden,President,,WRITE-IN,NON,Pre 6 Wetumpka Fire Department,0,0,0,0,0
Gadsden,President,,WRITE-IN,NON,Pre 7 Union Chapel AME Church,0,0,0,0,0
Gadsden,President,,WRITE-IN,NON,Pre 8 Sycamore Methodist Churc,0,0,0,0,0
Gadsden,President,,WRITE-IN,NON,Pre 9 Chattahoochee Recreation,0,0,0,0,0
Gadsden,President,,WRITE-IN,NON,Pre 10 Mt. Pleasant Fire Depar,0,0,0,0,0
Gadsden,President,,WRITE-IN,NON,Pre 11 Gretna Town Hall,0,0,0,0,0
Gadsden,President,,WRITE-IN,NON,Pre 12 Greensboro Town Hall,0,0,0,0,0
Gadsden,President,,WRITE-IN,NON,Pre 13 FAMU Research Center,0,0,0,0,0
Gadsden,President,,WRITE-IN,NON,Pre 14 Shiloh Church,0,0,0,0,0
Gadsden,President,,WRITE-IN,NON,Pre 15 St. James Baptist Churc,0,0,0,0,0
Gadsden,President,,WRITE-IN,NON,Pre 16 National Guard Armory,0,0,0,0,0
Gadsden,President,,WRITE-IN,NON,Pre 17 New Bethel AME Church,0,0,0,0,0
Gadsden,President,,WRITE-IN,NON,Pre 18 St. Matthew Primitive B,0,0,0,0,0
Gadsden,President,,WRITE-IN,NON,Pre 19 Hopewell Church,0,0,0,0,0
Gadsden,President,,WRITE-IN,NON,Pre 20 Assembly of God,0,0,0,0,0
Gadsden,President,,WRITE-IN,NON,Pre 21 Green Shade AME Church,0,0,0,0,0
Gadsden,President,,WRITE-IN,NON,Pre 22 Second Elizabeth Church,0,0,0,0,0
Gadsden,President,,WRITE-IN,NON,Pre 23 New Direction Christian,0,0,0,0,0
Gadsden,President,,WRITE-IN,NON,Pre 24 St. Joseph Missionary B,0,0,0,0,0
Gadsden,President,,WRITE-IN,NON,Pre 25 Elizabeth AME Church,0,0,0,0,0
Gadsden,U.S. House,5,Gary Adler,REP,Pre 1 Centenary United Methodi,0,99,199,117,415
Gadsden,U.S. House,5,Gary Adler,REP,Pre 2 Havana Public Library,0,115,341,87,543
Gadsden,U.S. House,5,Gary Adler,REP,Pre 3 Concordia Baptist Church,0,86,244,139,469
Gadsden,U.S. House,5,Gary Adler,REP,Pre 4 Eugene Lamb Recreation C,0,79,179,62,320
Gadsden,U.S. House,5,Gary Adler,REP,Pre 5 Quincy Recreation Center,0,62,59,36,157
Gadsden,U.S. House,5,Gary Adler,REP,Pre 6 Wetumpka Fire Department,0,99,198,318,615
Gadsden,U.S. House,5,Gary Adler,REP,Pre 7 Union Chapel AME Church,,,,,198
Gadsden,U.S. House,5,Gary Adler,REP,Pre 8 Sycamore Methodist Churc,0,56,105,160,321
Gadsden,U.S. House,5,Gary Adler,REP,Pre 9 Chattahoochee Recreation,0,108,256,90,454
Gadsden,U.S. House,5,Gary Adler,REP,Pre 10 Mt. Pleasant Fire Depar,,,,,124
Gadsden,U.S. House,5,Gary Adler,REP,Pre 11 Gretna Town Hall,0,53,77,60,190
Gadsden,U.S. House,5,Gary Adler,REP,Pre 12 Greensboro Town Hall,,,,,279
Gadsden,U.S. House,5,Gary Adler,REP,Pre 13 FAMU Research Center,,,,,59
Gadsden,U.S. House,5,Gary Adler,REP,Pre 14 Shiloh Church,0,44,184,90,318
Gadsden,U.S. House,5,Gary Adler,REP,Pre 15 St. James Baptist Churc,0,121,314,218,653
Gadsden,U.S. House,5,Gary Adler,REP,Pre 16 National Guard Armory,,,,,115
Gadsden,U.S. House,5,Gary Adler,REP,Pre 17 New Bethel AME Church,,,,,48
Gadsden,U.S. House,5,Gary Adler,REP,Pre 18 St. Matthew Primitive B,,,,,146
Gadsden,U.S. House,5,Gary Adler,REP,Pre 19 Hopewell Church,0,127,326,101,554
Gadsden,U.S. House,5,Gary Adler,REP,Pre 20 Assembly of God,0,75,237,92,404
Gadsden,U.S. House,5,Gary Adler,REP,Pre 21 Green Shade AME Church,0,30,75,53,158
Gadsden,U.S. House,5,Gary Adler,REP,Pre 22 Second Elizabeth Church,,,,,109
Gadsden,U.S. House,5,Gary Adler,REP,Pre 23 New Direction Christian,0,43,67,45,155
Gadsden,U.S. House,5,Gary Adler,REP,Pre 24 St. Joseph Missionary B,,,,,8
Gadsden,U.S. House,5,Gary Adler,REP,Pre 25 Elizabeth AME Church,,,,,63
Gadsden,U.S. House,5,Al Lawson,DEM,Pre 1 Centenary United Methodi,0,325,319,115,759
Gadsden,U.S. House,5,Al Lawson,DEM,Pre 2 Havana Public Library,0,542,594,191,1327
Gadsden,U.S. House,5,Al Lawson,DEM,Pre 3 Concordia Baptist Church,0,146,173,73,392
Gadsden,U.S. House,5,Al Lawson,DEM,Pre 4 Eugene Lamb Recreation C,,,,,2034
Gadsden,U.S. House,5,Al Lawson,DEM,Pre 5 Quincy Recreation Center,0,825,811,334,1970
Gadsden,U.S. House,5,Al Lawson,DEM,Pre 6 Wetumpka Fire Department,0,142,119,138,399
Gadsden,U.S. House,5,Al Lawson,DEM,Pre 7 Union Chapel AME Church,0,211,184,166,561
Gadsden,U.S. House,5,Al Lawson,DEM,Pre 8 Sycamore Methodist Churc,0,66,72,74,212
Gadsden,U.S. House,5,Al Lawson,DEM,Pre 9 Chattahoochee Recreation,0,301,359,153,813
Gadsden,U.S. House,5,Al Lawson,DEM,Pre 10 Mt. Pleasant Fire Depar,0,83,95,111,289
Gadsden,U.S. House,5,Al Lawson,DEM,Pre 11 Gretna Town Hall,0,363,393,268,1024
Gadsden,U.S. House,5,Al Lawson,DEM,Pre 12 Greensboro Town Hall,0,108,88,138,334
Gadsden,U.S. House,5,Al Lawson,DEM,Pre 13 FAMU Research Center,,,,,1064
Gadsden,U.S. House,5,Al Lawson,DEM,Pre 14 Shiloh Church,0,156,193,101,450
Gadsden,U.S. House,5,Al Lawson,DEM,Pre 15 St. James Baptist Churc,0,158,141,58,357
Gadsden,U.S. House,5,Al Lawson,DEM,Pre 16 National Guard Armory,,,,,705
Gadsden,U.S. House,5,Al Lawson,DEM,Pre 17 New Bethel AME Church,,,,,789
Gadsden,U.S. House,5,Al Lawson,DEM,Pre 18 St. Matthew Primitive B,,,,,656
Gadsden,U.S. House,5,Al Lawson,DEM,Pre 19 Hopewell Church,0,220,252,73,545
Gadsden,U.S. House,5,Al Lawson,DEM,Pre 20 Assembly of God,,,,,432
Gadsden,U.S. House,5,Al Lawson,DEM,Pre 21 Green Shade AME Church,0,113,93,60,266
Gadsden,U.S. House,5,Al Lawson,DEM,Pre 22 Second Elizabeth Church,,,,,424
Gadsden,U.S. House,5,Al Lawson,DEM,Pre 23 New Direction Christian,0,137,168,92,397
Gadsden,U.S. House,5,Al Lawson,DEM,Pre 24 St. Joseph Missionary B,0,112,114,121,347
Gadsden,U.S. House,5,Al Lawson,DEM,Pre 25 Elizabeth AME Church,0,88,90,59,237
Gadsden,State Senate,3,Marva Harris Preston,REP,Pre 1 Centenary United Methodi,0,126,218,133,477
Gadsden,State Senate,3,Marva Harris Preston,REP,Pre 2 Havana Public Library,0,154,372,97,623
Gadsden,State Senate,3,Marva Harris Preston,REP,Pre 3 Concordia Baptist Church,0,85,257,142,484
Gadsden,State Senate,3,Marva Harris Preston,REP,Pre 4 Eugene Lamb Recreation C,0,101,227,81,409
Gadsden,State Senate,3,Marva Harris Preston,REP,Pre 5 Quincy Recreation Center,0,97,114,60,271
Gadsden,State Senate,3,Marva Harris Preston,REP,Pre 6 Wetumpka Fire Department,0,100,213,343,656
Gadsden,State Senate,3,Marva Harris Preston,REP,Pre 7 Union Chapel AME Church,,,,,229
Gadsden,State Senate,3,Marva Harris Preston,REP,Pre 8 Sycamore Methodist Churc,0,60,112,171,343
Gadsden,State Senate,3,Marva Harris Preston,REP,Pre 9 Chattahoochee Recreation,0,139,279,112,530
Gadsden,State Senate,3,Marva Harris Preston,REP,Pre 10 Mt. Pleasant Fire Depar,0,31,52,62,145
Gadsden,State Senate,3,Marva Harris Preston,REP,Pre 11 Gretna Town Hall,0,64,94,80,238
Gadsden,State Senate,3,Marva Harris Preston,REP,Pre 12 Greensboro Town Hall,,,,,313
Gadsden,State Senate,3,Marva Harris Preston,REP,Pre 13 FAMU Research Center,,,,,110
Gadsden,State Senate,3,Marva Harris Preston,REP,Pre 14 Shiloh Church,0,50,195,104,349
Gadsden,State Senate,3,Marva Harris Preston,REP,Pre 15 St. James Baptist Churc,0,122,319,224,665
Gadsden,State Senate,3,Marva Harris Preston,REP,Pre 16 National Guard Armory,0,34,69,59,162
Gadsden,State Senate,3,Marva Harris Preston,REP,Pre 17 New Bethel AME Church,,,,,83
Gadsden,State Senate,3,Marva Harris Preston,REP,Pre 18 St. Matthew Primitive B,0,31,83,54,168
Gadsden,State Senate,3,Marva Harris Preston,REP,Pre 19 Hopewell Church,0,131,344,114,589
Gadsden,State Senate,3,Marva Harris Preston,REP,Pre 20 Assembly of God,,,,,424
Gadsden,State Senate,3,Marva Harris Preston,REP,Pre 21 Green Shade AME Church,0,37,77,59,173
Gadsden,State Senate,3,Marva Harris Preston,REP,Pre 22 Second Elizabeth Church,0,32,54,43,129
Gadsden,State Senate,3,Marva Harris Preston,REP,Pre 23 New Direction Christian,0,50,84,52,186
Gadsden,State Senate,3,Marva Harris Preston,REP,Pre 24 St. Joseph Missionary B,,,,,23
Gadsden,State Senate,3,Marva Harris Preston,REP,Pre 25 Elizabeth AME Church,,,,,76
Gadsden,State Senate,3,Loranne Ausley,DEM,Pre 1 Centenary United Methodi,0,290,284,98,672
Gadsden,State Senate,3,Loranne Ausley,DEM,Pre 2 Havana Public Library,0,484,551,176,1211
Gadsden,State Senate,3,Loranne Ausley,DEM,Pre 3 Concordia Baptist Church,0,146,159,68,373
Gadsden,State Senate,3,Loranne Ausley,DEM,Pre 4 Eugene Lamb Recreation C,,,,,1907
Gadsden,State Senate,3,Loranne Ausley,DEM,Pre 5 Quincy Recreation Center,0,754,716,301,1771
Gadsden,State Senate,3,Loranne Ausley,DEM,Pre 6 Wetumpka Fire Department,0,137,98,103,338
Gadsden,State Senate,3,Loranne Ausley,DEM,Pre 7 Union Chapel AME Church,0,204,165,143,512
Gadsden,State Senate,3,Loranne Ausley,DEM,Pre 8 Sycamore Methodist Churc,0,60,63,56,179
Gadsden,State Senate,3,Loranne Ausley,DEM,Pre 9 Chattahoochee Recreation,0,267,313,127,707
Gadsden,State Senate,3,Loranne Ausley,DEM,Pre 10 Mt. Pleasant Fire Depar,0,68,91,103,262
Gadsden,State Senate,3,Loranne Ausley,DEM,Pre 11 Gretna Town Hall,0,336,356,245,937
Gadsden,State Senate,3,Loranne Ausley,DEM,Pre 12 Greensboro Town Hall,0,96,80,110,286
Gadsden,State Senate,3,Loranne Ausley,DEM,Pre 13 FAMU Research Center,,,,,985
Gadsden,State Senate,3,Loranne Ausley,DEM,Pre 14 Shiloh Church,0,149,181,87,417
Gadsden,State Senate,3,Loranne Ausley,DEM,Pre 15 St. James Baptist Churc,0,152,125,50,327
Gadsden,State Senate,3,Loranne Ausley,DEM,Pre 16 National Guard Armory,,,,,637
Gadsden,State Senate,3,Loranne Ausley,DEM,Pre 17 New Bethel AME Church,,,,,736
Gadsden,State Senate,3,Loranne Ausley,DEM,Pre 18 St. Matthew Primitive B,,,,,603
Gadsden,State Senate,3,Loranne Ausley,DEM,Pre 19 Hopewell Church,0,215,223,58,496
Gadsden,State Senate,3,Loranne Ausley,DEM,Pre 20 Assembly of God,0,144,185,69,398
Gadsden,State Senate,3,Loranne Ausley,DEM,Pre 21 Green Shade AME Church,0,105,85,55,245
Gadsden,State Senate,3,Loranne Ausley,DEM,Pre 22 Second Elizabeth Church,,,,,384
Gadsden,State Senate,3,Loranne Ausley,DEM,Pre 23 New Direction Christian,0,125,146,79,350
Gadsden,State Senate,3,Loranne Ausley,DEM,Pre 24 St. Joseph Missionary B,0,101,105,114,320
Gadsden,State Senate,3,Loranne Ausley,DEM,Pre 25 Elizabeth AME Church,0,79,82,54,215
Gadsden,Tax Collector,,W Dale Summerford,DEM,Pre 1 Centenary United Methodi,0,385,484,217,1086
Gadsden,Tax Collector,,W Dale Summerford,DEM,Pre 2 Havana Public Library,0,604,836,260,1700
Gadsden,Tax Collector,,W Dale Summerford,DEM,Pre 3 Concordia Baptist Church,0,209,355,190,754
Gadsden,Tax Collector,,W Dale Summerford,DEM,Pre 4 Eugene Lamb Recreation C,,,,,2168
Gadsden,Tax Collector,,W Dale Summerford,DEM,Pre 5 Quincy Recreation Center,0,828,823,340,1991
Gadsden,Tax Collector,,W Dale Summerford,DEM,Pre 6 Wetumpka Fire Department,0,220,275,394,889
Gadsden,Tax Collector,,W Dale Summerford,DEM,Pre 7 Union Chapel AME Church,0,224,276,222,722
Gadsden,Tax Collector,,W Dale Summerford,DEM,Pre 8 Sycamore Methodist Churc,0,108,143,212,463
Gadsden,Tax Collector,,W Dale Summerford,DEM,Pre 9 Chattahoochee Recreation,0,374,547,225,1146
Gadsden,Tax Collector,,W Dale Summerford,DEM,Pre 10 Mt. Pleasant Fire Depar,0,95,132,164,391
Gadsden,Tax Collector,,W Dale Summerford,DEM,Pre 11 Gretna Town Hall,0,390,441,311,1142
Gadsden,Tax Collector,,W Dale Summerford,DEM,Pre 12 Greensboro Town Hall,,,,,579
Gadsden,Tax Collector,,W Dale Summerford,DEM,Pre 13 FAMU Research Center,,,,,1072
Gadsden,Tax Collector,,W Dale Summerford,DEM,Pre 14 Shiloh Church,0,183,330,170,683
Gadsden,Tax Collector,,W Dale Summerford,DEM,Pre 15 St. James Baptist Churc,0,239,390,217,846
Gadsden,Tax Collector,,W Dale Summerford,DEM,Pre 16 National Guard Armory,,,,,772
Gadsden,Tax Collector,,W Dale Summerford,DEM,Pre 17 New Bethel AME Church,,,,,777
Gadsden,Tax Collector,,W Dale Summerford,DEM,Pre 18 St. Matthew Primitive B,,,,,741
Gadsden,Tax Collector,,W Dale Summerford,DEM,Pre 19 Hopewell Church,0,309,500,139,948
Gadsden,Tax Collector,,W Dale Summerford,DEM,Pre 20 Assembly of God,,,,,741
Gadsden,Tax Collector,,W Dale Summerford,DEM,Pre 21 Green Shade AME Church,0,135,150,107,392
Gadsden,Tax Collector,,W Dale Summerford,DEM,Pre 22 Second Elizabeth Church,,,,,514
Gadsden,Tax Collector,,W Dale Summerford,DEM,Pre 23 New Direction Christian,0,169,230,125,524
Gadsden,Tax Collector,,W Dale Summerford,DEM,Pre 24 St. Joseph Missionary B,0,107,106,121,334
Gadsden,Tax Collector,,W Dale Summerford,DEM,Pre 25 Elizabeth AME Church,0,91,109,72,272
Gadsden,Tax Collector,,WRITE-IN,NON,Pre 1 Centenary United Methodi,,,,,8
Gadsden,Tax Collector,,WRITE-IN,NON,Pre 2 Havana Public Library,,,,,15
Gadsden,Tax Collector,,WRITE-IN,NON,Pre 3 Concordia Baptist Church,,,,,11
Gadsden,Tax Collector,,WRITE-IN,NON,Pre 4 Eugene Lamb Recreation C,,,,,20
Gadsden,Tax Collector,,WRITE-IN,NON,Pre 5 Quincy Recreation Center,,,,,11
Gadsden,Tax Collector,,WRITE-IN,NON,Pre 6 Wetumpka Fire Department,,,,,12
Gadsden,Tax Collector,,WRITE-IN,NON,Pre 7 Union Chapel AME Church,,,,,4
Gadsden,Tax Collector,,WRITE-IN,NON,Pre 8 Sycamore Methodist Churc,,,,,9
Gadsden,Tax Collector,,WRITE-IN,NON,Pre 9 Chattahoochee Recreation,,,,,18
Gadsden,Tax Collector,,WRITE-IN,NON,Pre 10 Mt. Pleasant Fire Depar,,,,,3
Gadsden,Tax Collector,,WRITE-IN,NON,Pre 11 Gretna Town Hall,,,,,11
Gadsden,Tax Collector,,WRITE-IN,NON,Pre 12 Greensboro Town Hall,,,,,1
Gadsden,Tax Collector,,WRITE-IN,NON,Pre 13 FAMU Research Center,,,,,9
Gadsden,Tax Collector,,WRITE-IN,NON,Pre 14 Shiloh Church,,,,,8
Gadsden,Tax Collector,,WRITE-IN,NON,Pre 15 St. James Baptist Churc,,,,,8
Gadsden,Tax Collector,,WRITE-IN,NON,Pre 16 National Guard Armory,,,,,2
Gadsden,Tax Collector,,WRITE-IN,NON,Pre 17 New Bethel AME Church,,,,,4
Gadsden,Tax Collector,,WRITE-IN,NON,Pre 18 St. Matthew Primitive B,,,,,10
Gadsden,Tax Collector,,WRITE-IN,NON,Pre 19 Hopewell Church,,,,,17
Gadsden,Tax Collector,,WRITE-IN,NON,Pre 20 Assembly of God,,,,,8
Gadsden,Tax Collector,,WRITE-IN,NON,Pre 21 Green Shade AME Church,,,,,3
Gadsden,Tax Collector,,WRITE-IN,NON,Pre 22 Second Elizabeth Church,,,,,1
Gadsden,Tax Collector,,WRITE-IN,NON,Pre 23 New Direction Christian,,,,,3
Gadsden,Tax Collector,,WRITE-IN,NON,Pre 24 St. Joseph Missionary B,,,,,2
Gadsden,Tax Collector,,WRITE-IN,NON,Pre 25 Elizabeth AME Church,,,,,4
Gadsden,Superintendent of Schools,,Elijah Key,DEM,Pre 1 Centenary United Methodi,0,328,399,179,906
Gadsden,Superintendent of Schools,,Elijah Key,DEM,Pre 2 Havana Public Library,0,526,654,206,1386
Gadsden,Superintendent of Schools,,Elijah Key,DEM,Pre 3 Concordia Baptist Church,0,159,228,98,485
Gadsden,Superintendent of Schools,,Elijah Key,DEM,Pre 4 Eugene Lamb Recreation C,,,,,1963
Gadsden,Superintendent of Schools,,Elijah Key,DEM,Pre 5 Quincy Recreation Center,0,769,748,317,1834
Gadsden,Superintendent of Schools,,Elijah Key,DEM,Pre 6 Wetumpka Fire Department,0,171,193,248,612
Gadsden,Superintendent of Schools,,Elijah Key,DEM,Pre 7 Union Chapel AME Church,0,204,210,183,597
Gadsden,Superintendent of Schools,,Elijah Key,DEM,Pre 8 Sycamore Methodist Churc,0,82,89,118,289
Gadsden,Superintendent of Schools,,Elijah Key,DEM,Pre 9 Chattahoochee Recreation,0,313,428,178,919
Gadsden,Superintendent of Schools,,Elijah Key,DEM,Pre 10 Mt. Pleasant Fire Depar,0,86,111,135,332
Gadsden,Superintendent of Schools,,Elijah Key,DEM,Pre 11 Gretna Town Hall,0,374,393,269,1036
Gadsden,Superintendent of Schools,,Elijah Key,DEM,Pre 12 Greensboro Town Hall,0,119,113,186,418
Gadsden,Superintendent of Schools,,Elijah Key,DEM,Pre 13 FAMU Research Center,,,,,1000
Gadsden,Superintendent of Schools,,Elijah Key,DEM,Pre 14 Shiloh Church,0,154,218,120,492
Gadsden,Superintendent of Schools,,Elijah Key,DEM,Pre 15 St. James Baptist Churc,0,183,216,87,486
Gadsden,Superintendent of Schools,,Elijah Key,DEM,Pre 16 National Guard Armory,,,,,696
Gadsden,Superintendent of Schools,,Elijah Key,DEM,Pre 17 New Bethel AME Church,,,,,738
Gadsden,Superintendent of Schools,,Elijah Key,DEM,Pre 18 St. Matthew Primitive B,,,,,651
Gadsden,Superintendent of Schools,,Elijah Key,DEM,Pre 19 Hopewell Church,0,238,289,79,606
Gadsden,Superintendent of Schools,,Elijah Key,DEM,Pre 20 Assembly of God,,,,,510
Gadsden,Superintendent of Schools,,Elijah Key,DEM,Pre 21 Green Shade AME Church,0,115,102,83,300
Gadsden,Superintendent of Schools,,Elijah Key,DEM,Pre 22 Second Elizabeth Church,,,,,461
Gadsden,Superintendent of Schools,,Elijah Key,DEM,Pre 23 New Direction Christian,0,148,181,120,449
Gadsden,Superintendent of Schools,,Elijah Key,DEM,Pre 24 St. Joseph Missionary B,0,89,96,97,282
Gadsden,Superintendent of Schools,,Elijah Key,DEM,Pre 25 Elizabeth AME Church,0,92,94,59,245
Gadsden,Superintendent of Schools,,Richard Burns,NPA,Pre 1 Centenary United Methodi,0,85,103,47,235
Gadsden,Superintendent of Schools,,Richard Burns,NPA,Pre 2 Havana Public Library,0,103,230,61,394
Gadsden,Superintendent of Schools,,Richard Burns,NPA,Pre 3 Concordia Baptist Church,0,62,155,104,321
Gadsden,Superintendent of Schools,,Richard Burns,NPA,Pre 4 Eugene Lamb Recreation C,0,93,172,68,333
Gadsden,Superintendent of Schools,,Richard Burns,NPA,Pre 5 Quincy Recreation Center,0,99,104,49,252
Gadsden,Superintendent of Schools,,Richard Burns,NPA,Pre 6 Wetumpka Fire Department,0,53,102,169,324
Gadsden,Superintendent of Schools,,Richard Burns,NPA,Pre 7 Union Chapel AME Church,,,,,143
Gadsden,Superintendent of Schools,,Richard Burns,NPA,Pre 8 Sycamore Methodist Churc,0,35,77,97,209
Gadsden,Superintendent of Schools,,Richard Burns,NPA,Pre 9 Chattahoochee Recreation,0,80,166,59,305
Gadsden,Superintendent of Schools,,Richard Burns,NPA,Pre 10 Mt. Pleasant Fire Depar,,,,,78
Gadsden,Superintendent of Schools,,Richard Burns,NPA,Pre 11 Gretna Town Hall,0,41,65,57,163
Gadsden,Superintendent of Schools,,Richard Burns,NPA,Pre 12 Greensboro Town Hall,,,,,175
Gadsden,Superintendent of Schools,,Richard Burns,NPA,Pre 13 FAMU Research Center,,,,,114
Gadsden,Superintendent of Schools,,Richard Burns,NPA,Pre 14 Shiloh Church,0,43,121,59,223
Gadsden,Superintendent of Schools,,Richard Burns,NPA,Pre 15 St. James Baptist Churc,0,69,192,156,417
Gadsden,Superintendent of Schools,,Richard Burns,NPA,Pre 16 National Guard Armory,0,33,40,37,110
Gadsden,Superintendent of Schools,,Richard Burns,NPA,Pre 17 New Bethel AME Church,,,,,87
Gadsden,Superintendent of Schools,,Richard Burns,NPA,Pre 18 St. Matthew Primitive B,0,38,64,40,142
Gadsden,Superintendent of Schools,,Richard Burns,NPA,Pre 19 Hopewell Church,0,86,230,78,394
Gadsden,Superintendent of Schools,,Richard Burns,NPA,Pre 20 Assembly of God,0,55,160,57,272
Gadsden,Superintendent of Schools,,Richard Burns,NPA,Pre 21 Green Shade AME Church,,,,,102
Gadsden,Superintendent of Schools,,Richard Burns,NPA,Pre 22 Second Elizabeth Church,,,,,64
Gadsden,Superintendent of Schools,,Richard Burns,NPA,Pre 23 New Direction Christian,,,,,101
Gadsden,Superintendent of Schools,,Richard Burns,NPA,Pre 24 St. Joseph Missionary B,,,,,68
Gadsden,Superintendent of Schools,,Richard Burns,NPA,Pre 25 Elizabeth AME Church,,,,,52
Gadsden,County Commissioner DISTRICT 3,,Kimblin E. NeSmith,DEM,Pre 7 Union Chapel AME Church,0,188,160,141,489
Gadsden,County Commissioner DISTRICT 3,,Kimblin E. NeSmith,DEM,Pre 8 Sycamore Methodist Churc,0,47,61,60,168
Gadsden,County Commissioner DISTRICT 3,,Kimblin E. NeSmith,DEM,Pre 9 Chattahoochee Recreation,0,210,281,129,620
Gadsden,County Commissioner DISTRICT 3,,Kimblin E. NeSmith,DEM,Pre 12 Greensboro Town Hall,0,91,75,115,281
Gadsden,County Commissioner DISTRICT 3,,Kimblin E. NeSmith,DEM,Pre 25 Elizabeth AME Church,0,73,67,43,183
Gadsden,County Commissioner DISTRICT 3,,Damion C. McNealy,NPA,Pre 7 Union Chapel AME Church,,,,,49
Gadsden,County Commissioner DISTRICT 3,,Damion C. McNealy,NPA,Pre 8 Sycamore Methodist Churc,,,,,60
Gadsden,County Commissioner DISTRICT 3,,Damion C. McNealy,NPA,Pre 9 Chattahoochee Recreation,0,38,57,42,137
Gadsden,County Commissioner DISTRICT 3,,Damion C. McNealy,NPA,Pre 12 Greensboro Town Hall,,,,,53
Gadsden,County Commissioner DISTRICT 3,,Damion C. McNealy,NPA,Pre 25 Elizabeth AME Church,,,,,31
Gadsden,County Commissioner DISTRICT 3,,Gene Morgan,NPA,Pre 7 Union Chapel AME Church,0,42,106,62,210
Gadsden,County Commissioner DISTRICT 3,,Gene Morgan,NPA,Pre 8 Sycamore Methodist Churc,0,61,93,132,286
Gadsden,County Commissioner DISTRICT 3,,Gene Morgan,NPA,Pre 9 Chattahoochee Recreation,0,154,265,75,494
Gadsden,County Commissioner DISTRICT 3,,Gene Morgan,NPA,Pre 12 Greensboro Town Hall,,,,,268
Gadsden,County Commissioner DISTRICT 3,,Gene Morgan,NPA,Pre 25 Elizabeth AME Church,,,,,75
Gadsden,Justice Muniz,,Yes,NON,Pre 1 Centenary United Methodi,0,265,334,167,766
Gadsden,Justice Muniz,,Yes,NON,Pre 2 Havana Public Library,0,416,568,166,1150
Gadsden,Justice Muniz,,Yes,NON,Pre 3 Concordia Baptist Church,0,148,256,139,543
Gadsden,Justice Muniz,,Yes,NON,Pre 4 Eugene Lamb Recreation C,,,,,1299
Gadsden,Justice Muniz,,Yes,NON,Pre 5 Quincy Recreation Center,0,559,528,210,1297
Gadsden,Justice Muniz,,Yes,NON,Pre 6 Wetumpka Fire Department,0,148,211,302,661
Gadsden,Justice Muniz,,Yes,NON,Pre 7 Union Chapel AME Church,0,154,174,150,478
Gadsden,Justice Muniz,,Yes,NON,Pre 8 Sycamore Methodist Churc,0,68,112,133,313
Gadsden,Justice Muniz,,Yes,NON,Pre 9 Chattahoochee Recreation,0,248,369,150,767
Gadsden,Justice Muniz,,Yes,NON,Pre 10 Mt. Pleasant Fire Depar,0,55,83,108,246
Gadsden,Justice Muniz,,Yes,NON,Pre 11 Gretna Town Hall,0,284,285,209,778
Gadsden,Justice Muniz,,Yes,NON,Pre 12 Greensboro Town Hall,,,,,404
Gadsden,Justice Muniz,,Yes,NON,Pre 13 FAMU Research Center,0,221,287,168,676
Gadsden,Justice Muniz,,Yes,NON,Pre 14 Shiloh Church,0,141,231,103,475
Gadsden,Justice Muniz,,Yes,NON,Pre 15 St. James Baptist Churc,0,155,284,178,617
Gadsden,Justice Muniz,,Yes,NON,Pre 16 National Guard Armory,0,176,173,133,482
Gadsden,Justice Muniz,,Yes,NON,Pre 17 New Bethel AME Church,,,,,501
Gadsden,Justice Muniz,,Yes,NON,Pre 18 St. Matthew Primitive B,,,,,515
Gadsden,Justice Muniz,,Yes,NON,Pre 19 Hopewell Church,0,217,351,107,675
Gadsden,Justice Muniz,,Yes,NON,Pre 20 Assembly of God,,,,,498
Gadsden,Justice Muniz,,Yes,NON,Pre 21 Green Shade AME Church,0,81,100,63,244
Gadsden,Justice Muniz,,Yes,NON,Pre 22 Second Elizabeth Church,,,,,335
Gadsden,Justice Muniz,,Yes,NON,Pre 23 New Direction Christian,0,108,150,87,345
Gadsden,Justice Muniz,,Yes,NON,Pre 24 St. Joseph Missionary B,0,74,66,84,224
Gadsden,Justice Muniz,,Yes,NON,Pre 25 Elizabeth AME Church,0,51,67,39,157
Gadsden,Justice Muniz,,No,NON,Pre 1 Centenary United Methodi,0,129,149,51,329
Gadsden,Justice Muniz,,No,NON,Pre 2 Havana Public Library,0,188,294,93,575
Gadsden,Justice Muniz,,No,NON,Pre 3 Concordia Baptist Church,0,69,129,62,260
Gadsden,Justice Muniz,,No,NON,Pre 4 Eugene Lamb Recreation C,,,,,919
Gadsden,Justice Muniz,,No,NON,Pre 5 Quincy Recreation Center,0,271,305,143,719
Gadsden,Justice Muniz,,No,NON,Pre 6 Wetumpka Fire Department,0,76,80,110,266
Gadsden,Justice Muniz,,No,NON,Pre 7 Union Chapel AME Church,0,74,95,70,239
Gadsden,Justice Muniz,,No,NON,Pre 8 Sycamore Methodist Churc,0,41,53,76,170
Gadsden,Justice Muniz,,No,NON,Pre 9 Chattahoochee Recreation,0,134,196,86,416
Gadsden,Justice Muniz,,No,NON,Pre 10 Mt. Pleasant Fire Depar,0,42,60,59,161
Gadsden,Justice Muniz,,No,NON,Pre 11 Gretna Town Hall,0,114,162,108,384
Gadsden,Justice Muniz,,No,NON,Pre 12 Greensboro Town Hall,0,55,41,78,174
Gadsden,Justice Muniz,,No,NON,Pre 13 FAMU Research Center,,,,,417
Gadsden,Justice Muniz,,No,NON,Pre 14 Shiloh Church,0,47,106,76,229
Gadsden,Justice Muniz,,No,NON,Pre 15 St. James Baptist Churc,0,90,121,70,281
Gadsden,Justice Muniz,,No,NON,Pre 16 National Guard Armory,,,,,309
Gadsden,Justice Muniz,,No,NON,Pre 17 New Bethel AME Church,0,96,128,66,290
Gadsden,Justice Muniz,,No,NON,Pre 18 St. Matthew Primitive B,0,86,112,51,249
Gadsden,Justice Muniz,,No,NON,Pre 19 Hopewell Church,0,107,165,47,319
Gadsden,Justice Muniz,,No,NON,Pre 20 Assembly of God,0,91,123,49,263
Gadsden,Justice Muniz,,No,NON,Pre 21 Green Shade AME Church,0,49,53,46,148
Gadsden,Justice Muniz,,No,NON,Pre 22 Second Elizabeth Church,0,61,60,53,174
Gadsden,Justice Muniz,,No,NON,Pre 23 New Direction Christian,0,58,80,36,174
Gadsden,Justice Muniz,,No,NON,Pre 24 St. Joseph Missionary B,,,,,106
Gadsden,Justice Muniz,,No,NON,Pre 25 Elizabeth AME Church,0,57,38,30,125
Gadsden,Judge Lewis,,Yes,NON,Pre 1 Centenary United Methodi,0,311,349,165,825
Gadsden,Judge Lewis,,Yes,NON,Pre 2 Havana Public Library,0,481,622,183,1286
Gadsden,Judge Lewis,,Yes,NON,Pre 3 Concordia Baptist Church,0,172,267,144,583
Gadsden,Judge Lewis,,Yes,NON,Pre 4 Eugene Lamb Recreation C,,,,,1614
Gadsden,Judge Lewis,,Yes,NON,Pre 5 Quincy Recreation Center,0,653,628,263,1544
Gadsden,Judge Lewis,,Yes,NON,Pre 6 Wetumpka Fire Department,0,163,211,281,655
Gadsden,Judge Lewis,,Yes,NON,Pre 7 Union Chapel AME Church,0,177,185,154,516
Gadsden,Judge Lewis,,Yes,NON,Pre 8 Sycamore Methodist Churc,0,78,109,133,320
Gadsden,Judge Lewis,,Yes,NON,Pre 9 Chattahoochee Recreation,0,287,393,166,846
Gadsden,Judge Lewis,,Yes,NON,Pre 10 Mt. Pleasant Fire Depar,0,70,90,116,276
Gadsden,Judge Lewis,,Yes,NON,Pre 11 Gretna Town Hall,0,308,304,221,833
Gadsden,Judge Lewis,,Yes,NON,Pre 12 Greensboro Town Hall,,,,,401
Gadsden,Judge Lewis,,Yes,NON,Pre 13 FAMU Research Center,,,,,807
Gadsden,Judge Lewis,,Yes,NON,Pre 14 Shiloh Church,0,153,250,114,517
Gadsden,Judge Lewis,,Yes,NON,Pre 15 St. James Baptist Churc,0,180,285,163,628
Gadsden,Judge Lewis,,Yes,NON,Pre 16 National Guard Armory,0,217,227,140,584
Gadsden,Judge Lewis,,Yes,NON,Pre 17 New Bethel AME Church,,,,,615
Gadsden,Judge Lewis,,Yes,NON,Pre 18 St. Matthew Primitive B,,,,,590
Gadsden,Judge Lewis,,Yes,NON,Pre 19 Hopewell Church,0,263,375,110,748
Gadsden,Judge Lewis,,Yes,NON,Pre 20 Assembly of God,,,,,536
Gadsden,Judge Lewis,,Yes,NON,Pre 21 Green Shade AME Church,0,105,120,75,300
Gadsden,Judge Lewis,,Yes,NON,Pre 22 Second Elizabeth Church,,,,,379
Gadsden,Judge Lewis,,Yes,NON,Pre 23 New Direction Christian,0,119,160,88,367
Gadsden,Judge Lewis,,Yes,NON,Pre 24 St. Joseph Missionary B,0,84,81,95,260
Gadsden,Judge Lewis,,Yes,NON,Pre 25 Elizabeth AME Church,0,73,69,48,190
Gadsden,Judge Lewis,,No,NON,Pre 1 Centenary United Methodi,0,89,130,54,273
Gadsden,Judge Lewis,,No,NON,Pre 2 Havana Public Library,0,129,241,78,448
Gadsden,Judge Lewis,,No,NON,Pre 3 Concordia Baptist Church,0,45,117,56,218
Gadsden,Judge Lewis,,No,NON,Pre 4 Eugene Lamb Recreation C,0,165,345,90,600
Gadsden,Judge Lewis,,No,NON,Pre 5 Quincy Recreation Center,0,188,212,88,488
Gadsden,Judge Lewis,,No,NON,Pre 6 Wetumpka Fire Department,0,59,74,124,257
Gadsden,Judge Lewis,,No,NON,Pre 7 Union Chapel AME Church,0,50,81,68,199
Gadsden,Judge Lewis,,No,NON,Pre 8 Sycamore Methodist Churc,,,,,157
Gadsden,Judge Lewis,,No,NON,Pre 9 Chattahoochee Recreation,0,89,168,69,326
Gadsden,Judge Lewis,,No,NON,Pre 10 Mt. Pleasant Fire Depar,,,,,131
Gadsden,Judge Lewis,,No,NON,Pre 11 Gretna Town Hall,0,95,144,96,335
Gadsden,Judge Lewis,,No,NON,Pre 12 Greensboro Town Hall,0,48,48,76,172
Gadsden,Judge Lewis,,No,NON,Pre 13 FAMU Research Center,0,88,117,78,283
Gadsden,Judge Lewis,,No,NON,Pre 14 Shiloh Church,0,37,88,65,190
Gadsden,Judge Lewis,,No,NON,Pre 15 St. James Baptist Churc,0,61,111,74,246
Gadsden,Judge Lewis,,No,NON,Pre 16 National Guard Armory,,,,,212
Gadsden,Judge Lewis,,No,NON,Pre 17 New Bethel AME Church,0,47,84,45,176
Gadsden,Judge Lewis,,No,NON,Pre 18 St. Matthew Primitive B,0,47,87,49,183
Gadsden,Judge Lewis,,No,NON,Pre 19 Hopewell Church,0,60,130,42,232
Gadsden,Judge Lewis,,No,NON,Pre 20 Assembly of God,0,58,119,51,228
Gadsden,Judge Lewis,,No,NON,Pre 21 Green Shade AME Church,,,,,95
Gadsden,Judge Lewis,,No,NON,Pre 22 Second Elizabeth Church,0,36,57,36,129
Gadsden,Judge Lewis,,No,NON,Pre 23 New Direction Christian,0,47,70,33,150
Gadsden,Judge Lewis,,No,NON,Pre 24 St. Joseph Missionary B,,,,,76
Gadsden,Judge Lewis,,No,NON,Pre 25 Elizabeth AME Church,,,,,93
Gadsden,Judge Makar,,Yes,NON,Pre 1 Centenary United Methodi,0,259,321,158,738
Gadsden,Judge Makar,,Yes,NON,Pre 2 Havana Public Library,0,414,563,168,1145
Gadsden,Judge Makar,,Yes,NON,Pre 3 Concordia Baptist Church,0,145,255,130,530
Gadsden,Judge Makar,,Yes,NON,Pre 4 Eugene Lamb Recreation C,,,,,1284
Gadsden,Judge Makar,,Yes,NON,Pre 5 Quincy Recreation Center,0,541,507,204,1252
Gadsden,Judge Makar,,Yes,NON,Pre 6 Wetumpka Fire Department,0,148,197,283,628
Gadsden,Judge Makar,,Yes,NON,Pre 7 Union Chapel AME Church,0,151,173,152,476
Gadsden,Judge Makar,,Yes,NON,Pre 8 Sycamore Methodist Churc,0,71,105,132,308
Gadsden,Judge Makar,,Yes,NON,Pre 9 Chattahoochee Recreation,0,257,371,140,768
Gadsden,Judge Makar,,Yes,NON,Pre 10 Mt. Pleasant Fire Depar,0,58,79,102,239
Gadsden,Judge Makar,,Yes,NON,Pre 11 Gretna Town Hall,0,277,285,198,760
Gadsden,Judge Makar,,Yes,NON,Pre 12 Greensboro Town Hall,,,,,401
Gadsden,Judge Makar,,Yes,NON,Pre 13 FAMU Research Center,,,,,662
Gadsden,Judge Makar,,Yes,NON,Pre 14 Shiloh Church,0,132,220,103,455
Gadsden,Judge Makar,,Yes,NON,Pre 15 St. James Baptist Churc,0,151,266,166,583
Gadsden,Judge Makar,,Yes,NON,Pre 16 National Guard Armory,,,,,481
Gadsden,Judge Makar,,Yes,NON,Pre 17 New Bethel AME Church,,,,,509
Gadsden,Judge Makar,,Yes,NON,Pre 18 St. Matthew Primitive B,,,,,514
Gadsden,Judge Makar,,Yes,NON,Pre 19 Hopewell Church,0,222,361,108,691
Gadsden,Judge Makar,,Yes,NON,Pre 20 Assembly of God,,,,,479
Gadsden,Judge Makar,,Yes,NON,Pre 21 Green Shade AME Church,0,75,112,67,254
Gadsden,Judge Makar,,Yes,NON,Pre 22 Second Elizabeth Church,,,,,332
Gadsden,Judge Makar,,Yes,NON,Pre 23 New Direction Christian,0,102,149,75,326
Gadsden,Judge Makar,,Yes,NON,Pre 24 St. Joseph Missionary B,0,72,68,76,216
Gadsden,Judge Makar,,Yes,NON,Pre 25 Elizabeth AME Church,0,47,63,41,151
Gadsden,Judge Makar,,No,NON,Pre 1 Centenary United Methodi,0,131,150,56,337
Gadsden,Judge Makar,,No,NON,Pre 2 Havana Public Library,0,190,286,92,568
Gadsden,Judge Makar,,No,NON,Pre 3 Concordia Baptist Church,0,70,125,66,261
Gadsden,Judge Makar,,No,NON,Pre 4 Eugene Lamb Recreation C,,,,,914
Gadsden,Judge Makar,,No,NON,Pre 5 Quincy Recreation Center,0,283,319,144,746
Gadsden,Judge Makar,,No,NON,Pre 6 Wetumpka Fire Department,0,71,78,118,267
Gadsden,Judge Makar,,No,NON,Pre 7 Union Chapel AME Church,0,75,89,69,233
Gadsden,Judge Makar,,No,NON,Pre 8 Sycamore Methodist Churc,0,36,56,74,166
Gadsden,Judge Makar,,No,NON,Pre 9 Chattahoochee Recreation,0,121,188,92,401
Gadsden,Judge Makar,,No,NON,Pre 10 Mt. Pleasant Fire Depar,0,38,59,65,162
Gadsden,Judge Makar,,No,NON,Pre 11 Gretna Town Hall,0,116,153,114,383
Gadsden,Judge Makar,,No,NON,Pre 12 Greensboro Town Hall,0,56,50,65,171
Gadsden,Judge Makar,,No,NON,Pre 13 FAMU Research Center,0,141,160,109,410
Gadsden,Judge Makar,,No,NON,Pre 14 Shiloh Church,0,54,116,73,243
Gadsden,Judge Makar,,No,NON,Pre 15 St. James Baptist Churc,0,89,123,71,283
Gadsden,Judge Makar,,No,NON,Pre 16 National Guard Armory,0,103,133,69,305
Gadsden,Judge Makar,,No,NON,Pre 17 New Bethel AME Church,,,,,272
Gadsden,Judge Makar,,No,NON,Pre 18 St. Matthew Primitive B,0,80,106,54,240
Gadsden,Judge Makar,,No,NON,Pre 19 Hopewell Church,0,97,144,41,282
Gadsden,Judge Makar,,No,NON,Pre 20 Assembly of God,0,81,140,51,272
Gadsden,Judge Makar,,No,NON,Pre 21 Green Shade AME Church,0,54,42,43,139
Gadsden,Judge Makar,,No,NON,Pre 22 Second Elizabeth Church,,,,,173
Gadsden,Judge Makar,,No,NON,Pre 23 New Direction Christian,0,62,77,39,178
Gadsden,Judge Makar,,No,NON,Pre 24 St. Joseph Missionary B,0,33,37,44,114
Gadsden,Judge Makar,,No,NON,Pre 25 Elizabeth AME Church,,,,,124
Gadsden,Judge Nordby,,Yes,NON,Pre 1 Centenary United Methodi,0,263,323,163,749
Gadsden,Judge Nordby,,Yes,NON,Pre 2 Havana Public Library,0,409,572,171,1152
Gadsden,Judge Nordby,,Yes,NON,Pre 3 Concordia Baptist Church,0,153,256,138,547
Gadsden,Judge Nordby,,Yes,NON,Pre 4 Eugene Lamb Recreation C,,,,,1327
Gadsden,Judge Nordby,,Yes,NON,Pre 5 Quincy Recreation Center,0,555,538,209,1302
Gadsden,Judge Nordby,,Yes,NON,Pre 6 Wetumpka Fire Department,0,146,196,291,633
Gadsden,Judge Nordby,,Yes,NON,Pre 7 Union Chapel AME Church,0,162,171,151,484
Gadsden,Judge Nordby,,Yes,NON,Pre 8 Sycamore Methodist Churc,0,72,108,129,309
Gadsden,Judge Nordby,,Yes,NON,Pre 9 Chattahoochee Recreation,0,259,378,149,786
Gadsden,Judge Nordby,,Yes,NON,Pre 10 Mt. Pleasant Fire Depar,0,56,82,102,240
Gadsden,Judge Nordby,,Yes,NON,Pre 11 Gretna Town Hall,0,280,278,212,770
Gadsden,Judge Nordby,,Yes,NON,Pre 12 Greensboro Town Hall,,,,,402
Gadsden,Judge Nordby,,Yes,NON,Pre 13 FAMU Research Center,,,,,678
Gadsden,Judge Nordby,,Yes,NON,Pre 14 Shiloh Church,0,143,225,102,470
Gadsden,Judge Nordby,,Yes,NON,Pre 15 St. James Baptist Churc,0,152,281,169,602
Gadsden,Judge Nordby,,Yes,NON,Pre 16 National Guard Armory,,,,,501
Gadsden,Judge Nordby,,Yes,NON,Pre 17 New Bethel AME Church,,,,,523
Gadsden,Judge Nordby,,Yes,NON,Pre 18 St. Matthew Primitive B,,,,,517
Gadsden,Judge Nordby,,Yes,NON,Pre 19 Hopewell Church,0,220,337,109,666
Gadsden,Judge Nordby,,Yes,NON,Pre 20 Assembly of God,0,132,260,108,500
Gadsden,Judge Nordby,,Yes,NON,Pre 21 Green Shade AME Church,0,83,106,68,257
Gadsden,Judge Nordby,,Yes,NON,Pre 22 Second Elizabeth Church,,,,,340
Gadsden,Judge Nordby,,Yes,NON,Pre 23 New Direction Christian,0,111,156,77,344
Gadsden,Judge Nordby,,Yes,NON,Pre 24 St. Joseph Missionary B,0,71,69,83,223
Gadsden,Judge Nordby,,Yes,NON,Pre 25 Elizabeth AME Church,0,60,67,44,171
Gadsden,Judge Nordby,,No,NON,Pre 1 Centenary United Methodi,0,128,145,54,327
Gadsden,Judge Nordby,,No,NON,Pre 2 Havana Public Library,0,190,272,87,549
Gadsden,Judge Nordby,,No,NON,Pre 3 Concordia Baptist Church,0,62,122,59,243
Gadsden,Judge Nordby,,No,NON,Pre 4 Eugene Lamb Recreation C,,,,,858
Gadsden,Judge Nordby,,No,NON,Pre 5 Quincy Recreation Center,0,272,292,136,700
Gadsden,Judge Nordby,,No,NON,Pre 6 Wetumpka Fire Department,0,72,81,109,262
Gadsden,Judge Nordby,,No,NON,Pre 7 Union Chapel AME Church,0,64,83,69,216
Gadsden,Judge Nordby,,No,NON,Pre 8 Sycamore Methodist Churc,0,37,51,75,163
Gadsden,Judge Nordby,,No,NON,Pre 9 Chattahoochee Recreation,0,117,172,83,372
Gadsden,Judge Nordby,,No,NON,Pre 10 Mt. Pleasant Fire Depar,0,38,57,64,159
Gadsden,Judge Nordby,,No,NON,Pre 11 Gretna Town Hall,0,115,162,102,379
Gadsden,Judge Nordby,,No,NON,Pre 12 Greensboro Town Hall,0,48,43,74,165
Gadsden,Judge Nordby,,No,NON,Pre 13 FAMU Research Center,0,130,154,113,397
Gadsden,Judge Nordby,,No,NON,Pre 14 Shiloh Church,0,44,108,75,227
Gadsden,Judge Nordby,,No,NON,Pre 15 St. James Baptist Churc,0,83,109,66,258
Gadsden,Judge Nordby,,No,NON,Pre 16 National Guard Armory,0,98,118,62,278
Gadsden,Judge Nordby,,No,NON,Pre 17 New Bethel AME Church,0,83,118,56,257
Gadsden,Judge Nordby,,No,NON,Pre 18 St. Matthew Primitive B,0,77,105,60,242
Gadsden,Judge Nordby,,No,NON,Pre 19 Hopewell Church,0,94,163,41,298
Gadsden,Judge Nordby,,No,NON,Pre 20 Assembly of God,,,,,254
Gadsden,Judge Nordby,,No,NON,Pre 21 Green Shade AME Church,0,45,43,41,129
Gadsden,Judge Nordby,,No,NON,Pre 22 Second Elizabeth Church,,,,,166
Gadsden,Judge Nordby,,No,NON,Pre 23 New Direction Christian,0,53,70,37,160
Gadsden,Judge Nordby,,No,NON,Pre 24 St. Joseph Missionary B,0,31,34,39,104
Gadsden,Judge Nordby,,No,NON,Pre 25 Elizabeth AME Church,,,,,103
Gadsden,Judge Osterhaus,,Yes,NON,Pre 1 Centenary United Methodi,0,250,311,154,715
Gadsden,Judge Osterhaus,,Yes,NON,Pre 2 Havana Public Library,0,405,542,157,1104
Gadsden,Judge Osterhaus,,Yes,NON,Pre 3 Concordia Baptist Church,0,145,250,142,537
Gadsden,Judge Osterhaus,,Yes,NON,Pre 4 Eugene Lamb Recreation C,,,,,1267
Gadsden,Judge Osterhaus,,Yes,NON,Pre 5 Quincy Recreation Center,0,514,491,199,1204
Gadsden,Judge Osterhaus,,Yes,NON,Pre 6 Wetumpka Fire Department,0,150,185,281,616
Gadsden,Judge Osterhaus,,Yes,NON,Pre 7 Union Chapel AME Church,0,154,170,147,471
Gadsden,Judge Osterhaus,,Yes,NON,Pre 8 Sycamore Methodist Churc,0,69,103,127,299
Gadsden,Judge Osterhaus,,Yes,NON,Pre 9 Chattahoochee Recreation,0,247,361,141,749
Gadsden,Judge Osterhaus,,Yes,NON,Pre 10 Mt. Pleasant Fire Depar,0,57,71,100,228
Gadsden,Judge Osterhaus,,Yes,NON,Pre 11 Gretna Town Hall,0,265,281,195,741
Gadsden,Judge Osterhaus,,Yes,NON,Pre 12 Greensboro Town Hall,,,,,386
Gadsden,Judge Osterhaus,,Yes,NON,Pre 13 FAMU Research Center,0,211,269,163,643
Gadsden,Judge Osterhaus,,Yes,NON,Pre 14 Shiloh Church,0,129,227,105,461
Gadsden,Judge Osterhaus,,Yes,NON,Pre 15 St. James Baptist Churc,0,149,275,162,586
Gadsden,Judge Osterhaus,,Yes,NON,Pre 16 National Guard Armory,,,,,473
Gadsden,Judge Osterhaus,,Yes,NON,Pre 17 New Bethel AME Church,,,,,492
Gadsden,Judge Osterhaus,,Yes,NON,Pre 18 St. Matthew Primitive B,,,,,498
Gadsden,Judge Osterhaus,,Yes,NON,Pre 19 Hopewell Church,0,207,344,110,661
Gadsden,Judge Osterhaus,,Yes,NON,Pre 20 Assembly of God,0,135,249,95,479
Gadsden,Judge Osterhaus,,Yes,NON,Pre 21 Green Shade AME Church,0,78,106,67,251
Gadsden,Judge Osterhaus,,Yes,NON,Pre 22 Second Elizabeth Church,,,,,329
Gadsden,Judge Osterhaus,,Yes,NON,Pre 23 New Direction Christian,0,99,156,73,328
Gadsden,Judge Osterhaus,,Yes,NON,Pre 24 St. Joseph Missionary B,0,67,66,77,210
Gadsden,Judge Osterhaus,,Yes,NON,Pre 25 Elizabeth AME Church,0,48,60,43,151
Gadsden,Judge Osterhaus,,No,NON,Pre 1 Centenary United Methodi,0,139,154,63,356
Gadsden,Judge Osterhaus,,No,NON,Pre 2 Havana Public Library,0,198,302,102,602
Gadsden,Judge Osterhaus,,No,NON,Pre 3 Concordia Baptist Church,0,70,127,55,252
Gadsden,Judge Osterhaus,,No,NON,Pre 4 Eugene Lamb Recreation C,,,,,922
Gadsden,Judge Osterhaus,,No,NON,Pre 5 Quincy Recreation Center,0,307,328,145,780
Gadsden,Judge Osterhaus,,No,NON,Pre 6 Wetumpka Fire Department,0,70,89,122,281
Gadsden,Judge Osterhaus,,No,NON,Pre 7 Union Chapel AME Church,0,72,93,73,238
Gadsden,Judge Osterhaus,,No,NON,Pre 8 Sycamore Methodist Churc,0,39,58,78,175
Gadsden,Judge Osterhaus,,No,NON,Pre 9 Chattahoochee Recreation,0,127,197,91,415
Gadsden,Judge Osterhaus,,No,NON,Pre 10 Mt. Pleasant Fire Depar,0,38,68,65,171
Gadsden,Judge Osterhaus,,No,NON,Pre 11 Gretna Town Hall,0,126,157,116,399
Gadsden,Judge Osterhaus,,No,NON,Pre 12 Greensboro Town Hall,0,57,49,76,182
Gadsden,Judge Osterhaus,,No,NON,Pre 13 FAMU Research Center,,,,,421
Gadsden,Judge Osterhaus,,No,NON,Pre 14 Shiloh Church,0,58,107,71,236
Gadsden,Judge Osterhaus,,No,NON,Pre 15 St. James Baptist Churc,0,89,114,73,276
Gadsden,Judge Osterhaus,,No,NON,Pre 16 National Guard Armory,0,102,132,69,303
Gadsden,Judge Osterhaus,,No,NON,Pre 17 New Bethel AME Church,,,,,287
Gadsden,Judge Osterhaus,,No,NON,Pre 18 St. Matthew Primitive B,0,82,117,55,254
Gadsden,Judge Osterhaus,,No,NON,Pre 19 Hopewell Church,0,110,159,41,310
Gadsden,Judge Osterhaus,,No,NON,Pre 20 Assembly of God,,,,,266
Gadsden,Judge Osterhaus,,No,NON,Pre 21 Green Shade AME Church,0,52,45,42,139
Gadsden,Judge Osterhaus,,No,NON,Pre 22 Second Elizabeth Church,,,,,174
Gadsden,Judge Osterhaus,,No,NON,Pre 23 New Direction Christian,0,64,68,37,169
Gadsden,Judge Osterhaus,,No,NON,Pre 24 St. Joseph Missionary B,0,36,37,46,119
Gadsden,Judge Osterhaus,,No,NON,Pre 25 Elizabeth AME Church,,,,,131
Gadsden,Judge Roberts,,Yes,NON,Pre 1 Centenary United Methodi,0,275,334,163,772
Gadsden,Judge Roberts,,Yes,NON,Pre 2 Havana Public Library,0,437,575,177,1189
Gadsden,Judge Roberts,,Yes,NON,Pre 3 Concordia Baptist Church,0,157,265,139,561
Gadsden,Judge Roberts,,Yes,NON,Pre 4 Eugene Lamb Recreation C,,,,,1402
Gadsden,Judge Roberts,,Yes,NON,Pre 5 Quincy Recreation Center,0,591,565,235,1391
Gadsden,Judge Roberts,,Yes,NON,Pre 6 Wetumpka Fire Department,0,161,195,290,646
Gadsden,Judge Roberts,,Yes,NON,Pre 7 Union Chapel AME Church,0,164,183,156,503
Gadsden,Judge Roberts,,Yes,NON,Pre 8 Sycamore Methodist Churc,0,74,111,132,317
Gadsden,Judge Roberts,,Yes,NON,Pre 9 Chattahoochee Recreation,0,260,386,153,799
Gadsden,Judge Roberts,,Yes,NON,Pre 10 Mt. Pleasant Fire Depar,0,60,80,109,249
Gadsden,Judge Roberts,,Yes,NON,Pre 11 Gretna Town Hall,0,287,285,213,785
Gadsden,Judge Roberts,,Yes,NON,Pre 12 Greensboro Town Hall,,,,,409
Gadsden,Judge Roberts,,Yes,NON,Pre 13 FAMU Research Center,,,,,717
Gadsden,Judge Roberts,,Yes,NON,Pre 14 Shiloh Church,0,144,237,106,487
Gadsden,Judge Roberts,,Yes,NON,Pre 15 St. James Baptist Churc,0,166,271,171,608
Gadsden,Judge Roberts,,Yes,NON,Pre 16 National Guard Armory,,,,,544
Gadsden,Judge Roberts,,Yes,NON,Pre 17 New Bethel AME Church,,,,,559
Gadsden,Judge Roberts,,Yes,NON,Pre 18 St. Matthew Primitive B,,,,,547
Gadsden,Judge Roberts,,Yes,NON,Pre 19 Hopewell Church,0,224,353,115,692
Gadsden,Judge Roberts,,Yes,NON,Pre 20 Assembly of God,0,142,257,105,504
Gadsden,Judge Roberts,,Yes,NON,Pre 21 Green Shade AME Church,0,81,115,78,274
Gadsden,Judge Roberts,,Yes,NON,Pre 22 Second Elizabeth Church,,,,,351
Gadsden,Judge Roberts,,Yes,NON,Pre 23 New Direction Christian,0,110,158,83,351
Gadsden,Judge Roberts,,Yes,NON,Pre 24 St. Joseph Missionary B,0,74,74,90,238
Gadsden,Judge Roberts,,Yes,NON,Pre 25 Elizabeth AME Church,0,60,68,47,175
Gadsden,Judge Roberts,,No,NON,Pre 1 Centenary United Methodi,0,119,135,54,308
Gadsden,Judge Roberts,,No,NON,Pre 2 Havana Public Library,0,159,271,83,513
Gadsden,Judge Roberts,,No,NON,Pre 3 Concordia Baptist Church,0,58,112,58,228
Gadsden,Judge Roberts,,No,NON,Pre 4 Eugene Lamb Recreation C,0,238,426,112,776
Gadsden,Judge Roberts,,No,NON,Pre 5 Quincy Recreation Center,0,232,263,113,608
Gadsden,Judge Roberts,,No,NON,Pre 6 Wetumpka Fire Department,0,58,86,111,255
Gadsden,Judge Roberts,,No,NON,Pre 7 Union Chapel AME Church,0,63,76,64,203
Gadsden,Judge Roberts,,No,NON,Pre 8 Sycamore Methodist Churc,0,33,50,72,155
Gadsden,Judge Roberts,,No,NON,Pre 9 Chattahoochee Recreation,0,113,175,79,367
Gadsden,Judge Roberts,,No,NON,Pre 10 Mt. Pleasant Fire Depar,0,34,59,58,151
Gadsden,Judge Roberts,,No,NON,Pre 11 Gretna Town Hall,0,104,152,100,356
Gadsden,Judge Roberts,,No,NON,Pre 12 Greensboro Town Hall,0,46,43,69,158
Gadsden,Judge Roberts,,No,NON,Pre 13 FAMU Research Center,0,121,141,90,352
Gadsden,Judge Roberts,,No,NON,Pre 14 Shiloh Church,0,41,95,70,206
Gadsden,Judge Roberts,,No,NON,Pre 15 St. James Baptist Churc,0,72,117,65,254
Gadsden,Judge Roberts,,No,NON,Pre 16 National Guard Armory,0,81,103,56,240
Gadsden,Judge Roberts,,No,NON,Pre 17 New Bethel AME Church,0,67,104,53,224
Gadsden,Judge Roberts,,No,NON,Pre 18 St. Matthew Primitive B,0,62,103,45,210
Gadsden,Judge Roberts,,No,NON,Pre 19 Hopewell Church,0,87,146,37,270
Gadsden,Judge Roberts,,No,NON,Pre 20 Assembly of God,,,,,246
Gadsden,Judge Roberts,,No,NON,Pre 21 Green Shade AME Church,0,49,40,32,121
Gadsden,Judge Roberts,,No,NON,Pre 22 Second Elizabeth Church,,,,,156
Gadsden,Judge Roberts,,No,NON,Pre 23 New Direction Christian,0,53,69,30,152
Gadsden,Judge Roberts,,No,NON,Pre 24 St. Joseph Missionary B,,,,,92
Gadsden,Judge Roberts,,No,NON,Pre 25 Elizabeth AME Church,,,,,108
Gadsden,Judge Tanenbaum,,Yes,NON,Pre 1 Centenary United Methodi,0,253,315,166,734
Gadsden,Judge Tanenbaum,,Yes,NON,Pre 2 Havana Public Library,0,401,553,172,1126
Gadsden,Judge Tanenbaum,,Yes,NON,Pre 3 Concordia Baptist Church,0,141,251,135,527
Gadsden,Judge Tanenbaum,,Yes,NON,Pre 4 Eugene Lamb Recreation C,,,,,1257
Gadsden,Judge Tanenbaum,,Yes,NON,Pre 5 Quincy Recreation Center,0,534,519,206,1259
Gadsden,Judge Tanenbaum,,Yes,NON,Pre 6 Wetumpka Fire Department,0,149,201,292,642
Gadsden,Judge Tanenbaum,,Yes,NON,Pre 7 Union Chapel AME Church,0,157,176,146,479
Gadsden,Judge Tanenbaum,,Yes,NON,Pre 8 Sycamore Methodist Churc,0,69,107,131,307
Gadsden,Judge Tanenbaum,,Yes,NON,Pre 9 Chattahoochee Recreation,0,257,363,147,767
Gadsden,Judge Tanenbaum,,Yes,NON,Pre 10 Mt. Pleasant Fire Depar,0,57,81,102,240
Gadsden,Judge Tanenbaum,,Yes,NON,Pre 11 Gretna Town Hall,0,285,285,204,774
Gadsden,Judge Tanenbaum,,Yes,NON,Pre 12 Greensboro Town Hall,,,,,391
Gadsden,Judge Tanenbaum,,Yes,NON,Pre 13 FAMU Research Center,0,219,274,173,666
Gadsden,Judge Tanenbaum,,Yes,NON,Pre 14 Shiloh Church,0,140,223,106,469
Gadsden,Judge Tanenbaum,,Yes,NON,Pre 15 St. James Baptist Churc,0,152,275,171,598
Gadsden,Judge Tanenbaum,,Yes,NON,Pre 16 National Guard Armory,,,,,481
Gadsden,Judge Tanenbaum,,Yes,NON,Pre 17 New Bethel AME Church,,,,,509
Gadsden,Judge Tanenbaum,,Yes,NON,Pre 18 St. Matthew Primitive B,,,,,521
Gadsden,Judge Tanenbaum,,Yes,NON,Pre 19 Hopewell Church,0,202,329,111,642
Gadsden,Judge Tanenbaum,,Yes,NON,Pre 20 Assembly of God,0,132,246,105,483
Gadsden,Judge Tanenbaum,,Yes,NON,Pre 21 Green Shade AME Church,0,76,108,73,257
Gadsden,Judge Tanenbaum,,Yes,NON,Pre 22 Second Elizabeth Church,,,,,332
Gadsden,Judge Tanenbaum,,Yes,NON,Pre 23 New Direction Christian,0,100,157,81,338
Gadsden,Judge Tanenbaum,,Yes,NON,Pre 24 St. Joseph Missionary B,0,73,69,78,220
Gadsden,Judge Tanenbaum,,Yes,NON,Pre 25 Elizabeth AME Church,0,55,64,40,159
Gadsden,Judge Tanenbaum,,No,NON,Pre 1 Centenary United Methodi,0,138,152,52,342
Gadsden,Judge Tanenbaum,,No,NON,Pre 2 Havana Public Library,0,201,294,87,582
Gadsden,Judge Tanenbaum,,No,NON,Pre 3 Concordia Baptist Church,0,70,123,61,254
Gadsden,Judge Tanenbaum,,No,NON,Pre 4 Eugene Lamb Recreation C,,,,,930
Gadsden,Judge Tanenbaum,,No,NON,Pre 5 Quincy Recreation Center,0,292,313,140,745
Gadsden,Judge Tanenbaum,,No,NON,Pre 6 Wetumpka Fire Department,0,70,74,111,255
Gadsden,Judge Tanenbaum,,No,NON,Pre 7 Union Chapel AME Church,0,66,89,73,228
Gadsden,Judge Tanenbaum,,No,NON,Pre 8 Sycamore Methodist Churc,0,38,55,75,168
Gadsden,Judge Tanenbaum,,No,NON,Pre 9 Chattahoochee Recreation,0,119,195,85,399
Gadsden,Judge Tanenbaum,,No,NON,Pre 10 Mt. Pleasant Fire Depar,0,38,59,65,162
Gadsden,Judge Tanenbaum,,No,NON,Pre 11 Gretna Town Hall,0,110,156,110,376
Gadsden,Judge Tanenbaum,,No,NON,Pre 12 Greensboro Town Hall,,,,,178
Gadsden,Judge Tanenbaum,,No,NON,Pre 13 FAMU Research Center,,,,,405
Gadsden,Judge Tanenbaum,,No,NON,Pre 14 Shiloh Church,0,45,112,71,228
Gadsden,Judge Tanenbaum,,No,NON,Pre 15 St. James Baptist Churc,0,88,111,65,264
Gadsden,Judge Tanenbaum,,No,NON,Pre 16 National Guard Armory,0,103,127,72,302
Gadsden,Judge Tanenbaum,,No,NON,Pre 17 New Bethel AME Church,,,,,279
Gadsden,Judge Tanenbaum,,No,NON,Pre 18 St. Matthew Primitive B,0,70,105,56,231
Gadsden,Judge Tanenbaum,,No,NON,Pre 19 Hopewell Church,0,114,171,40,325
Gadsden,Judge Tanenbaum,,No,NON,Pre 20 Assembly of God,,,,,271
Gadsden,Judge Tanenbaum,,No,NON,Pre 21 Green Shade AME Church,0,52,44,35,131
Gadsden,Judge Tanenbaum,,No,NON,Pre 22 Second Elizabeth Church,,,,,172
Gadsden,Judge Tanenbaum,,No,NON,Pre 23 New Direction Christian,0,64,72,33,169
Gadsden,Judge Tanenbaum,,No,NON,Pre 24 St. Joseph Missionary B,0,32,35,46,113
Gadsden,Judge Tanenbaum,,No,NON,Pre 25 Elizabeth AME Church,,,,,122
Gadsden,"Circuit Judge, 2nd Judicial Circuit",,Tiffany Baker,NON,Pre 1 Centenary United Methodi,0,229,271,111,611
Gadsden,"Circuit Judge, 2nd Judicial Circuit",,Tiffany Baker,NON,Pre 2 Havana Public Library,0,423,557,185,1165
Gadsden,"Circuit Judge, 2nd Judicial Circuit",,Tiffany Baker,NON,Pre 3 Concordia Baptist Church,0,123,194,111,428
Gadsden,"Circuit Judge, 2nd Judicial Circuit",,Tiffany Baker,NON,Pre 4 Eugene Lamb Recreation C,,,,,1836
Gadsden,"Circuit Judge, 2nd Judicial Circuit",,Tiffany Baker,NON,Pre 5 Quincy Recreation Center,0,729,720,302,1751
Gadsden,"Circuit Judge, 2nd Judicial Circuit",,Tiffany Baker,NON,Pre 6 Wetumpka Fire Department,0,106,119,164,389
Gadsden,"Circuit Judge, 2nd Judicial Circuit",,Tiffany Baker,NON,Pre 7 Union Chapel AME Church,0,178,153,151,482
Gadsden,"Circuit Judge, 2nd Judicial Circuit",,Tiffany Baker,NON,Pre 8 Sycamore Methodist Churc,0,56,85,108,249
Gadsden,"Circuit Judge, 2nd Judicial Circuit",,Tiffany Baker,NON,Pre 9 Chattahoochee Recreation,0,261,366,165,792
Gadsden,"Circuit Judge, 2nd Judicial Circuit",,Tiffany Baker,NON,Pre 10 Mt. Pleasant Fire Depar,0,72,92,122,286
Gadsden,"Circuit Judge, 2nd Judicial Circuit",,Tiffany Baker,NON,Pre 11 Gretna Town Hall,0,310,357,251,918
Gadsden,"Circuit Judge, 2nd Judicial Circuit",,Tiffany Baker,NON,Pre 12 Greensboro Town Hall,,,,,317
Gadsden,"Circuit Judge, 2nd Judicial Circuit",,Tiffany Baker,NON,Pre 13 FAMU Research Center,,,,,936
Gadsden,"Circuit Judge, 2nd Judicial Circuit",,Tiffany Baker,NON,Pre 14 Shiloh Church,0,121,191,105,417
Gadsden,"Circuit Judge, 2nd Judicial Circuit",,Tiffany Baker,NON,Pre 15 St. James Baptist Churc,0,104,158,76,338
Gadsden,"Circuit Judge, 2nd Judicial Circuit",,Tiffany Baker,NON,Pre 16 National Guard Armory,,,,,632
Gadsden,"Circuit Judge, 2nd Judicial Circuit",,Tiffany Baker,NON,Pre 17 New Bethel AME Church,,,,,715
Gadsden,"Circuit Judge, 2nd Judicial Circuit",,Tiffany Baker,NON,Pre 18 St. Matthew Primitive B,,,,,584
Gadsden,"Circuit Judge, 2nd Judicial Circuit",,Tiffany Baker,NON,Pre 19 Hopewell Church,0,159,225,91,475
Gadsden,"Circuit Judge, 2nd Judicial Circuit",,Tiffany Baker,NON,Pre 20 Assembly of God,,,,,440
Gadsden,"Circuit Judge, 2nd Judicial Circuit",,Tiffany Baker,NON,Pre 21 Green Shade AME Church,0,79,78,61,218
Gadsden,"Circuit Judge, 2nd Judicial Circuit",,Tiffany Baker,NON,Pre 22 Second Elizabeth Church,,,,,358
Gadsden,"Circuit Judge, 2nd Judicial Circuit",,Tiffany Baker,NON,Pre 23 New Direction Christian,0,110,146,83,339
Gadsden,"Circuit Judge, 2nd Judicial Circuit",,Tiffany Baker,NON,Pre 24 St. Joseph Missionary B,0,85,102,107,294
Gadsden,"Circuit Judge, 2nd Judicial Circuit",,Tiffany Baker,NON,Pre 25 Elizabeth AME Church,0,82,78,64,224
Gadsden,"Circuit Judge, 2nd Judicial Circuit",,Amanda P. Wall,NON,Pre 1 Centenary United Methodi,0,167,203,108,478
Gadsden,"Circuit Judge, 2nd Judicial Circuit",,Amanda P. Wall,NON,Pre 2 Havana Public Library,0,173,298,82,553
Gadsden,"Circuit Judge, 2nd Judicial Circuit",,Amanda P. Wall,NON,Pre 3 Concordia Baptist Church,0,85,182,86,353
Gadsden,"Circuit Judge, 2nd Judicial Circuit",,Amanda P. Wall,NON,Pre 4 Eugene Lamb Recreation C,0,126,212,46,384
Gadsden,"Circuit Judge, 2nd Judicial Circuit",,Amanda P. Wall,NON,Pre 5 Quincy Recreation Center,0,119,123,52,294
Gadsden,"Circuit Judge, 2nd Judicial Circuit",,Amanda P. Wall,NON,Pre 6 Wetumpka Fire Department,0,111,155,241,507
Gadsden,"Circuit Judge, 2nd Judicial Circuit",,Amanda P. Wall,NON,Pre 7 Union Chapel AME Church,0,48,113,74,235
Gadsden,"Circuit Judge, 2nd Judicial Circuit",,Amanda P. Wall,NON,Pre 8 Sycamore Methodist Churc,0,48,69,100,217
Gadsden,"Circuit Judge, 2nd Judicial Circuit",,Amanda P. Wall,NON,Pre 9 Chattahoochee Recreation,0,126,192,66,384
Gadsden,"Circuit Judge, 2nd Judicial Circuit",,Amanda P. Wall,NON,Pre 10 Mt. Pleasant Fire Depar,,,,,119
Gadsden,"Circuit Judge, 2nd Judicial Circuit",,Amanda P. Wall,NON,Pre 11 Gretna Town Hall,0,86,94,69,249
Gadsden,"Circuit Judge, 2nd Judicial Circuit",,Amanda P. Wall,NON,Pre 12 Greensboro Town Hall,,,,,246
Gadsden,"Circuit Judge, 2nd Judicial Circuit",,Amanda P. Wall,NON,Pre 13 FAMU Research Center,0,50,62,43,155
Gadsden,"Circuit Judge, 2nd Judicial Circuit",,Amanda P. Wall,NON,Pre 14 Shiloh Church,0,64,144,69,277
Gadsden,"Circuit Judge, 2nd Judicial Circuit",,Amanda P. Wall,NON,Pre 15 St. James Baptist Churc,0,141,229,148,518
Gadsden,"Circuit Judge, 2nd Judicial Circuit",,Amanda P. Wall,NON,Pre 16 National Guard Armory,0,60,57,40,157
Gadsden,"Circuit Judge, 2nd Judicial Circuit",,Amanda P. Wall,NON,Pre 17 New Bethel AME Church,,,,,97
Gadsden,"Circuit Judge, 2nd Judicial Circuit",,Amanda P. Wall,NON,Pre 18 St. Matthew Primitive B,0,57,75,45,177
Gadsden,"Circuit Judge, 2nd Judicial Circuit",,Amanda P. Wall,NON,Pre 19 Hopewell Church,0,145,259,61,465
Gadsden,"Circuit Judge, 2nd Judicial Circuit",,Amanda P. Wall,NON,Pre 20 Assembly of God,0,75,158,71,304
Gadsden,"Circuit Judge, 2nd Judicial Circuit",,Amanda P. Wall,NON,Pre 21 Green Shade AME Church,0,50,73,46,169
Gadsden,"Circuit Judge, 2nd Judicial Circuit",,Amanda P. Wall,NON,Pre 22 Second Elizabeth Church,0,51,50,44,145
Gadsden,"Circuit Judge, 2nd Judicial Circuit",,Amanda P. Wall,NON,Pre 23 New Direction Christian,0,55,80,40,175
Gadsden,"Circuit Judge, 2nd Judicial Circuit",,Amanda P. Wall,NON,Pre 24 St. Joseph Missionary B,,,,,46
Gadsden,"Circuit Judge, 2nd Judicial Circuit",,Amanda P. Wall,NON,Pre 25 Elizabeth AME Church,,,,,66
Gadsden,School Board Member DISTRICT 1,,Cathy Johnson,NON,Pre 2 Havana Public Library,0,351,470,173,994
Gadsden,School Board Member DISTRICT 1,,Cathy Johnson,NON,Pre 3 Concordia Baptist Church,0,115,228,124,467
Gadsden,School Board Member DISTRICT 1,,Cathy Johnson,NON,Pre 4 Eugene Lamb Recreation C,,,,,1222
Gadsden,School Board Member DISTRICT 1,,Cathy Johnson,NON,Pre 14 Shiloh Church,0,124,205,121,450
Gadsden,School Board Member DISTRICT 1,,Cathy Johnson,NON,Pre 15 St. James Baptist Churc,0,69,101,65,235
Gadsden,School Board Member DISTRICT 1,,Cathy Johnson,NON,Pre 20 Assembly of God,,,,,295
Gadsden,School Board Member DISTRICT 1,,Audrey D. Lewis,NON,Pre 2 Havana Public Library,0,217,259,70,546
Gadsden,School Board Member DISTRICT 1,,Audrey D. Lewis,NON,Pre 3 Concordia Baptist Church,0,93,137,71,301
Gadsden,School Board Member DISTRICT 1,,Audrey D. Lewis,NON,Pre 4 Eugene Lamb Recreation C,,,,,1001
Gadsden,School Board Member DISTRICT 1,,Audrey D. Lewis,NON,Pre 14 Shiloh Church,0,64,119,59,242
Gadsden,School Board Member DISTRICT 1,,Audrey D. Lewis,NON,Pre 15 St. James Baptist Churc,0,57,83,38,178
Gadsden,School Board Member DISTRICT 1,,Audrey D. Lewis,NON,Pre 20 Assembly of God,,,,,136
Gadsden,Soil and Water,,Rolland Andrew Steele,NON,Pre 1 Centenary United Methodi,0,149,176,62,387
Gadsden,Soil and Water,,Rolland Andrew Steele,NON,Pre 2 Havana Public Library,0,273,371,132,776
Gadsden,Soil and Water,,Rolland Andrew Steele,NON,Pre 3 Concordia Baptist Church,0,90,172,88,350
Gadsden,Soil and Water,,Rolland Andrew Steele,NON,Pre 4 Eugene Lamb Recreation C,,,,,1329
Gadsden,Soil and Water,,Rolland Andrew Steele,NON,Pre 5 Quincy Recreation Center,0,452,455,171,1078
Gadsden,Soil and Water,,Rolland Andrew Steele,NON,Pre 6 Wetumpka Fire Department,0,75,82,112,269
Gadsden,Soil and Water,,Rolland Andrew Steele,NON,Pre 7 Union Chapel AME Church,0,119,114,95,328
Gadsden,Soil and Water,,Rolland Andrew Steele,NON,Pre 8 Sycamore Methodist Churc,0,34,62,62,158
Gadsden,Soil and Water,,Rolland Andrew Steele,NON,Pre 9 Chattahoochee Recreation,0,186,276,113,575
Gadsden,Soil and Water,,Rolland Andrew Steele,NON,Pre 10 Mt. Pleasant Fire Depar,0,44,63,62,169
Gadsden,Soil and Water,,Rolland Andrew Steele,NON,Pre 11 Gretna Town Hall,0,191,219,119,529
Gadsden,Soil and Water,,Rolland Andrew Steele,NON,Pre 12 Greensboro Town Hall,,,,,229
Gadsden,Soil and Water,,Rolland Andrew Steele,NON,Pre 13 FAMU Research Center,0,191,261,144,596
Gadsden,Soil and Water,,Rolland Andrew Steele,NON,Pre 14 Shiloh Church,0,85,151,77,313
Gadsden,Soil and Water,,Rolland Andrew Steele,NON,Pre 15 St. James Baptist Churc,0,115,142,81,338
Gadsden,Soil and Water,,Rolland Andrew Steele,NON,Pre 16 National Guard Armory,0,136,182,93,411
Gadsden,Soil and Water,,Rolland Andrew Steele,NON,Pre 17 New Bethel AME Church,,,,,469
Gadsden,Soil and Water,,Rolland Andrew Steele,NON,Pre 18 St. Matthew Primitive B,,,,,413
Gadsden,Soil and Water,,Rolland Andrew Steele,NON,Pre 19 Hopewell Church,0,157,229,67,453
Gadsden,Soil and Water,,Rolland Andrew Steele,NON,Pre 20 Assembly of God,0,98,150,58,306
Gadsden,Soil and Water,,Rolland Andrew Steele,NON,Pre 21 Green Shade AME Church,0,72,59,38,169
Gadsden,Soil and Water,,Rolland Andrew Steele,NON,Pre 22 Second Elizabeth Church,,,,,213
Gadsden,Soil and Water,,Rolland Andrew Steele,NON,Pre 23 New Direction Christian,0,59,89,46,194
Gadsden,Soil and Water,,Rolland Andrew Steele,NON,Pre 24 St. Joseph Missionary B,0,61,59,61,181
Gadsden,Soil and Water,,Rolland Andrew Steele,NON,Pre 25 Elizabeth AME Church,,,,,123
Gadsden,Soil and Water,,Sterling Lance Watson Jr,NON,Pre 1 Centenary United Methodi,0,251,317,164,732
Gadsden,Soil and Water,,Sterling Lance Watson Jr,NON,Pre 2 Havana Public Library,0,316,461,122,899
Gadsden,Soil and Water,,Sterling Lance Watson Jr,NON,Pre 3 Concordia Baptist Church,0,126,199,107,432
Gadsden,Soil and Water,,Sterling Lance Watson Jr,NON,Pre 4 Eugene Lamb Recreation C,,,,,839
Gadsden,Soil and Water,,Sterling Lance Watson Jr,NON,Pre 5 Quincy Recreation Center,0,385,381,184,950
Gadsden,Soil and Water,,Sterling Lance Watson Jr,NON,Pre 6 Wetumpka Fire Department,0,138,193,294,625
Gadsden,Soil and Water,,Sterling Lance Watson Jr,NON,Pre 7 Union Chapel AME Church,0,114,155,124,393
Gadsden,Soil and Water,,Sterling Lance Watson Jr,NON,Pre 8 Sycamore Methodist Churc,0,75,95,148,318
Gadsden,Soil and Water,,Sterling Lance Watson Jr,NON,Pre 9 Chattahoochee Recreation,0,188,283,119,590
Gadsden,Soil and Water,,Sterling Lance Watson Jr,NON,Pre 10 Mt. Pleasant Fire Depar,0,51,77,106,234
Gadsden,Soil and Water,,Sterling Lance Watson Jr,NON,Pre 11 Gretna Town Hall,0,205,227,197,629
Gadsden,Soil and Water,,Sterling Lance Watson Jr,NON,Pre 12 Greensboro Town Hall,,,,,364
Gadsden,Soil and Water,,Sterling Lance Watson Jr,NON,Pre 13 FAMU Research Center,,,,,492
Gadsden,Soil and Water,,Sterling Lance Watson Jr,NON,Pre 14 Shiloh Church,0,93,177,95,365
Gadsden,Soil and Water,,Sterling Lance Watson Jr,NON,Pre 15 St. James Baptist Churc,0,122,245,151,518
Gadsden,Soil and Water,,Sterling Lance Watson Jr,NON,Pre 16 National Guard Armory,,,,,382
Gadsden,Soil and Water,,Sterling Lance Watson Jr,NON,Pre 17 New Bethel AME Church,,,,,326
Gadsden,Soil and Water,,Sterling Lance Watson Jr,NON,Pre 18 St. Matthew Primitive B,0,118,137,89,344
Gadsden,Soil and Water,,Sterling Lance Watson Jr,NON,Pre 19 Hopewell Church,0,140,256,83,479
Gadsden,Soil and Water,,Sterling Lance Watson Jr,NON,Pre 20 Assembly of God,,,,,431
Gadsden,Soil and Water,,Sterling Lance Watson Jr,NON,Pre 21 Green Shade AME Church,0,57,91,70,218
Gadsden,Soil and Water,,Sterling Lance Watson Jr,NON,Pre 22 Second Elizabeth Church,,,,,301
Gadsden,Soil and Water,,Sterling Lance Watson Jr,NON,Pre 23 New Direction Christian,0,112,137,76,325
Gadsden,Soil and Water,,Sterling Lance Watson Jr,NON,Pre 24 St. Joseph Missionary B,0,45,48,61,154
Gadsden,Soil and Water,,Sterling Lance Watson Jr,NON,Pre 25 Elizabeth AME Church,0,60,55,47,162
Gadsden,No. 1,,Yes,NON,Pre 1 Centenary United Methodi,0,308,374,198,880
Gadsden,No. 1,,Yes,NON,Pre 2 Havana Public Library,0,509,718,226,1453
Gadsden,No. 1,,Yes,NON,Pre 3 Concordia Baptist Church,0,171,328,185,684
Gadsden,No. 1,,Yes,NON,Pre 4 Eugene Lamb Recreation C,,,,,1675
Gadsden,No. 1,,Yes,NON,Pre 5 Quincy Recreation Center,0,684,650,270,1604
Gadsden,No. 1,,Yes,NON,Pre 6 Wetumpka Fire Department,0,192,247,391,830
Gadsden,No. 1,,Yes,NON,Pre 7 Union Chapel AME Church,0,192,218,187,597
Gadsden,No. 1,,Yes,NON,Pre 8 Sycamore Methodist Churc,0,97,148,194,439
Gadsden,No. 1,,Yes,NON,Pre 9 Chattahoochee Recreation,0,334,512,205,1051
Gadsden,No. 1,,Yes,NON,Pre 10 Mt. Pleasant Fire Depar,0,85,121,143,349
Gadsden,No. 1,,Yes,NON,Pre 11 Gretna Town Hall,0,321,321,276,918
Gadsden,No. 1,,Yes,NON,Pre 12 Greensboro Town Hall,,,,,498
Gadsden,No. 1,,Yes,NON,Pre 13 FAMU Research Center,,,,,820
Gadsden,No. 1,,Yes,NON,Pre 14 Shiloh Church,0,166,301,156,623
Gadsden,No. 1,,Yes,NON,Pre 15 St. James Baptist Churc,0,210,369,235,814
Gadsden,No. 1,,Yes,NON,Pre 16 National Guard Armory,,,,,608
Gadsden,No. 1,,Yes,NON,Pre 17 New Bethel AME Church,,,,,558
Gadsden,No. 1,,Yes,NON,Pre 18 St. Matthew Primitive B,,,,,606
Gadsden,No. 1,,Yes,NON,Pre 19 Hopewell Church,0,265,446,141,852
Gadsden,No. 1,,Yes,NON,Pre 20 Assembly of God,,,,,658
Gadsden,No. 1,,Yes,NON,Pre 21 Green Shade AME Church,0,96,125,85,306
Gadsden,No. 1,,Yes,NON,Pre 22 Second Elizabeth Church,,,,,385
Gadsden,No. 1,,Yes,NON,Pre 23 New Direction Christian,0,145,176,105,426
Gadsden,No. 1,,Yes,NON,Pre 24 St. Joseph Missionary B,0,99,75,97,271
Gadsden,No. 1,,Yes,NON,Pre 25 Elizabeth AME Church,0,93,90,61,244
Gadsden,No. 1,,No,NON,Pre 1 Centenary United Methodi,0,107,135,31,273
Gadsden,No. 1,,No,NON,Pre 2 Havana Public Library,0,136,198,50,384
Gadsden,No. 1,,No,NON,Pre 3 Concordia Baptist Church,,,,,168
Gadsden,No. 1,,No,NON,Pre 4 Eugene Lamb Recreation C,,,,,626
Gadsden,No. 1,,No,NON,Pre 5 Quincy Recreation Center,0,173,202,93,468
Gadsden,No. 1,,No,NON,Pre 6 Wetumpka Fire Department,0,43,69,54,166
Gadsden,No. 1,,No,NON,Pre 7 Union Chapel AME Church,0,43,61,41,145
Gadsden,No. 1,,No,NON,Pre 8 Sycamore Methodist Churc,,,,,82
Gadsden,No. 1,,No,NON,Pre 9 Chattahoochee Recreation,0,68,85,36,189
Gadsden,No. 1,,No,NON,Pre 10 Mt. Pleasant Fire Depar,,,,,68
Gadsden,No. 1,,No,NON,Pre 11 Gretna Town Hall,0,88,142,48,278
Gadsden,No. 1,,No,NON,Pre 12 Greensboro Town Hall,,,,,114
Gadsden,No. 1,,No,NON,Pre 13 FAMU Research Center,0,87,139,51,277
Gadsden,No. 1,,No,NON,Pre 14 Shiloh Church,0,32,67,33,132
Gadsden,No. 1,,No,NON,Pre 15 St. James Baptist Churc,0,73,78,38,189
Gadsden,No. 1,,No,NON,Pre 16 National Guard Armory,0,62,100,40,202
Gadsden,No. 1,,No,NON,Pre 17 New Bethel AME Church,0,74,136,47,257
Gadsden,No. 1,,No,NON,Pre 18 St. Matthew Primitive B,0,67,79,38,184
Gadsden,No. 1,,No,NON,Pre 19 Hopewell Church,0,81,131,30,242
Gadsden,No. 1,,No,NON,Pre 20 Assembly of God,,,,,161
Gadsden,No. 1,,No,NON,Pre 21 Green Shade AME Church,,,,,116
Gadsden,No. 1,,No,NON,Pre 22 Second Elizabeth Church,0,50,47,38,135
Gadsden,No. 1,,No,NON,Pre 23 New Direction Christian,,,,,112
Gadsden,No. 1,,No,NON,Pre 24 St. Joseph Missionary B,,,,,72
Gadsden,No. 1,,No,NON,Pre 25 Elizabeth AME Church,,,,,51
Gadsden,No. 2,,Yes,NON,Pre 1 Centenary United Methodi,0,277,288,107,672
Gadsden,No. 2,,Yes,NON,Pre 2 Havana Public Library,0,490,563,176,1229
Gadsden,No. 2,,Yes,NON,Pre 3 Concordia Baptist Church,0,140,183,82,405
Gadsden,No. 2,,Yes,NON,Pre 4 Eugene Lamb Recreation C,,,,,1834
Gadsden,No. 2,,Yes,NON,Pre 5 Quincy Recreation Center,0,763,722,295,1780
Gadsden,No. 2,,Yes,NON,Pre 6 Wetumpka Fire Department,0,152,132,137,421
Gadsden,No. 2,,Yes,NON,Pre 7 Union Chapel AME Church,0,193,164,145,502
Gadsden,No. 2,,Yes,NON,Pre 8 Sycamore Methodist Churc,0,69,79,85,233
Gadsden,No. 2,,Yes,NON,Pre 9 Chattahoochee Recreation,0,301,353,148,802
Gadsden,No. 2,,Yes,NON,Pre 10 Mt. Pleasant Fire Depar,0,75,87,104,266
Gadsden,No. 2,,Yes,NON,Pre 11 Gretna Town Hall,0,326,340,238,904
Gadsden,No. 2,,Yes,NON,Pre 12 Greensboro Town Hall,,,,,334
Gadsden,No. 2,,Yes,NON,Pre 13 FAMU Research Center,,,,,927
Gadsden,No. 2,,Yes,NON,Pre 14 Shiloh Church,0,134,190,100,424
Gadsden,No. 2,,Yes,NON,Pre 15 St. James Baptist Churc,0,158,153,60,371
Gadsden,No. 2,,Yes,NON,Pre 16 National Guard Armory,,,,,628
Gadsden,No. 2,,Yes,NON,Pre 17 New Bethel AME Church,,,,,697
Gadsden,No. 2,,Yes,NON,Pre 18 St. Matthew Primitive B,,,,,592
Gadsden,No. 2,,Yes,NON,Pre 19 Hopewell Church,0,219,241,67,527
Gadsden,No. 2,,Yes,NON,Pre 20 Assembly of God,,,,,433
Gadsden,No. 2,,Yes,NON,Pre 21 Green Shade AME Church,0,100,83,53,236
Gadsden,No. 2,,Yes,NON,Pre 22 Second Elizabeth Church,,,,,377
Gadsden,No. 2,,Yes,NON,Pre 23 New Direction Christian,0,127,159,90,376
Gadsden,No. 2,,Yes,NON,Pre 24 St. Joseph Missionary B,0,99,100,110,309
Gadsden,No. 2,,Yes,NON,Pre 25 Elizabeth AME Church,0,86,85,55,226
Gadsden,No. 2,,No,NON,Pre 1 Centenary United Methodi,0,138,224,123,485
Gadsden,No. 2,,No,NON,Pre 2 Havana Public Library,0,154,349,101,604
Gadsden,No. 2,,No,NON,Pre 3 Concordia Baptist Church,0,88,230,131,449
Gadsden,No. 2,,No,NON,Pre 4 Eugene Lamb Recreation C,,,,,494
Gadsden,No. 2,,No,NON,Pre 5 Quincy Recreation Center,0,109,137,67,313
Gadsden,No. 2,,No,NON,Pre 6 Wetumpka Fire Department,0,86,183,311,580
Gadsden,No. 2,,No,NON,Pre 7 Union Chapel AME Church,0,44,117,82,243
Gadsden,No. 2,,No,NON,Pre 8 Sycamore Methodist Churc,0,51,94,139,284
Gadsden,No. 2,,No,NON,Pre 9 Chattahoochee Recreation,0,105,248,91,444
Gadsden,No. 2,,No,NON,Pre 10 Mt. Pleasant Fire Depar,,,,,150
Gadsden,No. 2,,No,NON,Pre 11 Gretna Town Hall,0,83,122,91,296
Gadsden,No. 2,,No,NON,Pre 12 Greensboro Town Hall,,,,,273
Gadsden,No. 2,,No,NON,Pre 13 FAMU Research Center,0,45,68,56,169
Gadsden,No. 2,,No,NON,Pre 14 Shiloh Church,0,63,178,91,332
Gadsden,No. 2,,No,NON,Pre 15 St. James Baptist Churc,0,121,296,216,633
Gadsden,No. 2,,No,NON,Pre 16 National Guard Armory,0,54,73,58,185
Gadsden,No. 2,,No,NON,Pre 17 New Bethel AME Church,0,35,60,32,127
Gadsden,No. 2,,No,NON,Pre 18 St. Matthew Primitive B,0,43,96,57,196
Gadsden,No. 2,,No,NON,Pre 19 Hopewell Church,0,135,335,107,577
Gadsden,No. 2,,No,NON,Pre 20 Assembly of God,0,86,228,79,393
Gadsden,No. 2,,No,NON,Pre 21 Green Shade AME Church,0,42,85,61,188
Gadsden,No. 2,,No,NON,Pre 22 Second Elizabeth Church,0,43,57,49,149
Gadsden,No. 2,,No,NON,Pre 23 New Direction Christian,0,49,73,41,163
Gadsden,No. 2,,No,NON,Pre 24 St. Joseph Missionary B,,,,,39
Gadsden,No. 2,,No,NON,Pre 25 Elizabeth AME Church,,,,,69
Gadsden,No. 3,,Yes,NON,Pre 1 Centenary United Methodi,0,245,280,120,645
Gadsden,No. 3,,Yes,NON,Pre 2 Havana Public Library,0,401,536,192,1129
Gadsden,No. 3,,Yes,NON,Pre 3 Concordia Baptist Church,0,135,198,103,436
Gadsden,No. 3,,Yes,NON,Pre 4 Eugene Lamb Recreation C,,,,,1372
Gadsden,No. 3,,Yes,NON,Pre 5 Quincy Recreation Center,0,588,542,249,1379
Gadsden,No. 3,,Yes,NON,Pre 6 Wetumpka Fire Department,0,127,157,212,496
Gadsden,No. 3,,Yes,NON,Pre 7 Union Chapel AME Church,0,138,163,141,442
Gadsden,No. 3,,Yes,NON,Pre 8 Sycamore Methodist Churc,0,70,89,118,277
Gadsden,No. 3,,Yes,NON,Pre 9 Chattahoochee Recreation,0,258,332,151,741
Gadsden,No. 3,,Yes,NON,Pre 10 Mt. Pleasant Fire Depar,0,67,87,113,267
Gadsden,No. 3,,Yes,NON,Pre 11 Gretna Town Hall,0,277,234,214,725
Gadsden,No. 3,,Yes,NON,Pre 12 Greensboro Town Hall,,,,,378
Gadsden,No. 3,,Yes,NON,Pre 13 FAMU Research Center,,,,,692
Gadsden,No. 3,,Yes,NON,Pre 14 Shiloh Church,0,117,193,113,423
Gadsden,No. 3,,Yes,NON,Pre 15 St. James Baptist Churc,0,168,212,105,485
Gadsden,No. 3,,Yes,NON,Pre 16 National Guard Armory,,,,,503
Gadsden,No. 3,,Yes,NON,Pre 17 New Bethel AME Church,,,,,472
Gadsden,No. 3,,Yes,NON,Pre 18 St. Matthew Primitive B,,,,,446
Gadsden,No. 3,,Yes,NON,Pre 19 Hopewell Church,0,187,287,87,561
Gadsden,No. 3,,Yes,NON,Pre 20 Assembly of God,,,,,468
Gadsden,No. 3,,Yes,NON,Pre 21 Green Shade AME Church,0,83,88,57,228
Gadsden,No. 3,,Yes,NON,Pre 22 Second Elizabeth Church,,,,,305
Gadsden,No. 3,,Yes,NON,Pre 23 New Direction Christian,0,125,141,75,341
Gadsden,No. 3,,Yes,NON,Pre 24 St. Joseph Missionary B,0,63,78,84,225
Gadsden,No. 3,,Yes,NON,Pre 25 Elizabeth AME Church,0,54,70,50,174
Gadsden,No. 3,,No,NON,Pre 1 Centenary United Methodi,0,167,225,105,497
Gadsden,No. 3,,No,NON,Pre 2 Havana Public Library,0,231,367,80,678
Gadsden,No. 3,,No,NON,Pre 3 Concordia Baptist Church,0,92,203,103,398
Gadsden,No. 3,,No,NON,Pre 4 Eugene Lamb Recreation C,,,,,917
Gadsden,No. 3,,No,NON,Pre 5 Quincy Recreation Center,0,263,302,110,675
Gadsden,No. 3,,No,NON,Pre 6 Wetumpka Fire Department,0,99,153,229,481
Gadsden,No. 3,,No,NON,Pre 7 Union Chapel AME Church,0,97,112,84,293
Gadsden,No. 3,,No,NON,Pre 8 Sycamore Methodist Churc,0,47,81,103,231
Gadsden,No. 3,,No,NON,Pre 9 Chattahoochee Recreation,0,142,247,84,473
Gadsden,No. 3,,No,NON,Pre 10 Mt. Pleasant Fire Depar,0,32,58,55,145
Gadsden,No. 3,,No,NON,Pre 11 Gretna Town Hall,0,127,220,109,456
Gadsden,No. 3,,No,NON,Pre 12 Greensboro Town Hall,,,,,224
Gadsden,No. 3,,No,NON,Pre 13 FAMU Research Center,0,131,179,91,401
Gadsden,No. 3,,No,NON,Pre 14 Shiloh Church,0,76,167,71,314
Gadsden,No. 3,,No,NON,Pre 15 St. James Baptist Churc,0,106,224,152,482
Gadsden,No. 3,,No,NON,Pre 16 National Guard Armory,0,90,135,61,286
Gadsden,No. 3,,No,NON,Pre 17 New Bethel AME Church,,,,,336
Gadsden,No. 3,,No,NON,Pre 18 St. Matthew Primitive B,0,103,143,77,323
Gadsden,No. 3,,No,NON,Pre 19 Hopewell Church,0,157,284,81,522
Gadsden,No. 3,,No,NON,Pre 20 Assembly of God,0,88,206,56,350
Gadsden,No. 3,,No,NON,Pre 21 Green Shade AME Church,0,54,77,56,187
Gadsden,No. 3,,No,NON,Pre 22 Second Elizabeth Church,0,82,61,66,209
Gadsden,No. 3,,No,NON,Pre 23 New Direction Christian,0,50,86,47,183
Gadsden,No. 3,,No,NON,Pre 24 St. Joseph Missionary B,,,,,110
Gadsden,No. 3,,No,NON,Pre 25 Elizabeth AME Church,,,,,115
Gadsden,No. 4,,Yes,NON,Pre 1 Centenary United Methodi,0,180,245,132,557
Gadsden,No. 4,,Yes,NON,Pre 2 Havana Public Library,0,354,510,184,1048
Gadsden,No. 4,,Yes,NON,Pre 3 Concordia Baptist Church,0,113,190,111,414
Gadsden,No. 4,,Yes,NON,Pre 4 Eugene Lamb Recreation C,,,,,1209
Gadsden,No. 4,,Yes,NON,Pre 5 Quincy Recreation Center,0,484,511,220,1215
Gadsden,No. 4,,Yes,NON,Pre 6 Wetumpka Fire Department,0,115,135,238,488
Gadsden,No. 4,,Yes,NON,Pre 7 Union Chapel AME Church,0,109,152,139,400
Gadsden,No. 4,,Yes,NON,Pre 8 Sycamore Methodist Churc,0,62,88,118,268
Gadsden,No. 4,,Yes,NON,Pre 9 Chattahoochee Recreation,0,204,343,146,693
Gadsden,No. 4,,Yes,NON,Pre 10 Mt. Pleasant Fire Depar,0,50,75,115,240
Gadsden,No. 4,,Yes,NON,Pre 11 Gretna Town Hall,0,222,222,211,655
Gadsden,No. 4,,Yes,NON,Pre 12 Greensboro Town Hall,,,,,347
Gadsden,No. 4,,Yes,NON,Pre 13 FAMU Research Center,0,206,237,193,636
Gadsden,No. 4,,Yes,NON,Pre 14 Shiloh Church,0,106,192,103,401
Gadsden,No. 4,,Yes,NON,Pre 15 St. James Baptist Churc,0,109,214,137,460
Gadsden,No. 4,,Yes,NON,Pre 16 National Guard Armory,,,,,426
Gadsden,No. 4,,Yes,NON,Pre 17 New Bethel AME Church,,,,,415
Gadsden,No. 4,,Yes,NON,Pre 18 St. Matthew Primitive B,,,,,439
Gadsden,No. 4,,Yes,NON,Pre 19 Hopewell Church,0,136,265,81,482
Gadsden,No. 4,,Yes,NON,Pre 20 Assembly of God,,,,,423
Gadsden,No. 4,,Yes,NON,Pre 21 Green Shade AME Church,0,63,87,58,208
Gadsden,No. 4,,Yes,NON,Pre 22 Second Elizabeth Church,,,,,262
Gadsden,No. 4,,Yes,NON,Pre 23 New Direction Christian,0,107,133,76,316
Gadsden,No. 4,,Yes,NON,Pre 24 St. Joseph Missionary B,0,65,67,83,215
Gadsden,No. 4,,Yes,NON,Pre 25 Elizabeth AME Church,0,53,65,51,169
Gadsden,No. 4,,No,NON,Pre 1 Centenary United Methodi,0,223,250,91,564
Gadsden,No. 4,,No,NON,Pre 2 Havana Public Library,0,269,387,87,743
Gadsden,No. 4,,No,NON,Pre 3 Concordia Baptist Church,0,112,210,93,415
Gadsden,No. 4,,No,NON,Pre 4 Eugene Lamb Recreation C,,,,,1068
Gadsden,No. 4,,No,NON,Pre 5 Quincy Recreation Center,0,358,328,138,824
Gadsden,No. 4,,No,NON,Pre 6 Wetumpka Fire Department,0,108,169,197,474
Gadsden,No. 4,,No,NON,Pre 7 Union Chapel AME Church,0,124,119,84,327
Gadsden,No. 4,,No,NON,Pre 8 Sycamore Methodist Churc,0,54,80,101,235
Gadsden,No. 4,,No,NON,Pre 9 Chattahoochee Recreation,0,186,228,90,504
Gadsden,No. 4,,No,NON,Pre 10 Mt. Pleasant Fire Depar,0,47,71,51,169
Gadsden,No. 4,,No,NON,Pre 11 Gretna Town Hall,0,178,228,108,514
Gadsden,No. 4,,No,NON,Pre 12 Greensboro Town Hall,,,,,246
Gadsden,No. 4,,No,NON,Pre 13 FAMU Research Center,,,,,440
Gadsden,No. 4,,No,NON,Pre 14 Shiloh Church,0,87,161,78,326
Gadsden,No. 4,,No,NON,Pre 15 St. James Baptist Churc,0,159,221,118,498
Gadsden,No. 4,,No,NON,Pre 16 National Guard Armory,0,121,165,73,359
Gadsden,No. 4,,No,NON,Pre 17 New Bethel AME Church,0,124,188,68,380
Gadsden,No. 4,,No,NON,Pre 18 St. Matthew Primitive B,0,116,141,67,324
Gadsden,No. 4,,No,NON,Pre 19 Hopewell Church,0,202,300,85,587
Gadsden,No. 4,,No,NON,Pre 20 Assembly of God,0,120,201,67,388
Gadsden,No. 4,,No,NON,Pre 21 Green Shade AME Church,0,73,74,54,201
Gadsden,No. 4,,No,NON,Pre 22 Second Elizabeth Church,,,,,249
Gadsden,No. 4,,No,NON,Pre 23 New Direction Christian,0,65,94,46,205
Gadsden,No. 4,,No,NON,Pre 24 St. Joseph Missionary B,0,41,39,37,117
Gadsden,No. 4,,No,NON,Pre 25 Elizabeth AME Church,,,,,118
Gadsden,No. 5,,Yes,NON,Pre 1 Centenary United Methodi,0,264,327,154,745
Gadsden,No. 5,,Yes,NON,Pre 2 Havana Public Library,0,432,637,190,1259
Gadsden,No. 5,,Yes,NON,Pre 3 Concordia Baptist Church,0,152,262,141,555
Gadsden,No. 5,,Yes,NON,Pre 4 Eugene Lamb Recreation C,,,,,1528
Gadsden,No. 5,,Yes,NON,Pre 5 Quincy Recreation Center,0,563,570,241,1374
Gadsden,No. 5,,Yes,NON,Pre 6 Wetumpka Fire Department,0,150,206,297,653
Gadsden,No. 5,,Yes,NON,Pre 7 Union Chapel AME Church,0,169,184,169,522
Gadsden,No. 5,,Yes,NON,Pre 8 Sycamore Methodist Churc,0,75,113,135,323
Gadsden,No. 5,,Yes,NON,Pre 9 Chattahoochee Recreation,0,303,397,168,868
Gadsden,No. 5,,Yes,NON,Pre 10 Mt. Pleasant Fire Depar,0,72,104,109,285
Gadsden,No. 5,,Yes,NON,Pre 11 Gretna Town Hall,0,270,273,226,769
Gadsden,No. 5,,Yes,NON,Pre 12 Greensboro Town Hall,,,,,417
Gadsden,No. 5,,Yes,NON,Pre 13 FAMU Research Center,,,,,713
Gadsden,No. 5,,Yes,NON,Pre 14 Shiloh Church,0,156,233,130,519
Gadsden,No. 5,,Yes,NON,Pre 15 St. James Baptist Churc,0,170,281,172,623
Gadsden,No. 5,,Yes,NON,Pre 16 National Guard Armory,0,187,207,128,522
Gadsden,No. 5,,Yes,NON,Pre 17 New Bethel AME Church,0,180,230,123,533
Gadsden,No. 5,,Yes,NON,Pre 18 St. Matthew Primitive B,0,194,211,132,537
Gadsden,No. 5,,Yes,NON,Pre 19 Hopewell Church,0,227,385,113,725
Gadsden,No. 5,,Yes,NON,Pre 20 Assembly of God,0,151,278,106,535
Gadsden,No. 5,,Yes,NON,Pre 21 Green Shade AME Church,0,89,108,67,264
Gadsden,No. 5,,Yes,NON,Pre 22 Second Elizabeth Church,,,,,336
Gadsden,No. 5,,Yes,NON,Pre 23 New Direction Christian,0,120,172,81,373
Gadsden,No. 5,,Yes,NON,Pre 24 St. Joseph Missionary B,0,75,75,84,234
Gadsden,No. 5,,Yes,NON,Pre 25 Elizabeth AME Church,0,68,65,52,185
Gadsden,No. 5,,No,NON,Pre 1 Centenary United Methodi,0,143,167,69,379
Gadsden,No. 5,,No,NON,Pre 2 Havana Public Library,0,187,258,79,524
Gadsden,No. 5,,No,NON,Pre 3 Concordia Baptist Church,0,71,139,66,276
Gadsden,No. 5,,No,NON,Pre 4 Eugene Lamb Recreation C,,,,,741
Gadsden,No. 5,,No,NON,Pre 5 Quincy Recreation Center,0,284,269,117,670
Gadsden,No. 5,,No,NON,Pre 6 Wetumpka Fire Department,0,71,96,137,304
Gadsden,No. 5,,No,NON,Pre 7 Union Chapel AME Church,0,66,87,54,207
Gadsden,No. 5,,No,NON,Pre 8 Sycamore Methodist Churc,0,42,55,84,181
Gadsden,No. 5,,No,NON,Pre 9 Chattahoochee Recreation,0,86,177,69,332
Gadsden,No. 5,,No,NON,Pre 10 Mt. Pleasant Fire Depar,,,,,127
Gadsden,No. 5,,No,NON,Pre 11 Gretna Town Hall,0,132,179,96,407
Gadsden,No. 5,,No,NON,Pre 12 Greensboro Town Hall,,,,,176
Gadsden,No. 5,,No,NON,Pre 13 FAMU Research Center,0,120,151,101,372
Gadsden,No. 5,,No,NON,Pre 14 Shiloh Church,0,41,122,53,216
Gadsden,No. 5,,No,NON,Pre 15 St. James Baptist Churc,0,99,154,81,334
Gadsden,No. 5,,No,NON,Pre 16 National Guard Armory,,,,,267
Gadsden,No. 5,,No,NON,Pre 17 New Bethel AME Church,,,,,266
Gadsden,No. 5,,No,NON,Pre 18 St. Matthew Primitive B,,,,,235
Gadsden,No. 5,,No,NON,Pre 19 Hopewell Church,0,114,176,52,342
Gadsden,No. 5,,No,NON,Pre 20 Assembly of God,,,,,267
Gadsden,No. 5,,No,NON,Pre 21 Green Shade AME Church,0,49,57,46,152
Gadsden,No. 5,,No,NON,Pre 22 Second Elizabeth Church,0,65,58,51,174
Gadsden,No. 5,,No,NON,Pre 23 New Direction Christian,0,48,55,42,145
Gadsden,No. 5,,No,NON,Pre 24 St. Joseph Missionary B,0,35,30,36,101
Gadsden,No. 5,,No,NON,Pre 25 Elizabeth AME Church,,,,,103
Gadsden,No. 6,,Yes,NON,Pre 1 Centenary United Methodi,0,347,423,199,969
Gadsden,No. 6,,Yes,NON,Pre 2 Havana Public Library,0,569,765,241,1575
Gadsden,No. 6,,Yes,NON,Pre 3 Concordia Baptist Church,0,189,342,177,708
Gadsden,No. 6,,Yes,NON,Pre 4 Eugene Lamb Recreation C,,,,,2029
Gadsden,No. 6,,Yes,NON,Pre 5 Quincy Recreation Center,0,735,732,303,1770
Gadsden,No. 6,,Yes,NON,Pre 6 Wetumpka Fire Department,0,187,257,378,822
Gadsden,No. 6,,Yes,NON,Pre 7 Union Chapel AME Church,0,211,230,194,635
Gadsden,No. 6,,Yes,NON,Pre 8 Sycamore Methodist Churc,0,106,150,188,444
Gadsden,No. 6,,Yes,NON,Pre 9 Chattahoochee Recreation,0,353,522,197,1072
Gadsden,No. 6,,Yes,NON,Pre 10 Mt. Pleasant Fire Depar,0,87,124,146,357
Gadsden,No. 6,,Yes,NON,Pre 11 Gretna Town Hall,0,350,366,279,995
Gadsden,No. 6,,Yes,NON,Pre 12 Greensboro Town Hall,,,,,540
Gadsden,No. 6,,Yes,NON,Pre 13 FAMU Research Center,,,,,927
Gadsden,No. 6,,Yes,NON,Pre 14 Shiloh Church,0,184,316,161,661
Gadsden,No. 6,,Yes,NON,Pre 15 St. James Baptist Churc,0,232,380,216,828
Gadsden,No. 6,,Yes,NON,Pre 16 National Guard Armory,0,238,271,167,676
Gadsden,No. 6,,Yes,NON,Pre 17 New Bethel AME Church,,,,,708
Gadsden,No. 6,,Yes,NON,Pre 18 St. Matthew Primitive B,,,,,686
Gadsden,No. 6,,Yes,NON,Pre 19 Hopewell Church,0,296,485,152,933
Gadsden,No. 6,,Yes,NON,Pre 20 Assembly of God,0,199,362,137,698
Gadsden,No. 6,,Yes,NON,Pre 21 Green Shade AME Church,0,115,135,94,344
Gadsden,No. 6,,Yes,NON,Pre 22 Second Elizabeth Church,,,,,443
Gadsden,No. 6,,Yes,NON,Pre 23 New Direction Christian,0,155,195,113,463
Gadsden,No. 6,,Yes,NON,Pre 24 St. Joseph Missionary B,0,98,93,100,291
Gadsden,No. 6,,Yes,NON,Pre 25 Elizabeth AME Church,0,92,92,65,249
Gadsden,No. 6,,No,NON,Pre 1 Centenary United Methodi,,,,,168
Gadsden,No. 6,,No,NON,Pre 2 Havana Public Library,0,68,139,31,238
Gadsden,No. 6,,No,NON,Pre 3 Concordia Baptist Church,0,41,63,30,134
Gadsden,No. 6,,No,NON,Pre 4 Eugene Lamb Recreation C,0,66,145,50,261
Gadsden,No. 6,,No,NON,Pre 5 Quincy Recreation Center,0,113,108,58,279
Gadsden,No. 6,,No,NON,Pre 6 Wetumpka Fire Department,0,37,53,58,148
Gadsden,No. 6,,No,NON,Pre 7 Union Chapel AME Church,,,,,102
Gadsden,No. 6,,No,NON,Pre 8 Sycamore Methodist Churc,,,,,68
Gadsden,No. 6,,No,NON,Pre 9 Chattahoochee Recreation,0,46,58,38,142
Gadsden,No. 6,,No,NON,Pre 10 Mt. Pleasant Fire Depar,,,,,55
Gadsden,No. 6,,No,NON,Pre 11 Gretna Town Hall,0,52,83,41,176
Gadsden,No. 6,,No,NON,Pre 12 Greensboro Town Hall,,,,,61
Gadsden,No. 6,,No,NON,Pre 13 FAMU Research Center,0,49,59,49,157
Gadsden,No. 6,,No,NON,Pre 14 Shiloh Church,,,,,88
Gadsden,No. 6,,No,NON,Pre 15 St. James Baptist Churc,0,44,61,42,147
Gadsden,No. 6,,No,NON,Pre 16 National Guard Armory,,,,,113
Gadsden,No. 6,,No,NON,Pre 17 New Bethel AME Church,,,,,99
Gadsden,No. 6,,No,NON,Pre 18 St. Matthew Primitive B,,,,,94
Gadsden,No. 6,,No,NON,Pre 19 Hopewell Church,,,,,153
Gadsden,No. 6,,No,NON,Pre 20 Assembly of God,,,,,119
Gadsden,No. 6,,No,NON,Pre 21 Green Shade AME Church,,,,,70
Gadsden,No. 6,,No,NON,Pre 22 Second Elizabeth Church,,,,,74
Gadsden,No. 6,,No,NON,Pre 23 New Direction Christian,,,,,62
Gadsden,No. 6,,No,NON,Pre 24 St. Joseph Missionary B,,,,,47
Gadsden,No. 6,,No,NON,Pre 25 Elizabeth AME Church,,,,,43
