county,precinct,office,district,party,candidate,votes
Martin,1,President and Vice President,,REP,Donald J. Trump,3073
Martin,2,President and Vice President,,REP,Donald J. Trump,3579
Martin,3,President and Vice President,,REP,Donald J. Trump,53
Martin,4,President and Vice President,,REP,Donald J. Trump,2207
Martin,5,President and Vice President,,REP,Donald J. Trump,870
Martin,6,President and Vice President,,REP,Donald J. Trump,2523
Martin,7,President and Vice President,,REP,Donald J. Trump,2758
Martin,8,President and Vice President,,REP,Donald J. Trump,659
Martin,9,President and Vice President,,REP,Donald J. Trump,1399
Martin,10,President and Vice President,,REP,Donald J. Trump,981
Martin,11,President and Vice President,,REP,Donald J. Trump,1619
Martin,12,President and Vice President,,REP,Donald J. Trump,3170
Martin,13,President and Vice President,,REP,Donald J. Trump,3465
Martin,14,President and Vice President,,REP,Donald J. Trump,1905
Martin,15,President and Vice President,,REP,Donald J. Trump,1702
Martin,16,President and Vice President,,REP,Donald J. Trump,1377
Martin,17,President and Vice President,,REP,Donald J. Trump,2171
Martin,18,President and Vice President,,REP,Donald J. Trump,2950
Martin,19,President and Vice President,,REP,Donald J. Trump,2879
Martin,20,President and Vice President,,REP,Donald J. Trump,1489
Martin,21,President and Vice President,,REP,Donald J. Trump,3382
Martin,22,President and Vice President,,REP,Donald J. Trump,1583
Martin,23,President and Vice President,,REP,Donald J. Trump,2998
Martin,24,President and Vice President,,REP,Donald J. Trump,2407
Martin,25,President and Vice President,,REP,Donald J. Trump,3303
Martin,26,President and Vice President,,REP,Donald J. Trump,3153
Martin,27,President and Vice President,,REP,Donald J. Trump,3110
Martin,28,President and Vice President,,REP,Donald J. Trump,403
Martin,1,President and Vice President,,DEM,Joseph R. Biden,1888
Martin,2,President and Vice President,,DEM,Joseph R. Biden,2197
Martin,3,President and Vice President,,DEM,Joseph R. Biden,431
Martin,4,President and Vice President,,DEM,Joseph R. Biden,1511
Martin,5,President and Vice President,,DEM,Joseph R. Biden,532
Martin,6,President and Vice President,,DEM,Joseph R. Biden,1829
Martin,7,President and Vice President,,DEM,Joseph R. Biden,2255
Martin,8,President and Vice President,,DEM,Joseph R. Biden,920
Martin,9,President and Vice President,,DEM,Joseph R. Biden,747
Martin,10,President and Vice President,,DEM,Joseph R. Biden,639
Martin,11,President and Vice President,,DEM,Joseph R. Biden,1016
Martin,12,President and Vice President,,DEM,Joseph R. Biden,2016
Martin,13,President and Vice President,,DEM,Joseph R. Biden,1963
Martin,14,President and Vice President,,DEM,Joseph R. Biden,1627
Martin,15,President and Vice President,,DEM,Joseph R. Biden,1006
Martin,16,President and Vice President,,DEM,Joseph R. Biden,861
Martin,17,President and Vice President,,DEM,Joseph R. Biden,732
Martin,18,President and Vice President,,DEM,Joseph R. Biden,1656
Martin,19,President and Vice President,,DEM,Joseph R. Biden,1881
Martin,20,President and Vice President,,DEM,Joseph R. Biden,721
Martin,21,President and Vice President,,DEM,Joseph R. Biden,1622
Martin,22,President and Vice President,,DEM,Joseph R. Biden,991
Martin,23,President and Vice President,,DEM,Joseph R. Biden,1538
Martin,24,President and Vice President,,DEM,Joseph R. Biden,1156
Martin,25,President and Vice President,,DEM,Joseph R. Biden,1714
Martin,26,President and Vice President,,DEM,Joseph R. Biden,1700
Martin,27,President and Vice President,,DEM,Joseph R. Biden,1548
Martin,28,President and Vice President,,DEM,Joseph R. Biden,196
Martin,1,President and Vice President,,LPF,Jo Jorgensen,22
Martin,2,President and Vice President,,LPF,Jo Jorgensen,33
Martin,3,President and Vice President,,LPF,Jo Jorgensen,5
Martin,4,President and Vice President,,LPF,Jo Jorgensen,23
Martin,5,President and Vice President,,LPF,Jo Jorgensen,3
Martin,6,President and Vice President,,LPF,Jo Jorgensen,19
Martin,7,President and Vice President,,LPF,Jo Jorgensen,22
Martin,8,President and Vice President,,LPF,Jo Jorgensen,5
Martin,9,President and Vice President,,LPF,Jo Jorgensen,4
Martin,10,President and Vice President,,LPF,Jo Jorgensen,10
Martin,11,President and Vice President,,LPF,Jo Jorgensen,21
Martin,12,President and Vice President,,LPF,Jo Jorgensen,18
Martin,13,President and Vice President,,LPF,Jo Jorgensen,21
Martin,14,President and Vice President,,LPF,Jo Jorgensen,21
Martin,15,President and Vice President,,LPF,Jo Jorgensen,9
Martin,16,President and Vice President,,LPF,Jo Jorgensen,14
Martin,17,President and Vice President,,LPF,Jo Jorgensen,12
Martin,18,President and Vice President,,LPF,Jo Jorgensen,26
Martin,19,President and Vice President,,LPF,Jo Jorgensen,23
Martin,20,President and Vice President,,LPF,Jo Jorgensen,9
Martin,21,President and Vice President,,LPF,Jo Jorgensen,16
Martin,22,President and Vice President,,LPF,Jo Jorgensen,19
Martin,23,President and Vice President,,LPF,Jo Jorgensen,18
Martin,24,President and Vice President,,LPF,Jo Jorgensen,14
Martin,25,President and Vice President,,LPF,Jo Jorgensen,26
Martin,26,President and Vice President,,LPF,Jo Jorgensen,15
Martin,27,President and Vice President,,LPF,Jo Jorgensen,18
Martin,28,President and Vice President,,LPF,Jo Jorgensen,2
Martin,1,President and Vice President,,REF,"Roque ""Rocky"" De La Fuente",2
Martin,2,President and Vice President,,REF,"Roque ""Rocky"" De La Fuente",2
Martin,3,President and Vice President,,REF,"Roque ""Rocky"" De La Fuente",0
Martin,4,President and Vice President,,REF,"Roque ""Rocky"" De La Fuente",0
Martin,5,President and Vice President,,REF,"Roque ""Rocky"" De La Fuente",1
Martin,6,President and Vice President,,REF,"Roque ""Rocky"" De La Fuente",1
Martin,7,President and Vice President,,REF,"Roque ""Rocky"" De La Fuente",1
Martin,8,President and Vice President,,REF,"Roque ""Rocky"" De La Fuente",1
Martin,9,President and Vice President,,REF,"Roque ""Rocky"" De La Fuente",0
Martin,10,President and Vice President,,REF,"Roque ""Rocky"" De La Fuente",0
Martin,11,President and Vice President,,REF,"Roque ""Rocky"" De La Fuente",2
Martin,12,President and Vice President,,REF,"Roque ""Rocky"" De La Fuente",0
Martin,13,President and Vice President,,REF,"Roque ""Rocky"" De La Fuente",3
Martin,14,President and Vice President,,REF,"Roque ""Rocky"" De La Fuente",0
Martin,15,President and Vice President,,REF,"Roque ""Rocky"" De La Fuente",1
Martin,16,President and Vice President,,REF,"Roque ""Rocky"" De La Fuente",1
Martin,17,President and Vice President,,REF,"Roque ""Rocky"" De La Fuente",3
Martin,18,President and Vice President,,REF,"Roque ""Rocky"" De La Fuente",3
Martin,19,President and Vice President,,REF,"Roque ""Rocky"" De La Fuente",3
Martin,20,President and Vice President,,REF,"Roque ""Rocky"" De La Fuente",2
Martin,21,President and Vice President,,REF,"Roque ""Rocky"" De La Fuente",1
Martin,22,President and Vice President,,REF,"Roque ""Rocky"" De La Fuente",1
Martin,23,President and Vice President,,REF,"Roque ""Rocky"" De La Fuente",3
Martin,24,President and Vice President,,REF,"Roque ""Rocky"" De La Fuente",3
Martin,25,President and Vice President,,REF,"Roque ""Rocky"" De La Fuente",3
Martin,26,President and Vice President,,REF,"Roque ""Rocky"" De La Fuente",1
Martin,27,President and Vice President,,REF,"Roque ""Rocky"" De La Fuente",0
Martin,28,President and Vice President,,REF,"Roque ""Rocky"" De La Fuente",0
Martin,1,President and Vice President,,PSL,Gloria La Riva,3
Martin,2,President and Vice President,,PSL,Gloria La Riva,3
Martin,3,President and Vice President,,PSL,Gloria La Riva,3
Martin,4,President and Vice President,,PSL,Gloria La Riva,0
Martin,5,President and Vice President,,PSL,Gloria La Riva,0
Martin,6,President and Vice President,,PSL,Gloria La Riva,0
Martin,7,President and Vice President,,PSL,Gloria La Riva,0
Martin,8,President and Vice President,,PSL,Gloria La Riva,0
Martin,9,President and Vice President,,PSL,Gloria La Riva,0
Martin,10,President and Vice President,,PSL,Gloria La Riva,1
Martin,11,President and Vice President,,PSL,Gloria La Riva,3
Martin,12,President and Vice President,,PSL,Gloria La Riva,1
Martin,13,President and Vice President,,PSL,Gloria La Riva,3
Martin,14,President and Vice President,,PSL,Gloria La Riva,3
Martin,15,President and Vice President,,PSL,Gloria La Riva,2
Martin,16,President and Vice President,,PSL,Gloria La Riva,1
Martin,17,President and Vice President,,PSL,Gloria La Riva,3
Martin,18,President and Vice President,,PSL,Gloria La Riva,2
Martin,19,President and Vice President,,PSL,Gloria La Riva,1
Martin,20,President and Vice President,,PSL,Gloria La Riva,0
Martin,21,President and Vice President,,PSL,Gloria La Riva,1
Martin,22,President and Vice President,,PSL,Gloria La Riva,1
Martin,23,President and Vice President,,PSL,Gloria La Riva,1
Martin,24,President and Vice President,,PSL,Gloria La Riva,1
Martin,25,President and Vice President,,PSL,Gloria La Riva,1
Martin,26,President and Vice President,,PSL,Gloria La Riva,0
Martin,27,President and Vice President,,PSL,Gloria La Riva,1
Martin,28,President and Vice President,,PSL,Gloria La Riva,0
Martin,1,President and Vice President,,GRE,Howie Hawkins,6
Martin,2,President and Vice President,,GRE,Howie Hawkins,6
Martin,3,President and Vice President,,GRE,Howie Hawkins,0
Martin,4,President and Vice President,,GRE,Howie Hawkins,8
Martin,5,President and Vice President,,GRE,Howie Hawkins,3
Martin,6,President and Vice President,,GRE,Howie Hawkins,6
Martin,7,President and Vice President,,GRE,Howie Hawkins,6
Martin,8,President and Vice President,,GRE,Howie Hawkins,2
Martin,9,President and Vice President,,GRE,Howie Hawkins,0
Martin,10,President and Vice President,,GRE,Howie Hawkins,0
Martin,11,President and Vice President,,GRE,Howie Hawkins,5
Martin,12,President and Vice President,,GRE,Howie Hawkins,11
Martin,13,President and Vice President,,GRE,Howie Hawkins,3
Martin,14,President and Vice President,,GRE,Howie Hawkins,5
Martin,15,President and Vice President,,GRE,Howie Hawkins,1
Martin,16,President and Vice President,,GRE,Howie Hawkins,4
Martin,17,President and Vice President,,GRE,Howie Hawkins,2
Martin,18,President and Vice President,,GRE,Howie Hawkins,5
Martin,19,President and Vice President,,GRE,Howie Hawkins,2
Martin,20,President and Vice President,,GRE,Howie Hawkins,3
Martin,21,President and Vice President,,GRE,Howie Hawkins,3
Martin,22,President and Vice President,,GRE,Howie Hawkins,4
Martin,23,President and Vice President,,GRE,Howie Hawkins,5
Martin,24,President and Vice President,,GRE,Howie Hawkins,6
Martin,25,President and Vice President,,GRE,Howie Hawkins,2
Martin,26,President and Vice President,,GRE,Howie Hawkins,2
Martin,27,President and Vice President,,GRE,Howie Hawkins,2
Martin,28,President and Vice President,,GRE,Howie Hawkins,3
Martin,1,President and Vice President,,CPF,Don Blankenship,3
Martin,2,President and Vice President,,CPF,Don Blankenship,1
Martin,3,President and Vice President,,CPF,Don Blankenship,0
Martin,4,President and Vice President,,CPF,Don Blankenship,3
Martin,5,President and Vice President,,CPF,Don Blankenship,1
Martin,6,President and Vice President,,CPF,Don Blankenship,1
Martin,7,President and Vice President,,CPF,Don Blankenship,2
Martin,8,President and Vice President,,CPF,Don Blankenship,0
Martin,9,President and Vice President,,CPF,Don Blankenship,1
Martin,10,President and Vice President,,CPF,Don Blankenship,1
Martin,11,President and Vice President,,CPF,Don Blankenship,2
Martin,12,President and Vice President,,CPF,Don Blankenship,3
Martin,13,President and Vice President,,CPF,Don Blankenship,2
Martin,14,President and Vice President,,CPF,Don Blankenship,3
Martin,15,President and Vice President,,CPF,Don Blankenship,0
Martin,16,President and Vice President,,CPF,Don Blankenship,0
Martin,17,President and Vice President,,CPF,Don Blankenship,0
Martin,18,President and Vice President,,CPF,Don Blankenship,1
Martin,19,President and Vice President,,CPF,Don Blankenship,3
Martin,20,President and Vice President,,CPF,Don Blankenship,2
Martin,21,President and Vice President,,CPF,Don Blankenship,2
Martin,22,President and Vice President,,CPF,Don Blankenship,1
Martin,23,President and Vice President,,CPF,Don Blankenship,1
Martin,24,President and Vice President,,CPF,Don Blankenship,2
Martin,25,President and Vice President,,CPF,Don Blankenship,1
Martin,26,President and Vice President,,CPF,Don Blankenship,0
Martin,27,President and Vice President,,CPF,Don Blankenship,1
Martin,28,President and Vice President,,CPF,Don Blankenship,0
Martin,1,President and Vice President,,,WRITE-IN,9
Martin,2,President and Vice President,,,WRITE-IN,10
Martin,3,President and Vice President,,,WRITE-IN,1
Martin,4,President and Vice President,,,WRITE-IN,4
Martin,5,President and Vice President,,,WRITE-IN,4
Martin,6,President and Vice President,,,WRITE-IN,14
Martin,7,President and Vice President,,,WRITE-IN,16
Martin,8,President and Vice President,,,WRITE-IN,3
Martin,9,President and Vice President,,,WRITE-IN,9
Martin,10,President and Vice President,,,WRITE-IN,6
Martin,11,President and Vice President,,,WRITE-IN,5
Martin,12,President and Vice President,,,WRITE-IN,8
Martin,13,President and Vice President,,,WRITE-IN,11
Martin,14,President and Vice President,,,WRITE-IN,8
Martin,15,President and Vice President,,,WRITE-IN,2
Martin,16,President and Vice President,,,WRITE-IN,5
Martin,17,President and Vice President,,,WRITE-IN,5
Martin,18,President and Vice President,,,WRITE-IN,5
Martin,19,President and Vice President,,,WRITE-IN,7
Martin,20,President and Vice President,,,WRITE-IN,10
Martin,21,President and Vice President,,,WRITE-IN,15
Martin,22,President and Vice President,,,WRITE-IN,3
Martin,23,President and Vice President,,,WRITE-IN,10
Martin,24,President and Vice President,,,WRITE-IN,2
Martin,25,President and Vice President,,,WRITE-IN,13
Martin,26,President and Vice President,,,WRITE-IN,15
Martin,27,President and Vice President,,,WRITE-IN,12
Martin,28,President and Vice President,,,WRITE-IN,6
Martin,1,Representative in Congress District 18,,REP,Brian Mast,3241
Martin,2,Representative in Congress District 18,,REP,Brian Mast,3817
Martin,3,Representative in Congress District 18,,REP,Brian Mast,64
Martin,4,Representative in Congress District 18,,REP,Brian Mast,2348
Martin,5,Representative in Congress District 18,,REP,Brian Mast,908
Martin,6,Representative in Congress District 18,,REP,Brian Mast,2671
Martin,7,Representative in Congress District 18,,REP,Brian Mast,2989
Martin,8,Representative in Congress District 18,,REP,Brian Mast,699
Martin,9,Representative in Congress District 18,,REP,Brian Mast,1556
Martin,10,Representative in Congress District 18,,REP,Brian Mast,1131
Martin,11,Representative in Congress District 18,,REP,Brian Mast,1672
Martin,12,Representative in Congress District 18,,REP,Brian Mast,3370
Martin,13,Representative in Congress District 18,,REP,Brian Mast,3672
Martin,14,Representative in Congress District 18,,REP,Brian Mast,2024
Martin,15,Representative in Congress District 18,,REP,Brian Mast,1781
Martin,16,Representative in Congress District 18,,REP,Brian Mast,1330
Martin,17,Representative in Congress District 18,,REP,Brian Mast,2207
Martin,18,Representative in Congress District 18,,REP,Brian Mast,3139
Martin,19,Representative in Congress District 18,,REP,Brian Mast,3066
Martin,20,Representative in Congress District 18,,REP,Brian Mast,1594
Martin,21,Representative in Congress District 18,,REP,Brian Mast,3561
Martin,22,Representative in Congress District 18,,REP,Brian Mast,1662
Martin,23,Representative in Congress District 18,,REP,Brian Mast,3144
Martin,24,Representative in Congress District 18,,REP,Brian Mast,2559
Martin,25,Representative in Congress District 18,,REP,Brian Mast,3542
Martin,26,Representative in Congress District 18,,REP,Brian Mast,3325
Martin,27,Representative in Congress District 18,,REP,Brian Mast,3316
Martin,28,Representative in Congress District 18,,REP,Brian Mast,486
Martin,1,Representative in Congress District 18,,DEM,Pam Keith,1616
Martin,2,Representative in Congress District 18,,DEM,Pam Keith,1843
Martin,3,Representative in Congress District 18,,DEM,Pam Keith,391
Martin,4,Representative in Congress District 18,,DEM,Pam Keith,1287
Martin,5,Representative in Congress District 18,,DEM,Pam Keith,458
Martin,6,Representative in Congress District 18,,DEM,Pam Keith,1582
Martin,7,Representative in Congress District 18,,DEM,Pam Keith,1897
Martin,8,Representative in Congress District 18,,DEM,Pam Keith,847
Martin,9,Representative in Congress District 18,,DEM,Pam Keith,580
Martin,10,Representative in Congress District 18,,DEM,Pam Keith,474
Martin,11,Representative in Congress District 18,,DEM,Pam Keith,912
Martin,12,Representative in Congress District 18,,DEM,Pam Keith,1715
Martin,13,Representative in Congress District 18,,DEM,Pam Keith,1670
Martin,14,Representative in Congress District 18,,DEM,Pam Keith,1442
Martin,15,Representative in Congress District 18,,DEM,Pam Keith,889
Martin,16,Representative in Congress District 18,,DEM,Pam Keith,751
Martin,17,Representative in Congress District 18,,DEM,Pam Keith,632
Martin,18,Representative in Congress District 18,,DEM,Pam Keith,1385
Martin,19,Representative in Congress District 18,,DEM,Pam Keith,1599
Martin,20,Representative in Congress District 18,,DEM,Pam Keith,586
Martin,21,Representative in Congress District 18,,DEM,Pam Keith,1355
Martin,22,Representative in Congress District 18,,DEM,Pam Keith,847
Martin,23,Representative in Congress District 18,,DEM,Pam Keith,1287
Martin,24,Representative in Congress District 18,,DEM,Pam Keith,948
Martin,25,Representative in Congress District 18,,DEM,Pam Keith,1407
Martin,26,Representative in Congress District 18,,DEM,Pam Keith,1450
Martin,27,Representative in Congress District 18,,DEM,Pam Keith,1245
Martin,28,Representative in Congress District 18,,DEM,Pam Keith,110
Martin,1,Representative in Congress District 18,,NPA,K. W. Miller,101
Martin,2,Representative in Congress District 18,,NPA,K. W. Miller,109
Martin,3,Representative in Congress District 18,,NPA,K. W. Miller,19
Martin,4,Representative in Congress District 18,,NPA,K. W. Miller,100
Martin,5,Representative in Congress District 18,,NPA,K. W. Miller,29
Martin,6,Representative in Congress District 18,,NPA,K. W. Miller,89
Martin,7,Representative in Congress District 18,,NPA,K. W. Miller,109
Martin,8,Representative in Congress District 18,,NPA,K. W. Miller,30
Martin,9,Representative in Congress District 18,,NPA,K. W. Miller,18
Martin,10,Representative in Congress District 18,,NPA,K. W. Miller,20
Martin,11,Representative in Congress District 18,,NPA,K. W. Miller,69
Martin,12,Representative in Congress District 18,,NPA,K. W. Miller,98
Martin,13,Representative in Congress District 18,,NPA,K. W. Miller,99
Martin,14,Representative in Congress District 18,,NPA,K. W. Miller,67
Martin,15,Representative in Congress District 18,,NPA,K. W. Miller,35
Martin,16,Representative in Congress District 18,,NPA,K. W. Miller,146
Martin,17,Representative in Congress District 18,,NPA,K. W. Miller,69
Martin,18,Representative in Congress District 18,,NPA,K. W. Miller,94
Martin,19,Representative in Congress District 18,,NPA,K. W. Miller,84
Martin,20,Representative in Congress District 18,,NPA,K. W. Miller,40
Martin,21,Representative in Congress District 18,,NPA,K. W. Miller,82
Martin,22,Representative in Congress District 18,,NPA,K. W. Miller,71
Martin,23,Representative in Congress District 18,,NPA,K. W. Miller,101
Martin,24,Representative in Congress District 18,,NPA,K. W. Miller,59
Martin,25,Representative in Congress District 18,,NPA,K. W. Miller,78
Martin,26,Representative in Congress District 18,,NPA,K. W. Miller,85
Martin,27,Representative in Congress District 18,,NPA,K. W. Miller,85
Martin,28,Representative in Congress District 18,,NPA,K. W. Miller,5
Martin,1,State Senator District 25,,REP,Gayle Harrell,3231
Martin,2,State Senator District 25,,REP,Gayle Harrell,3802
Martin,3,State Senator District 25,,REP,Gayle Harrell,61
Martin,4,State Senator District 25,,REP,Gayle Harrell,2388
Martin,5,State Senator District 25,,REP,Gayle Harrell,903
Martin,6,State Senator District 25,,REP,Gayle Harrell,2661
Martin,7,State Senator District 25,,REP,Gayle Harrell,2986
Martin,8,State Senator District 25,,REP,Gayle Harrell,723
Martin,9,State Senator District 25,,REP,Gayle Harrell,1535
Martin,10,State Senator District 25,,REP,Gayle Harrell,1053
Martin,11,State Senator District 25,,REP,Gayle Harrell,1684
Martin,12,State Senator District 25,,REP,Gayle Harrell,3331
Martin,13,State Senator District 25,,REP,Gayle Harrell,3614
Martin,14,State Senator District 25,,REP,Gayle Harrell,2031
Martin,15,State Senator District 25,,REP,Gayle Harrell,1784
Martin,16,State Senator District 25,,REP,Gayle Harrell,1400
Martin,17,State Senator District 25,,REP,Gayle Harrell,2212
Martin,18,State Senator District 25,,REP,Gayle Harrell,3090
Martin,19,State Senator District 25,,REP,Gayle Harrell,3068
Martin,20,State Senator District 25,,REP,Gayle Harrell,1586
Martin,21,State Senator District 25,,REP,Gayle Harrell,3522
Martin,22,State Senator District 25,,REP,Gayle Harrell,1679
Martin,23,State Senator District 25,,REP,Gayle Harrell,3111
Martin,24,State Senator District 25,,REP,Gayle Harrell,2542
Martin,25,State Senator District 25,,REP,Gayle Harrell,3536
Martin,26,State Senator District 25,,REP,Gayle Harrell,3321
Martin,27,State Senator District 25,,REP,Gayle Harrell,3276
Martin,28,State Senator District 25,,REP,Gayle Harrell,451
Martin,1,State Senator District 25,,DEM,Corinna Balderramos Robinson,1623
Martin,2,State Senator District 25,,DEM,Corinna Balderramos Robinson,1858
Martin,3,State Senator District 25,,DEM,Corinna Balderramos Robinson,395
Martin,4,State Senator District 25,,DEM,Corinna Balderramos Robinson,1236
Martin,5,State Senator District 25,,DEM,Corinna Balderramos Robinson,461
Martin,6,State Senator District 25,,DEM,Corinna Balderramos Robinson,1574
Martin,7,State Senator District 25,,DEM,Corinna Balderramos Robinson,1919
Martin,8,State Senator District 25,,DEM,Corinna Balderramos Robinson,822
Martin,9,State Senator District 25,,DEM,Corinna Balderramos Robinson,574
Martin,10,State Senator District 25,,DEM,Corinna Balderramos Robinson,529
Martin,11,State Senator District 25,,DEM,Corinna Balderramos Robinson,887
Martin,12,State Senator District 25,,DEM,Corinna Balderramos Robinson,1704
Martin,13,State Senator District 25,,DEM,Corinna Balderramos Robinson,1707
Martin,14,State Senator District 25,,DEM,Corinna Balderramos Robinson,1410
Martin,15,State Senator District 25,,DEM,Corinna Balderramos Robinson,861
Martin,16,State Senator District 25,,DEM,Corinna Balderramos Robinson,761
Martin,17,State Senator District 25,,DEM,Corinna Balderramos Robinson,627
Martin,18,State Senator District 25,,DEM,Corinna Balderramos Robinson,1410
Martin,19,State Senator District 25,,DEM,Corinna Balderramos Robinson,1569
Martin,20,State Senator District 25,,DEM,Corinna Balderramos Robinson,589
Martin,21,State Senator District 25,,DEM,Corinna Balderramos Robinson,1356
Martin,22,State Senator District 25,,DEM,Corinna Balderramos Robinson,828
Martin,23,State Senator District 25,,DEM,Corinna Balderramos Robinson,1317
Martin,24,State Senator District 25,,DEM,Corinna Balderramos Robinson,932
Martin,25,State Senator District 25,,DEM,Corinna Balderramos Robinson,1363
Martin,26,State Senator District 25,,DEM,Corinna Balderramos Robinson,1435
Martin,27,State Senator District 25,,DEM,Corinna Balderramos Robinson,1268
Martin,28,State Senator District 25,,DEM,Corinna Balderramos Robinson,121
Martin,3,State Representative District 82,,REP,John Snyder,81
Martin,11,State Representative District 82,,REP,John Snyder,1713
Martin,12,State Representative District 82,,REP,John Snyder,3388
Martin,13,State Representative District 82,,REP,John Snyder,3658
Martin,14,State Representative District 82,,REP,John Snyder,2021
Martin,15,State Representative District 82,,REP,John Snyder,1798
Martin,16,State Representative District 82,,REP,John Snyder,1398
Martin,17,State Representative District 82,,REP,John Snyder,2227
Martin,18,State Representative District 82,,REP,John Snyder,3113
Martin,19,State Representative District 82,,REP,John Snyder,3088
Martin,20,State Representative District 82,,REP,John Snyder,1579
Martin,21,State Representative District 82,,REP,John Snyder,3506
Martin,22,State Representative District 82,,REP,John Snyder,1682
Martin,23,State Representative District 82,,REP,John Snyder,3138
Martin,24,State Representative District 82,,REP,John Snyder,976
Martin,25,State Representative District 82,,REP,John Snyder,1424
Martin,26,State Representative District 82,,REP,John Snyder,144
Martin,27,State Representative District 82,,REP,John Snyder,3309
Martin,28,State Representative District 82,,REP,John Snyder,450
Martin,3,State Representative District 82,,DEM,Elisa Edwards Ackerly,387
Martin,11,State Representative District 82,,DEM,Elisa Edwards Ackerly,875
Martin,12,State Representative District 82,,DEM,Elisa Edwards Ackerly,1688
Martin,13,State Representative District 82,,DEM,Elisa Edwards Ackerly,1660
Martin,14,State Representative District 82,,DEM,Elisa Edwards Ackerly,1423
Martin,15,State Representative District 82,,DEM,Elisa Edwards Ackerly,859
Martin,16,State Representative District 82,,DEM,Elisa Edwards Ackerly,774
Martin,17,State Representative District 82,,DEM,Elisa Edwards Ackerly,634
Martin,18,State Representative District 82,,DEM,Elisa Edwards Ackerly,1400
Martin,19,State Representative District 82,,DEM,Elisa Edwards Ackerly,1570
Martin,20,State Representative District 82,,DEM,Elisa Edwards Ackerly,605
Martin,21,State Representative District 82,,DEM,Elisa Edwards Ackerly,1391
Martin,22,State Representative District 82,,DEM,Elisa Edwards Ackerly,827
Martin,23,State Representative District 82,,DEM,Elisa Edwards Ackerly,1319
Martin,24,State Representative District 82,,DEM,Elisa Edwards Ackerly,415
Martin,25,State Representative District 82,,DEM,Elisa Edwards Ackerly,739
Martin,26,State Representative District 82,,DEM,Elisa Edwards Ackerly,82
Martin,27,State Representative District 82,,DEM,Elisa Edwards Ackerly,1262
Martin,28,State Representative District 82,,DEM,Elisa Edwards Ackerly,118
Martin,1,State Representative District 83,,REP,Toby Overdorf,3151
Martin,2,State Representative District 83,,REP,Toby Overdorf,3705
Martin,4,State Representative District 83,,REP,Toby Overdorf,2263
Martin,5,State Representative District 83,,REP,Toby Overdorf,883
Martin,6,State Representative District 83,,REP,Toby Overdorf,2579
Martin,7,State Representative District 83,,REP,Toby Overdorf,2885
Martin,8,State Representative District 83,,REP,Toby Overdorf,698
Martin,9,State Representative District 83,,REP,Toby Overdorf,1499
Martin,10,State Representative District 83,,REP,Toby Overdorf,1057
Martin,24,State Representative District 83,,REP,Toby Overdorf,1541
Martin,25,State Representative District 83,,REP,Toby Overdorf,2073
Martin,26,State Representative District 83,,REP,Toby Overdorf,3133
Martin,1,State Representative District 83,,DEM,"Edgar ""EJ"" Bernier",1673
Martin,2,State Representative District 83,,DEM,"Edgar ""EJ"" Bernier",1922
Martin,4,State Representative District 83,,DEM,"Edgar ""EJ"" Bernier",1321
Martin,5,State Representative District 83,,DEM,"Edgar ""EJ"" Bernier",462
Martin,6,State Representative District 83,,DEM,"Edgar ""EJ"" Bernier",1636
Martin,7,State Representative District 83,,DEM,"Edgar ""EJ"" Bernier",1974
Martin,8,State Representative District 83,,DEM,"Edgar ""EJ"" Bernier",843
Martin,9,State Representative District 83,,DEM,"Edgar ""EJ"" Bernier",598
Martin,10,State Representative District 83,,DEM,"Edgar ""EJ"" Bernier",516
Martin,24,State Representative District 83,,DEM,"Edgar ""EJ"" Bernier",532
Martin,25,State Representative District 83,,DEM,"Edgar ""EJ"" Bernier",658
Martin,26,State Representative District 83,,DEM,"Edgar ""EJ"" Bernier",1378
Martin,1,County Commissioner District 1,,REP,Doug Smith,3537
Martin,2,County Commissioner District 1,,REP,Doug Smith,3864
Martin,3,County Commissioner District 1,,REP,Doug Smith,227
Martin,4,County Commissioner District 1,,REP,Doug Smith,2499
Martin,5,County Commissioner District 1,,REP,Doug Smith,934
Martin,6,County Commissioner District 1,,REP,Doug Smith,3168
Martin,7,County Commissioner District 1,,REP,Doug Smith,3386
Martin,8,County Commissioner District 1,,REP,Doug Smith,972
Martin,9,County Commissioner District 1,,REP,Doug Smith,1594
Martin,10,County Commissioner District 1,,REP,Doug Smith,1091
Martin,11,County Commissioner District 1,,REP,Doug Smith,2012
Martin,12,County Commissioner District 1,,REP,Doug Smith,3789
Martin,13,County Commissioner District 1,,REP,Doug Smith,3926
Martin,14,County Commissioner District 1,,REP,Doug Smith,2492
Martin,15,County Commissioner District 1,,REP,Doug Smith,1999
Martin,16,County Commissioner District 1,,REP,Doug Smith,1686
Martin,17,County Commissioner District 1,,REP,Doug Smith,2324
Martin,18,County Commissioner District 1,,REP,Doug Smith,3439
Martin,19,County Commissioner District 1,,REP,Doug Smith,3431
Martin,20,County Commissioner District 1,,REP,Doug Smith,1721
Martin,21,County Commissioner District 1,,REP,Doug Smith,3948
Martin,22,County Commissioner District 1,,REP,Doug Smith,1898
Martin,23,County Commissioner District 1,,REP,Doug Smith,3383
Martin,24,County Commissioner District 1,,REP,Doug Smith,2703
Martin,25,County Commissioner District 1,,REP,Doug Smith,3865
Martin,26,County Commissioner District 1,,REP,Doug Smith,3705
Martin,27,County Commissioner District 1,,REP,Doug Smith,3532
Martin,28,County Commissioner District 1,,REP,Doug Smith,411
Martin,1,County Commissioner District 1,,,WRITE-IN,442
Martin,2,County Commissioner District 1,,,WRITE-IN,687
Martin,3,County Commissioner District 1,,,WRITE-IN,75
Martin,4,County Commissioner District 1,,,WRITE-IN,412
Martin,5,County Commissioner District 1,,,WRITE-IN,94
Martin,6,County Commissioner District 1,,,WRITE-IN,248
Martin,7,County Commissioner District 1,,,WRITE-IN,443
Martin,8,County Commissioner District 1,,,WRITE-IN,153
Martin,9,County Commissioner District 1,,,WRITE-IN,108
Martin,10,County Commissioner District 1,,,WRITE-IN,188
Martin,11,County Commissioner District 1,,,WRITE-IN,170
Martin,12,County Commissioner District 1,,,WRITE-IN,290
Martin,13,County Commissioner District 1,,,WRITE-IN,406
Martin,14,County Commissioner District 1,,,WRITE-IN,221
Martin,15,County Commissioner District 1,,,WRITE-IN,107
Martin,16,County Commissioner District 1,,,WRITE-IN,116
Martin,17,County Commissioner District 1,,,WRITE-IN,151
Martin,18,County Commissioner District 1,,,WRITE-IN,268
Martin,19,County Commissioner District 1,,,WRITE-IN,293
Martin,20,County Commissioner District 1,,,WRITE-IN,115
Martin,21,County Commissioner District 1,,,WRITE-IN,162
Martin,22,County Commissioner District 1,,,WRITE-IN,155
Martin,23,County Commissioner District 1,,,WRITE-IN,264
Martin,24,County Commissioner District 1,,,WRITE-IN,237
Martin,25,County Commissioner District 1,,,WRITE-IN,264
Martin,26,County Commissioner District 1,,,WRITE-IN,269
Martin,27,County Commissioner District 1,,,WRITE-IN,288
Martin,28,County Commissioner District 1,,,WRITE-IN,66
Martin,1,Justice Carlos G Muniz,,,Yes,3074
Martin,2,Justice Carlos G Muniz,,,Yes,3472
Martin,3,Justice Carlos G Muniz,,,Yes,233
Martin,4,Justice Carlos G Muniz,,,Yes,2267
Martin,5,Justice Carlos G Muniz,,,Yes,837
Martin,6,Justice Carlos G Muniz,,,Yes,2777
Martin,7,Justice Carlos G Muniz,,,Yes,2962
Martin,8,Justice Carlos G Muniz,,,Yes,940
Martin,9,Justice Carlos G Muniz,,,Yes,1333
Martin,10,Justice Carlos G Muniz,,,Yes,964
Martin,11,Justice Carlos G Muniz,,,Yes,1655
Martin,12,Justice Carlos G Muniz,,,Yes,3264
Martin,13,Justice Carlos G Muniz,,,Yes,3321
Martin,14,Justice Carlos G Muniz,,,Yes,2162
Martin,15,Justice Carlos G Muniz,,,Yes,1778
Martin,16,Justice Carlos G Muniz,,,Yes,1364
Martin,17,Justice Carlos G Muniz,,,Yes,1834
Martin,18,Justice Carlos G Muniz,,,Yes,2852
Martin,19,Justice Carlos G Muniz,,,Yes,2940
Martin,20,Justice Carlos G Muniz,,,Yes,1425
Martin,21,Justice Carlos G Muniz,,,Yes,3247
Martin,22,Justice Carlos G Muniz,,,Yes,1622
Martin,23,Justice Carlos G Muniz,,,Yes,2829
Martin,24,Justice Carlos G Muniz,,,Yes,2192
Martin,25,Justice Carlos G Muniz,,,Yes,3226
Martin,26,Justice Carlos G Muniz,,,Yes,3161
Martin,27,Justice Carlos G Muniz,,,Yes,3019
Martin,28,Justice Carlos G Muniz,,,Yes,358
Martin,1,Justice Carlos G Muniz,,,No,1189
Martin,2,Justice Carlos G Muniz,,,No,1434
Martin,3,Justice Carlos G Muniz,,,No,184
Martin,4,Justice Carlos G Muniz,,,No,906
Martin,5,Justice Carlos G Muniz,,,No,267
Martin,6,Justice Carlos G Muniz,,,No,980
Martin,7,Justice Carlos G Muniz,,,No,1256
Martin,8,Justice Carlos G Muniz,,,No,440
Martin,9,Justice Carlos G Muniz,,,No,416
Martin,10,Justice Carlos G Muniz,,,No,391
Martin,11,Justice Carlos G Muniz,,,No,633
Martin,12,Justice Carlos G Muniz,,,No,1163
Martin,13,Justice Carlos G Muniz,,,No,1250
Martin,14,Justice Carlos G Muniz,,,No,885
Martin,15,Justice Carlos G Muniz,,,No,543
Martin,16,Justice Carlos G Muniz,,,No,565
Martin,17,Justice Carlos G Muniz,,,No,644
Martin,18,Justice Carlos G Muniz,,,No,1128
Martin,19,Justice Carlos G Muniz,,,No,1138
Martin,20,Justice Carlos G Muniz,,,No,498
Martin,21,Justice Carlos G Muniz,,,No,1016
Martin,22,Justice Carlos G Muniz,,,No,558
Martin,23,Justice Carlos G Muniz,,,No,1065
Martin,24,Justice Carlos G Muniz,,,No,796
Martin,25,Justice Carlos G Muniz,,,No,1025
Martin,26,Justice Carlos G Muniz,,,No,1015
Martin,27,Justice Carlos G Muniz,,,No,944
Martin,28,Justice Carlos G Muniz,,,No,148
Martin,1,Judge Alan O. Forst,,,Yes,3095
Martin,2,Judge Alan O. Forst,,,Yes,3561
Martin,3,Judge Alan O. Forst,,,Yes,238
Martin,4,Judge Alan O. Forst,,,Yes,2294
Martin,5,Judge Alan O. Forst,,,Yes,853
Martin,6,Judge Alan O. Forst,,,Yes,2827
Martin,7,Judge Alan O. Forst,,,Yes,3012
Martin,8,Judge Alan O. Forst,,,Yes,924
Martin,9,Judge Alan O. Forst,,,Yes,1376
Martin,10,Judge Alan O. Forst,,,Yes,1006
Martin,11,Judge Alan O. Forst,,,Yes,1681
Martin,12,Judge Alan O. Forst,,,Yes,3310
Martin,13,Judge Alan O. Forst,,,Yes,3374
Martin,14,Judge Alan O. Forst,,,Yes,2235
Martin,15,Judge Alan O. Forst,,,Yes,1825
Martin,16,Judge Alan O. Forst,,,Yes,1383
Martin,17,Judge Alan O. Forst,,,Yes,1890
Martin,18,Judge Alan O. Forst,,,Yes,2950
Martin,19,Judge Alan O. Forst,,,Yes,2999
Martin,20,Judge Alan O. Forst,,,Yes,1449
Martin,21,Judge Alan O. Forst,,,Yes,3312
Martin,22,Judge Alan O. Forst,,,Yes,1661
Martin,23,Judge Alan O. Forst,,,Yes,2908
Martin,24,Judge Alan O. Forst,,,Yes,2264
Martin,25,Judge Alan O. Forst,,,Yes,3320
Martin,26,Judge Alan O. Forst,,,Yes,3265
Martin,27,Judge Alan O. Forst,,,Yes,3128
Martin,28,Judge Alan O. Forst,,,Yes,356
Martin,1,Judge Alan O. Forst,,,No,1115
Martin,2,Judge Alan O. Forst,,,No,1307
Martin,3,Judge Alan O. Forst,,,No,178
Martin,4,Judge Alan O. Forst,,,No,830
Martin,5,Judge Alan O. Forst,,,No,247
Martin,6,Judge Alan O. Forst,,,No,902
Martin,7,Judge Alan O. Forst,,,No,1161
Martin,8,Judge Alan O. Forst,,,No,446
Martin,9,Judge Alan O. Forst,,,No,346
Martin,10,Judge Alan O. Forst,,,No,332
Martin,11,Judge Alan O. Forst,,,No,587
Martin,12,Judge Alan O. Forst,,,No,1076
Martin,13,Judge Alan O. Forst,,,No,1146
Martin,14,Judge Alan O. Forst,,,No,774
Martin,15,Judge Alan O. Forst,,,No,471
Martin,16,Judge Alan O. Forst,,,No,527
Martin,17,Judge Alan O. Forst,,,No,569
Martin,18,Judge Alan O. Forst,,,No,989
Martin,19,Judge Alan O. Forst,,,No,1037
Martin,20,Judge Alan O. Forst,,,No,458
Martin,21,Judge Alan O. Forst,,,No,917
Martin,22,Judge Alan O. Forst,,,No,489
Martin,23,Judge Alan O. Forst,,,No,969
Martin,24,Judge Alan O. Forst,,,No,717
Martin,25,Judge Alan O. Forst,,,No,914
Martin,26,Judge Alan O. Forst,,,No,885
Martin,27,Judge Alan O. Forst,,,No,824
Martin,28,Judge Alan O. Forst,,,No,139
Martin,1,Judge Mark W. Klingensmith,,,Yes,3059
Martin,2,Judge Mark W. Klingensmith,,,Yes,3525
Martin,3,Judge Mark W. Klingensmith,,,Yes,202
Martin,4,Judge Mark W. Klingensmith,,,Yes,2251
Martin,5,Judge Mark W. Klingensmith,,,Yes,838
Martin,6,Judge Mark W. Klingensmith,,,Yes,2786
Martin,7,Judge Mark W. Klingensmith,,,Yes,2959
Martin,8,Judge Mark W. Klingensmith,,,Yes,917
Martin,9,Judge Mark W. Klingensmith,,,Yes,1354
Martin,10,Judge Mark W. Klingensmith,,,Yes,1010
Martin,11,Judge Mark W. Klingensmith,,,Yes,1646
Martin,12,Judge Mark W. Klingensmith,,,Yes,3286
Martin,13,Judge Mark W. Klingensmith,,,Yes,3363
Martin,14,Judge Mark W. Klingensmith,,,Yes,2184
Martin,15,Judge Mark W. Klingensmith,,,Yes,1794
Martin,16,Judge Mark W. Klingensmith,,,Yes,1324
Martin,17,Judge Mark W. Klingensmith,,,Yes,1867
Martin,18,Judge Mark W. Klingensmith,,,Yes,2904
Martin,19,Judge Mark W. Klingensmith,,,Yes,2990
Martin,20,Judge Mark W. Klingensmith,,,Yes,1441
Martin,21,Judge Mark W. Klingensmith,,,Yes,3279
Martin,22,Judge Mark W. Klingensmith,,,Yes,1647
Martin,23,Judge Mark W. Klingensmith,,,Yes,2854
Martin,24,Judge Mark W. Klingensmith,,,Yes,2245
Martin,25,Judge Mark W. Klingensmith,,,Yes,3274
Martin,26,Judge Mark W. Klingensmith,,,Yes,3199
Martin,27,Judge Mark W. Klingensmith,,,Yes,3065
Martin,28,Judge Mark W. Klingensmith,,,Yes,421
Martin,1,Judge Mark W. Klingensmith,,,No,1138
Martin,2,Judge Mark W. Klingensmith,,,No,1315
Martin,3,Judge Mark W. Klingensmith,,,No,206
Martin,4,Judge Mark W. Klingensmith,,,No,872
Martin,5,Judge Mark W. Klingensmith,,,No,261
Martin,6,Judge Mark W. Klingensmith,,,No,923
Martin,7,Judge Mark W. Klingensmith,,,No,1190
Martin,8,Judge Mark W. Klingensmith,,,No,445
Martin,9,Judge Mark W. Klingensmith,,,No,362
Martin,10,Judge Mark W. Klingensmith,,,No,327
Martin,11,Judge Mark W. Klingensmith,,,No,616
Martin,12,Judge Mark W. Klingensmith,,,No,1092
Martin,13,Judge Mark W. Klingensmith,,,No,1149
Martin,14,Judge Mark W. Klingensmith,,,No,817
Martin,15,Judge Mark W. Klingensmith,,,No,489
Martin,16,Judge Mark W. Klingensmith,,,No,569
Martin,17,Judge Mark W. Klingensmith,,,No,589
Martin,18,Judge Mark W. Klingensmith,,,No,1015
Martin,19,Judge Mark W. Klingensmith,,,No,1027
Martin,20,Judge Mark W. Klingensmith,,,No,468
Martin,21,Judge Mark W. Klingensmith,,,No,921
Martin,22,Judge Mark W. Klingensmith,,,No,509
Martin,23,Judge Mark W. Klingensmith,,,No,999
Martin,24,Judge Mark W. Klingensmith,,,No,711
Martin,25,Judge Mark W. Klingensmith,,,No,925
Martin,26,Judge Mark W. Klingensmith,,,No,925
Martin,27,Judge Mark W. Klingensmith,,,No,863
Martin,28,Judge Mark W. Klingensmith,,,No,72
Martin,1,Judge Martha C. Warner,,,Yes,3304
Martin,2,Judge Martha C. Warner,,,Yes,3762
Martin,3,Judge Martha C. Warner,,,Yes,277
Martin,4,Judge Martha C. Warner,,,Yes,2417
Martin,5,Judge Martha C. Warner,,,Yes,883
Martin,6,Judge Martha C. Warner,,,Yes,2979
Martin,7,Judge Martha C. Warner,,,Yes,3263
Martin,8,Judge Martha C. Warner,,,Yes,1031
Martin,9,Judge Martha C. Warner,,,Yes,1416
Martin,10,Judge Martha C. Warner,,,Yes,1077
Martin,11,Judge Martha C. Warner,,,Yes,1742
Martin,12,Judge Martha C. Warner,,,Yes,3377
Martin,13,Judge Martha C. Warner,,,Yes,3573
Martin,14,Judge Martha C. Warner,,,Yes,2396
Martin,15,Judge Martha C. Warner,,,Yes,1880
Martin,16,Judge Martha C. Warner,,,Yes,1421
Martin,17,Judge Martha C. Warner,,,Yes,1854
Martin,18,Judge Martha C. Warner,,,Yes,3070
Martin,19,Judge Martha C. Warner,,,Yes,3079
Martin,20,Judge Martha C. Warner,,,Yes,1327
Martin,21,Judge Martha C. Warner,,,Yes,3402
Martin,22,Judge Martha C. Warner,,,Yes,1716
Martin,23,Judge Martha C. Warner,,,Yes,2981
Martin,24,Judge Martha C. Warner,,,Yes,2356
Martin,25,Judge Martha C. Warner,,,Yes,3374
Martin,26,Judge Martha C. Warner,,,Yes,3341
Martin,27,Judge Martha C. Warner,,,Yes,3199
Martin,28,Judge Martha C. Warner,,,Yes,432
Martin,1,Judge Martha C. Warner,,,No,891
Martin,2,Judge Martha C. Warner,,,No,1087
Martin,3,Judge Martha C. Warner,,,No,135
Martin,4,Judge Martha C. Warner,,,No,709
Martin,5,Judge Martha C. Warner,,,No,221
Martin,6,Judge Martha C. Warner,,,No,746
Martin,7,Judge Martha C. Warner,,,No,923
Martin,8,Judge Martha C. Warner,,,No,340
Martin,9,Judge Martha C. Warner,,,No,295
Martin,10,Judge Martha C. Warner,,,No,266
Martin,11,Judge Martha C. Warner,,,No,519
Martin,12,Judge Martha C. Warner,,,No,993
Martin,13,Judge Martha C. Warner,,,No,921
Martin,14,Judge Martha C. Warner,,,No,612
Martin,15,Judge Martha C. Warner,,,No,398
Martin,16,Judge Martha C. Warner,,,No,467
Martin,17,Judge Martha C. Warner,,,No,597
Martin,18,Judge Martha C. Warner,,,No,854
Martin,19,Judge Martha C. Warner,,,No,927
Martin,20,Judge Martha C. Warner,,,No,579
Martin,21,Judge Martha C. Warner,,,No,791
Martin,22,Judge Martha C. Warner,,,No,437
Martin,23,Judge Martha C. Warner,,,No,859
Martin,24,Judge Martha C. Warner,,,No,616
Martin,25,Judge Martha C. Warner,,,No,829
Martin,26,Judge Martha C. Warner,,,No,782
Martin,27,Judge Martha C. Warner,,,No,725
Martin,28,Judge Martha C. Warner,,,No,57
Martin,10,Town of Sewall's Point Commissioner,,,Vinny Barile,517
Martin,10,Town of Sewall's Point Commissioner,,,Johnny M. Colson,499
Martin,10,Town of Sewall's Point Commissioner,,,Frank Fender,890
Martin,10,Town of Sewall's Point Commissioner,,,Kaija Mayfield,973
Martin,10,Town of Sewall's Point Commissioner,,,John Tompeck,602
Martin,1,No. 1 Constitutional Amendment,,,Yes,3946
Martin,2,No. 1 Constitutional Amendment,,,Yes,4561
Martin,3,No. 1 Constitutional Amendment,,,Yes,321
Martin,4,No. 1 Constitutional Amendment,,,Yes,3026
Martin,5,No. 1 Constitutional Amendment,,,Yes,1072
Martin,6,No. 1 Constitutional Amendment,,,Yes,3483
Martin,7,No. 1 Constitutional Amendment,,,Yes,3846
Martin,8,No. 1 Constitutional Amendment,,,Yes,1147
Martin,9,No. 1 Constitutional Amendment,,,Yes,1716
Martin,10,No. 1 Constitutional Amendment,,,Yes,1210
Martin,11,No. 1 Constitutional Amendment,,,Yes,2233
Martin,12,No. 1 Constitutional Amendment,,,Yes,4289
Martin,13,No. 1 Constitutional Amendment,,,Yes,4283
Martin,14,No. 1 Constitutional Amendment,,,Yes,2809
Martin,15,No. 1 Constitutional Amendment,,,Yes,2172
Martin,16,No. 1 Constitutional Amendment,,,Yes,1824
Martin,17,No. 1 Constitutional Amendment,,,Yes,2435
Martin,18,No. 1 Constitutional Amendment,,,Yes,3809
Martin,19,No. 1 Constitutional Amendment,,,Yes,3732
Martin,20,No. 1 Constitutional Amendment,,,Yes,1789
Martin,21,No. 1 Constitutional Amendment,,,Yes,4124
Martin,22,No. 1 Constitutional Amendment,,,Yes,2044
Martin,23,No. 1 Constitutional Amendment,,,Yes,3616
Martin,24,No. 1 Constitutional Amendment,,,Yes,2900
Martin,25,No. 1 Constitutional Amendment,,,Yes,4073
Martin,26,No. 1 Constitutional Amendment,,,Yes,3913
Martin,27,No. 1 Constitutional Amendment,,,Yes,3740
Martin,28,No. 1 Constitutional Amendment,,,Yes,465
Martin,1,No. 1 Constitutional Amendment,,,No,882
Martin,2,No. 1 Constitutional Amendment,,,No,1074
Martin,3,No. 1 Constitutional Amendment,,,No,126
Martin,4,No. 1 Constitutional Amendment,,,No,600
Martin,5,No. 1 Constitutional Amendment,,,No,270
Martin,6,No. 1 Constitutional Amendment,,,No,734
Martin,7,No. 1 Constitutional Amendment,,,No,1016
Martin,8,No. 1 Constitutional Amendment,,,No,369
Martin,9,No. 1 Constitutional Amendment,,,No,371
Martin,10,No. 1 Constitutional Amendment,,,No,373
Martin,11,No. 1 Constitutional Amendment,,,No,344
Martin,12,No. 1 Constitutional Amendment,,,No,753
Martin,13,No. 1 Constitutional Amendment,,,No,997
Martin,14,No. 1 Constitutional Amendment,,,No,617
Martin,15,No. 1 Constitutional Amendment,,,No,458
Martin,16,No. 1 Constitutional Amendment,,,No,330
Martin,17,No. 1 Constitutional Amendment,,,No,402
Martin,18,No. 1 Constitutional Amendment,,,No,706
Martin,19,No. 1 Constitutional Amendment,,,No,886
Martin,20,No. 1 Constitutional Amendment,,,No,389
Martin,21,No. 1 Constitutional Amendment,,,No,771
Martin,22,No. 1 Constitutional Amendment,,,No,448
Martin,23,No. 1 Constitutional Amendment,,,No,820
Martin,24,No. 1 Constitutional Amendment,,,No,570
Martin,25,No. 1 Constitutional Amendment,,,No,843
Martin,26,No. 1 Constitutional Amendment,,,No,842
Martin,27,No. 1 Constitutional Amendment,,,No,823
Martin,28,No. 1 Constitutional Amendment,,,No,117
Martin,1,No. 2 Constitutional Amendment,,,Yes,2879
Martin,2,No. 2 Constitutional Amendment,,,Yes,3190
Martin,3,No. 2 Constitutional Amendment,,,Yes,373
Martin,4,No. 2 Constitutional Amendment,,,Yes,2319
Martin,5,No. 2 Constitutional Amendment,,,Yes,782
Martin,6,No. 2 Constitutional Amendment,,,Yes,2719
Martin,7,No. 2 Constitutional Amendment,,,Yes,3065
Martin,8,No. 2 Constitutional Amendment,,,Yes,1049
Martin,9,No. 2 Constitutional Amendment,,,Yes,1180
Martin,10,No. 2 Constitutional Amendment,,,Yes,822
Martin,11,No. 2 Constitutional Amendment,,,Yes,1523
Martin,12,No. 2 Constitutional Amendment,,,Yes,3018
Martin,13,No. 2 Constitutional Amendment,,,Yes,2969
Martin,14,No. 2 Constitutional Amendment,,,Yes,2310
Martin,15,No. 2 Constitutional Amendment,,,Yes,1626
Martin,16,No. 2 Constitutional Amendment,,,Yes,1217
Martin,17,No. 2 Constitutional Amendment,,,Yes,1228
Martin,18,No. 2 Constitutional Amendment,,,Yes,2472
Martin,19,No. 2 Constitutional Amendment,,,Yes,2783
Martin,20,No. 2 Constitutional Amendment,,,Yes,1077
Martin,21,No. 2 Constitutional Amendment,,,Yes,2626
Martin,22,No. 2 Constitutional Amendment,,,Yes,1486
Martin,23,No. 2 Constitutional Amendment,,,Yes,2344
Martin,24,No. 2 Constitutional Amendment,,,Yes,1767
Martin,25,No. 2 Constitutional Amendment,,,Yes,2617
Martin,26,No. 2 Constitutional Amendment,,,Yes,2630
Martin,27,No. 2 Constitutional Amendment,,,Yes,2363
Martin,28,No. 2 Constitutional Amendment,,,Yes,301
Martin,1,No. 2 Constitutional Amendment,,,No,1971
Martin,2,No. 2 Constitutional Amendment,,,No,2464
Martin,3,No. 2 Constitutional Amendment,,,No,78
Martin,4,No. 2 Constitutional Amendment,,,No,1319
Martin,5,No. 2 Constitutional Amendment,,,No,571
Martin,6,No. 2 Constitutional Amendment,,,No,1528
Martin,7,No. 2 Constitutional Amendment,,,No,1809
Martin,8,No. 2 Constitutional Amendment,,,No,487
Martin,9,No. 2 Constitutional Amendment,,,No,908
Martin,10,No. 2 Constitutional Amendment,,,No,771
Martin,11,No. 2 Constitutional Amendment,,,No,1064
Martin,12,No. 2 Constitutional Amendment,,,No,2045
Martin,13,No. 2 Constitutional Amendment,,,No,2354
Martin,14,No. 2 Constitutional Amendment,,,No,1145
Martin,15,No. 2 Constitutional Amendment,,,No,1009
Martin,16,No. 2 Constitutional Amendment,,,No,948
Martin,17,No. 2 Constitutional Amendment,,,No,1623
Martin,18,No. 2 Constitutional Amendment,,,No,2066
Martin,19,No. 2 Constitutional Amendment,,,No,1864
Martin,20,No. 2 Constitutional Amendment,,,No,1113
Martin,21,No. 2 Constitutional Amendment,,,No,2294
Martin,22,No. 2 Constitutional Amendment,,,No,1027
Martin,23,No. 2 Constitutional Amendment,,,No,2089
Martin,24,No. 2 Constitutional Amendment,,,No,1724
Martin,25,No. 2 Constitutional Amendment,,,No,2316
Martin,26,No. 2 Constitutional Amendment,,,No,2129
Martin,27,No. 2 Constitutional Amendment,,,No,2206
Martin,28,No. 2 Constitutional Amendment,,,No,283
Martin,1,No. 3 Constitutional Amendment,,,Yes,2744
Martin,2,No. 3 Constitutional Amendment,,,Yes,2994
Martin,3,No. 3 Constitutional Amendment,,,Yes,287
Martin,4,No. 3 Constitutional Amendment,,,Yes,2257
Martin,5,No. 3 Constitutional Amendment,,,Yes,671
Martin,6,No. 3 Constitutional Amendment,,,Yes,2431
Martin,7,No. 3 Constitutional Amendment,,,Yes,2671
Martin,8,No. 3 Constitutional Amendment,,,Yes,872
Martin,9,No. 3 Constitutional Amendment,,,Yes,971
Martin,10,No. 3 Constitutional Amendment,,,Yes,738
Martin,11,No. 3 Constitutional Amendment,,,Yes,1510
Martin,12,No. 3 Constitutional Amendment,,,Yes,2827
Martin,13,No. 3 Constitutional Amendment,,,Yes,2739
Martin,14,No. 3 Constitutional Amendment,,,Yes,1899
Martin,15,No. 3 Constitutional Amendment,,,Yes,1359
Martin,16,No. 3 Constitutional Amendment,,,Yes,1218
Martin,17,No. 3 Constitutional Amendment,,,Yes,1396
Martin,18,No. 3 Constitutional Amendment,,,Yes,2434
Martin,19,No. 3 Constitutional Amendment,,,Yes,2433
Martin,20,No. 3 Constitutional Amendment,,,Yes,1017
Martin,21,No. 3 Constitutional Amendment,,,Yes,2320
Martin,22,No. 3 Constitutional Amendment,,,Yes,1357
Martin,23,No. 3 Constitutional Amendment,,,Yes,2283
Martin,24,No. 3 Constitutional Amendment,,,Yes,1727
Martin,25,No. 3 Constitutional Amendment,,,Yes,2564
Martin,26,No. 3 Constitutional Amendment,,,Yes,2381
Martin,27,No. 3 Constitutional Amendment,,,Yes,2251
Martin,28,No. 3 Constitutional Amendment,,,Yes,227
Martin,1,No. 3 Constitutional Amendment,,,No,1944
Martin,2,No. 3 Constitutional Amendment,,,No,2410
Martin,3,No. 3 Constitutional Amendment,,,No,123
Martin,4,No. 3 Constitutional Amendment,,,No,1242
Martin,5,No. 3 Constitutional Amendment,,,No,602
Martin,6,No. 3 Constitutional Amendment,,,No,1600
Martin,7,No. 3 Constitutional Amendment,,,No,1964
Martin,8,No. 3 Constitutional Amendment,,,No,602
Martin,9,No. 3 Constitutional Amendment,,,No,1033
Martin,10,No. 3 Constitutional Amendment,,,No,787
Martin,11,No. 3 Constitutional Amendment,,,No,923
Martin,12,No. 3 Constitutional Amendment,,,No,2023
Martin,13,No. 3 Constitutional Amendment,,,No,2360
Martin,14,No. 3 Constitutional Amendment,,,No,1379
Martin,15,No. 3 Constitutional Amendment,,,No,1184
Martin,16,No. 3 Constitutional Amendment,,,No,811
Martin,17,No. 3 Constitutional Amendment,,,No,1349
Martin,18,No. 3 Constitutional Amendment,,,No,1935
Martin,19,No. 3 Constitutional Amendment,,,No,2019
Martin,20,No. 3 Constitutional Amendment,,,No,1110
Martin,21,No. 3 Constitutional Amendment,,,No,2385
Martin,22,No. 3 Constitutional Amendment,,,No,1056
Martin,23,No. 3 Constitutional Amendment,,,No,1971
Martin,24,No. 3 Constitutional Amendment,,,No,1619
Martin,25,No. 3 Constitutional Amendment,,,No,2174
Martin,26,No. 3 Constitutional Amendment,,,No,2215
Martin,27,No. 3 Constitutional Amendment,,,No,2120
Martin,28,No. 3 Constitutional Amendment,,,No,320
Martin,1,No. 4 Constitutional Amendment,,,Yes,2198
Martin,2,No. 4 Constitutional Amendment,,,Yes,2415
Martin,3,No. 4 Constitutional Amendment,,,Yes,229
Martin,4,No. 4 Constitutional Amendment,,,Yes,1745
Martin,5,No. 4 Constitutional Amendment,,,Yes,559
Martin,6,No. 4 Constitutional Amendment,,,Yes,2006
Martin,7,No. 4 Constitutional Amendment,,,Yes,2167
Martin,8,No. 4 Constitutional Amendment,,,Yes,706
Martin,9,No. 4 Constitutional Amendment,,,Yes,882
Martin,10,No. 4 Constitutional Amendment,,,Yes,637
Martin,11,No. 4 Constitutional Amendment,,,Yes,1311
Martin,12,No. 4 Constitutional Amendment,,,Yes,2438
Martin,13,No. 4 Constitutional Amendment,,,Yes,2307
Martin,14,No. 4 Constitutional Amendment,,,Yes,1600
Martin,15,No. 4 Constitutional Amendment,,,Yes,1195
Martin,16,No. 4 Constitutional Amendment,,,Yes,1145
Martin,17,No. 4 Constitutional Amendment,,,Yes,1302
Martin,18,No. 4 Constitutional Amendment,,,Yes,2046
Martin,19,No. 4 Constitutional Amendment,,,Yes,2105
Martin,20,No. 4 Constitutional Amendment,,,Yes,1049
Martin,21,No. 4 Constitutional Amendment,,,Yes,2184
Martin,22,No. 4 Constitutional Amendment,,,Yes,1096
Martin,23,No. 4 Constitutional Amendment,,,Yes,1943
Martin,24,No. 4 Constitutional Amendment,,,Yes,1533
Martin,25,No. 4 Constitutional Amendment,,,Yes,2176
Martin,26,No. 4 Constitutional Amendment,,,Yes,2074
Martin,27,No. 4 Constitutional Amendment,,,Yes,1945
Martin,28,No. 4 Constitutional Amendment,,,Yes,243
Martin,1,No. 4 Constitutional Amendment,,,No,2421
Martin,2,No. 4 Constitutional Amendment,,,No,2933
Martin,3,No. 4 Constitutional Amendment,,,No,177
Martin,4,No. 4 Constitutional Amendment,,,No,1709
Martin,5,No. 4 Constitutional Amendment,,,No,701
Martin,6,No. 4 Constitutional Amendment,,,No,1992
Martin,7,No. 4 Constitutional Amendment,,,No,2433
Martin,8,No. 4 Constitutional Amendment,,,No,744
Martin,9,No. 4 Constitutional Amendment,,,No,1096
Martin,10,No. 4 Constitutional Amendment,,,No,874
Martin,11,No. 4 Constitutional Amendment,,,No,1103
Martin,12,No. 4 Constitutional Amendment,,,No,2341
Martin,13,No. 4 Constitutional Amendment,,,No,2714
Martin,14,No. 4 Constitutional Amendment,,,No,1646
Martin,15,No. 4 Constitutional Amendment,,,No,1331
Martin,16,No. 4 Constitutional Amendment,,,No,867
Martin,17,No. 4 Constitutional Amendment,,,No,1415
Martin,18,No. 4 Constitutional Amendment,,,No,2269
Martin,19,No. 4 Constitutional Amendment,,,No,2308
Martin,20,No. 4 Constitutional Amendment,,,No,1051
Martin,21,No. 4 Constitutional Amendment,,,No,2460
Martin,22,No. 4 Constitutional Amendment,,,No,1286
Martin,23,No. 4 Constitutional Amendment,,,No,2267
Martin,24,No. 4 Constitutional Amendment,,,No,1763
Martin,25,No. 4 Constitutional Amendment,,,No,2505
Martin,26,No. 4 Constitutional Amendment,,,No,2467
Martin,27,No. 4 Constitutional Amendment,,,No,2385
Martin,28,No. 4 Constitutional Amendment,,,No,289
Martin,1,No. 5 Constitutional Amendment,,,Yes,3512
Martin,2,No. 5 Constitutional Amendment,,,Yes,4072
Martin,3,No. 5 Constitutional Amendment,,,Yes,278
Martin,4,No. 5 Constitutional Amendment,,,Yes,2569
Martin,5,No. 5 Constitutional Amendment,,,Yes,946
Martin,6,No. 5 Constitutional Amendment,,,Yes,3012
Martin,7,No. 5 Constitutional Amendment,,,Yes,3408
Martin,8,No. 5 Constitutional Amendment,,,Yes,1096
Martin,9,No. 5 Constitutional Amendment,,,Yes,1529
Martin,10,No. 5 Constitutional Amendment,,,Yes,1143
Martin,11,No. 5 Constitutional Amendment,,,Yes,1783
Martin,12,No. 5 Constitutional Amendment,,,Yes,3606
Martin,13,No. 5 Constitutional Amendment,,,Yes,3717
Martin,14,No. 5 Constitutional Amendment,,,Yes,2462
Martin,15,No. 5 Constitutional Amendment,,,Yes,1852
Martin,16,No. 5 Constitutional Amendment,,,Yes,1450
Martin,17,No. 5 Constitutional Amendment,,,Yes,2024
Martin,18,No. 5 Constitutional Amendment,,,Yes,3245
Martin,19,No. 5 Constitutional Amendment,,,Yes,3300
Martin,20,No. 5 Constitutional Amendment,,,Yes,1641
Martin,21,No. 5 Constitutional Amendment,,,Yes,3569
Martin,22,No. 5 Constitutional Amendment,,,Yes,1821
Martin,23,No. 5 Constitutional Amendment,,,Yes,3137
Martin,24,No. 5 Constitutional Amendment,,,Yes,2563
Martin,25,No. 5 Constitutional Amendment,,,Yes,3481
Martin,26,No. 5 Constitutional Amendment,,,Yes,3449
Martin,27,No. 5 Constitutional Amendment,,,Yes,3341
Martin,28,No. 5 Constitutional Amendment,,,Yes,417
Martin,1,No. 5 Constitutional Amendment,,,No,939
Martin,2,No. 5 Constitutional Amendment,,,No,1080
Martin,3,No. 5 Constitutional Amendment,,,No,101
Martin,4,No. 5 Constitutional Amendment,,,No,716
Martin,5,No. 5 Constitutional Amendment,,,No,265
Martin,6,No. 5 Constitutional Amendment,,,No,788
Martin,7,No. 5 Constitutional Amendment,,,No,951
Martin,8,No. 5 Constitutional Amendment,,,No,297
Martin,9,No. 5 Constitutional Amendment,,,No,387
Martin,10,No. 5 Constitutional Amendment,,,No,276
Martin,11,No. 5 Constitutional Amendment,,,No,531
Martin,12,No. 5 Constitutional Amendment,,,No,941
Martin,13,No. 5 Constitutional Amendment,,,No,1099
Martin,14,No. 5 Constitutional Amendment,,,No,645
Martin,15,No. 5 Constitutional Amendment,,,No,507
Martin,16,No. 5 Constitutional Amendment,,,No,480
Martin,17,No. 5 Constitutional Amendment,,,No,595
Martin,18,No. 5 Constitutional Amendment,,,No,902
Martin,19,No. 5 Constitutional Amendment,,,No,914
Martin,20,No. 5 Constitutional Amendment,,,No,383
Martin,21,No. 5 Constitutional Amendment,,,No,905
Martin,22,No. 5 Constitutional Amendment,,,No,480
Martin,23,No. 5 Constitutional Amendment,,,No,898
Martin,24,No. 5 Constitutional Amendment,,,No,646
Martin,25,No. 5 Constitutional Amendment,,,No,994
Martin,26,No. 5 Constitutional Amendment,,,No,910
Martin,27,No. 5 Constitutional Amendment,,,No,836
Martin,28,No. 5 Constitutional Amendment,,,No,94
Martin,1,No. 6 Constitutional Amendment,,,Yes,4293
Martin,2,No. 6 Constitutional Amendment,,,Yes,4940
Martin,3,No. 6 Constitutional Amendment,,,Yes,351
Martin,4,No. 6 Constitutional Amendment,,,Yes,3231
Martin,5,No. 6 Constitutional Amendment,,,Yes,1175
Martin,6,No. 6 Constitutional Amendment,,,Yes,3712
Martin,7,No. 6 Constitutional Amendment,,,Yes,4202
Martin,8,No. 6 Constitutional Amendment,,,Yes,1317
Martin,9,No. 6 Constitutional Amendment,,,Yes,1862
Martin,10,No. 6 Constitutional Amendment,,,Yes,1325
Martin,11,No. 6 Constitutional Amendment,,,Yes,2237
Martin,12,No. 6 Constitutional Amendment,,,Yes,4482
Martin,13,No. 6 Constitutional Amendment,,,Yes,4649
Martin,14,No. 6 Constitutional Amendment,,,Yes,3035
Martin,15,No. 6 Constitutional Amendment,,,Yes,2302
Martin,16,No. 6 Constitutional Amendment,,,Yes,1846
Martin,17,No. 6 Constitutional Amendment,,,Yes,2459
Martin,18,No. 6 Constitutional Amendment,,,Yes,4006
Martin,19,No. 6 Constitutional Amendment,,,Yes,4103
Martin,20,No. 6 Constitutional Amendment,,,Yes,1935
Martin,21,No. 6 Constitutional Amendment,,,Yes,4349
Martin,22,No. 6 Constitutional Amendment,,,Yes,2223
Martin,23,No. 6 Constitutional Amendment,,,Yes,3916
Martin,24,No. 6 Constitutional Amendment,,,Yes,3095
Martin,25,No. 6 Constitutional Amendment,,,Yes,4316
Martin,26,No. 6 Constitutional Amendment,,,Yes,4186
Martin,27,No. 6 Constitutional Amendment,,,Yes,3985
Martin,28,No. 6 Constitutional Amendment,,,Yes,485
Martin,1,No. 6 Constitutional Amendment,,,No,419
Martin,2,No. 6 Constitutional Amendment,,,No,523
Martin,3,No. 6 Constitutional Amendment,,,No,56
Martin,4,No. 6 Constitutional Amendment,,,No,279
Martin,5,No. 6 Constitutional Amendment,,,No,118
Martin,6,No. 6 Constitutional Amendment,,,No,337
Martin,7,No. 6 Constitutional Amendment,,,No,457
Martin,8,No. 6 Constitutional Amendment,,,No,159
Martin,9,No. 6 Constitutional Amendment,,,No,167
Martin,10,No. 6 Constitutional Amendment,,,No,207
Martin,11,No. 6 Constitutional Amendment,,,No,209
Martin,12,No. 6 Constitutional Amendment,,,No,401
Martin,13,No. 6 Constitutional Amendment,,,No,494
Martin,14,No. 6 Constitutional Amendment,,,No,261
Martin,15,No. 6 Constitutional Amendment,,,No,254
Martin,16,No. 6 Constitutional Amendment,,,No,195
Martin,17,No. 6 Constitutional Amendment,,,No,303
Martin,18,No. 6 Constitutional Amendment,,,No,382
Martin,19,No. 6 Constitutional Amendment,,,No,365
Martin,20,No. 6 Constitutional Amendment,,,No,202
Martin,21,No. 6 Constitutional Amendment,,,No,393
Martin,22,No. 6 Constitutional Amendment,,,No,215
Martin,23,No. 6 Constitutional Amendment,,,No,372
Martin,24,No. 6 Constitutional Amendment,,,No,285
Martin,25,No. 6 Constitutional Amendment,,,No,444
Martin,26,No. 6 Constitutional Amendment,,,No,423
Martin,27,No. 6 Constitutional Amendment,,,No,421
Martin,28,No. 6 Constitutional Amendment,,,No,65
