county,party,office,district,candidate,votes,election_day,absentee,early_voting,provisional
Alachua,REP,President,,Trump / Pence,50972,14773,14358,21772,69
Baker,REP,President,,Trump / Pence,11911,3398,2070,6443,0
Bay,REP,President,,Trump / Pence,66097,49976,16121,,
Bradford,REP,President,,Trump / Pence,10334,3716,2514,4104,0
Brevard,REP,President,,Trump / Pence,207883,,,,
Broward,REP,President,,Trump / Pence,333409,62953,116199,154182,75
Calhoun,REP,President,,Trump / Pence,5274,,,,
Charlotte,REP,President,,Trump / Pence,73243,,,,
Citrus,REP,President,,Trump / Pence,65352,,,,
Clay,REP,President,,Trump / Pence,84480,18874,17723,47883,
Collier,REP,President,,Trump / Pence,128950,,,,
Columbia,REP,President,,Trump / Pence,23836,,,,
Desoto,REP,President,,Trump / Pence,8313,,,,
Dixie,REP,President,,Trump / Pence,6759,,,,
Duval,REP,President,,Trump / Pence,233762,,,,
Escambia,REP,President,,Trump / Pence,96674,,,,
Flagler,REP,President,,Trump / Pence,43043,8630,13933,20480,
Franklin,REP,President,,Trump / Pence,4675,,,,
Gadsden,REP,President,,Trump / Pence,7465,,,,
Gilchrist,REP,President,,Trump / Pence,7895,,,,
Glades,REP,President,,Trump / Pence,3782,,,,
Gulf,REP,President,,Trump / Pence,6113,,,,
Hamilton,REP,President,,Trump / Pence,3815,,,,
Hardee,REP,President,,Trump / Pence,6122,,,,
Hendry,REP,President,,Trump / Pence,7906,1800,1706,4400,0
Hernando,REP,President,,Trump / Pence,70412,19173,23834,27376,29
Highlands,REP,President,,Trump / Pence,34873,9098,10310,15433,32
Hillsborough,REP,President,,Trump / Pence,327398,,,,
Holmes,REP,President,,Trump / Pence,8080,,,,
Indian River,REP,President,,Trump / Pence,58872,,,,
Jackson,REP,President,,Trump / Pence,15488,,,,
Jefferson,REP,President,,Trump / Pence,4479,,,,
Lafayette,REP,President,,Trump / Pence,3128,,,,
Lake,REP,President,,Trump / Pence,125859,,,,
Lee,REP,President,,Trump / Pence,233247,,,,
Leon,REP,President,,Trump / Pence,57453,15625,16356,25472,
Levy,REP,President,,Trump / Pence,16749,,,,
Liberty,REP,President,,Trump / Pence,2846,,,,
Madison,REP,President,,Trump / Pence,5576,,,,
Manatee,REP,President,,Trump / Pence,124987,,,,
Marion,REP,President,,Trump / Pence,127826,,,,
Martin,REP,President,,Trump / Pence,61168,,,,
Miami-Dade,REP,President,,Trump / Pence,532833,,,,
Monroe,REP,President,,Trump / Pence,25693,,,,
Nassau,REP,President,,Trump / Pence,42566,,,,
Okaloosa,REP,President,,Trump / Pence,79798,18700,19304,41702,92
Okeechobee,REP,President,,Trump / Pence,11470,,,,
Orange,REP,President,,Trump / Pence,245398,57524,78988,108808,78
Osceola,REP,President,,Trump / Pence,73480,,,,
Palm Beach,REP,President,,Trump / Pence,334711,,,,
Pasco,REP,President,,Trump / Pence,179621,,,,
Pinellas,REP,President,,Trump / Pence,276209,,,,
Polk,REP,President,,Trump / Pence,194586,,,,
Putnam,REP,President,,Trump / Pence,25514,,,,
Santa Rosa,REP,President,,Trump / Pence,77385,,,,
Sarasota,REP,President,,Trump / Pence,148370,,,,
Seminole,REP,President,,Trump / Pence,125241,,,,
St. Johns,REP,President,,Trump / Pence,110946,,,,
St. Lucie,REP,President,,Trump / Pence,86831,,,,
Sumter,REP,President,,Trump / Pence,62761,,,,
Suwannee,REP,President,,Trump / Pence,16410,,,,
Taylor,REP,President,,Trump / Pence,7751,,,,
Union,REP,President,,Trump / Pence,5133,,,,
Volusia,REP,President,,Trump / Pence,173821,,,,
Wakulla,REP,President,,Trump / Pence,12874,,,,
Walton,REP,President,,Trump / Pence,32947,,,,
Washington,REP,President,,Trump / Pence,9876,,,,
Alachua,DEM,President,,Biden / Harris,89704,11451,46166,31955,132
Baker,DEM,President,,Biden / Harris,2037,572,722,743,0
Bay,DEM,President,,Biden / Harris,25614,13289,12325,,
Bradford,DEM,President,,Biden / Harris,3160,,,,
Brevard,DEM,President,,Biden / Harris,148549,,,,
Broward,DEM,President,,Biden / Harris,618752,58643,352424,207575,110
Calhoun,DEM,President,,Biden / Harris,1209,,,,
Charlotte,DEM,President,,Biden / Harris,42273,,,,
Citrus,DEM,President,,Biden / Harris,27092,,,,
Clay,DEM,President,,Biden / Harris,38317,4989,16052,17276,
Collier,DEM,President,,Biden / Harris,77621,,,,
Columbia,DEM,President,,Biden / Harris,8914,,,,
Desoto,DEM,President,,Biden / Harris,4259,,,,
Dixie,DEM,President,,Biden / Harris,1365,,,,
Duval,DEM,President,,Biden / Harris,252556,,,,
Escambia,DEM,President,,Biden / Harris,70929,,,,
Flagler,DEM,President,,Biden / Harris,28161,2945,17435,7781,
Franklin,DEM,President,,Biden / Harris,2120,,,,
Gadsden,DEM,President,,Biden / Harris,16153,,,,
Gilchrist,DEM,President,,Biden / Harris,1700,,,,
Glades,DEM,President,,Biden / Harris,1385,,,,
Gulf,DEM,President,,Biden / Harris,1985,,,,
Hamilton,DEM,President,,Biden / Harris,1963,,,,
Hardee,DEM,President,,Biden / Harris,2298,,,,
Hendry,DEM,President,,Biden / Harris,4929,996,1547,2386,0
Hernando,DEM,President,,Biden / Harris,37519,5272,22564,9658,25
Highlands,DEM,President,,Biden / Harris,16938,,,,
Hillsborough,DEM,President,,Biden / Harris,376367,,,,
Holmes,DEM,President,,Biden / Harris,924,,,,
Indian River,DEM,President,,Biden / Harris,37844,,,,
Jackson,DEM,President,,Biden / Harris,6766,,,,
Jefferson,DEM,President,,Biden / Harris,3897,,,,
Lafayette,DEM,President,,Biden / Harris,510,,,,
Lake,DEM,President,,Biden / Harris,83505,,,,
Lee,DEM,President,,Biden / Harris,157695,,,,
Leon,DEM,President,,Biden / Harris,103517,15338,49560,38619,
Levy,DEM,President,,Biden / Harris,6205,,,,
Liberty,DEM,President,,Biden / Harris,694,,,,
Madison,DEM,President,,Biden / Harris,3747,,,,
Manatee,DEM,President,,Biden / Harris,90166,,,,
Marion,DEM,President,,Biden / Harris,74858,,,,
Martin,DEM,President,,Biden / Harris,36893,,,,
Miami-Dade,DEM,President,,Biden / Harris,617864,,,,
Monroe,DEM,President,,Biden / Harris,21881,,,,
Nassau,DEM,President,,Biden / Harris,15564,,,,
Okaloosa,DEM,President,,Biden / Harris,34248,4644,17236,12334,34
Okeechobee,DEM,President,,Biden / Harris,4390,,,,
Orange,DEM,President,,Biden / Harris,395014,49314,194837,150759,84
Osceola,DEM,President,,Biden / Harris,97297,,,,
Palm Beach,DEM,President,,Biden / Harris,433572,,,,
Pasco,DEM,President,,Biden / Harris,119073,,,,
Pinellas,DEM,President,,Biden / Harris,277450,,,,
Polk,DEM,President,,Biden / Harris,145049,,,,
Putnam,DEM,President,,Biden / Harris,10527,,,,
Santa Rosa,DEM,President,,Biden / Harris,27612,,,,
Sarasota,DEM,President,,Biden / Harris,120110,,,,
Seminole,DEM,President,,Biden / Harris,132528,,,,
St. Johns,DEM,President,,Biden / Harris,63850,,,,
St. Lucie,DEM,President,,Biden / Harris,84137,,,,
Sumter,DEM,President,,Biden / Harris,29341,,,,
Suwannee,DEM,President,,Biden / Harris,4485,,,,
Taylor,DEM,President,,Biden / Harris,2299,,,,
Union,DEM,President,,Biden / Harris,1053,,,,
Volusia,DEM,President,,Biden / Harris,130575,,,,
Wakulla,DEM,President,,Biden / Harris,5351,,,,
Walton,DEM,President,,Biden / Harris,10338,,,,
Washington,DEM,President,,Biden / Harris,2347,,,,
Alachua,LPF,President,,Jorgensen / Cohen,1390,476,486,428,0
Baker,LPF,President,,Jorgensen / Cohen,93,,,,
Bay,LPF,President,,Jorgensen / Cohen,1004,701,303,,
Bradford,LPF,President,,Jorgensen / Cohen,110,43,30,37,0
Brevard,LPF,President,,Jorgensen / Cohen,3178,,,,
Broward,LPF,President,,Jorgensen / Cohen,3114,691,1559,863,1
Calhoun,LPF,President,,Jorgensen / Cohen,29,,,,
Charlotte,LPF,President,,Jorgensen / Cohen,565,,,,
Citrus,LPF,President,,Jorgensen / Cohen,548,,,,
Clay,LPF,President,,Jorgensen / Cohen,1286,390,376,520,
Collier,LPF,President,,Jorgensen / Cohen,889,,,,
Columbia,LPF,President,,Jorgensen / Cohen,224,,,,
Desoto,LPF,President,,Jorgensen / Cohen,52,,,,
Dixie,LPF,President,,Jorgensen / Cohen,27,,,,
Duval,LPF,President,,Jorgensen / Cohen,4788,,,,
Escambia,LPF,President,,Jorgensen / Cohen,2146,,,,
Flagler,LPF,President,,Jorgensen / Cohen,359,107,154,98,
Franklin,LPF,President,,Jorgensen / Cohen,27,,,,
Gadsden,LPF,President,,Jorgensen / Cohen,96,,,,
Gilchrist,LPF,President,,Jorgensen / Cohen,61,,,,
Glades,LPF,President,,Jorgensen / Cohen,21,,,,
Gulf,LPF,President,,Jorgensen / Cohen,48,,,,
Hamilton,LPF,President,,Jorgensen / Cohen,33,,,,
Hardee,LPF,President,,Jorgensen / Cohen,40,,,,
Hendry,LPF,President,,Jorgensen / Cohen,65,,,,
Hernando,LPF,President,,Jorgensen / Cohen,686,241,278,166,1
Highlands,LPF,President,,Jorgensen / Cohen,223,80,87,56,0
Hillsborough,LPF,President,,Jorgensen / Cohen,5665,,,,
Holmes,LPF,President,,Jorgensen / Cohen,48,,,,
Indian River,LPF,President,,Jorgensen / Cohen,534,,,,
Jackson,LPF,President,,Jorgensen / Cohen,116,,,,
Jefferson,LPF,President,,Jorgensen / Cohen,46,,,,
Lafayette,LPF,President,,Jorgensen / Cohen,14,,,,
Lake,LPF,President,,Jorgensen / Cohen,1385,,,,
Lee,LPF,President,,Jorgensen / Cohen,2016,,,,
Leon,LPF,President,,Jorgensen / Cohen,1344,412,518,414,
Levy,LPF,President,,Jorgensen / Cohen,131,,,,
Liberty,LPF,President,,Jorgensen / Cohen,14,,,,
Madison,LPF,President,,Jorgensen / Cohen,32,,,,
Manatee,LPF,President,,Jorgensen / Cohen,1287,,,,
Marion,LPF,President,,Jorgensen / Cohen,1180,,,,
Martin,LPF,President,,Jorgensen / Cohen,448,,,,
Miami-Dade,LPF,President,,Jorgensen / Cohen,3329,,,,
Monroe,LPF,President,,Jorgensen / Cohen,348,,,,
Nassau,LPF,President,,Jorgensen / Cohen,569,,,,
Okaloosa,LPF,President,,Jorgensen / Cohen,1881,,,,
Okeechobee,LPF,President,,Jorgensen / Cohen,66,,,,
Orange,LPF,President,,Jorgensen / Cohen,4685,1368,1851,1466,0
Osceola,LPF,President,,Jorgensen / Cohen,964,,,,
Palm Beach,LPF,President,,Jorgensen / Cohen,3040,,,,
Pasco,LPF,President,,Jorgensen / Cohen,2265,,,,
Pinellas,LPF,President,,Jorgensen / Cohen,4268,,,,
Polk,LPF,President,,Jorgensen / Cohen,2595,,,,
Putnam,LPF,President,,Jorgensen / Cohen,226,,,,
Santa Rosa,LPF,President,,Jorgensen / Cohen,1645,,,,
Sarasota,LPF,President,,Jorgensen / Cohen,1507,,,,
Seminole,LPF,President,,Jorgensen / Cohen,2215,,,,
St. Johns,LPF,President,,Jorgensen / Cohen,1413,,,,
St. Lucie,LPF,President,,Jorgensen / Cohen,768,,,,
Sumter,LPF,President,,Jorgensen / Cohen,269,,,,
Suwannee,LPF,President,,Jorgensen / Cohen,119,,,,
Taylor,LPF,President,,Jorgensen / Cohen,52,,,,
Union,LPF,President,,Jorgensen / Cohen,42,,,,
Volusia,LPF,President,,Jorgensen / Cohen,2156,,,,
Wakulla,LPF,President,,Jorgensen / Cohen,135,,,,
Walton,LPF,President,,Jorgensen / Cohen,336,,,,
Washington,LPF,President,,Jorgensen / Cohen,69,,,,
Alachua,REF,President,,De La Fuente / Richardson,70,,,,
Baker,REF,President,,De La Fuente / Richardson,4,,,,
Bay,REF,President,,De La Fuente / Richardson,54,,,,
Bradford,REF,President,,De La Fuente / Richardson,7,,,,
Brevard,REF,President,,De La Fuente / Richardson,222,,,,
Broward,REF,President,,De La Fuente / Richardson,426,91,229,106,0
Calhoun,REF,President,,De La Fuente / Richardson,4,,,,
Charlotte,REF,President,,De La Fuente / Richardson,49,,,,
Citrus,REF,President,,De La Fuente / Richardson,42,,,,
Clay,REF,President,,De La Fuente / Richardson,45,10,14,21,
Collier,REF,President,,De La Fuente / Richardson,64,,,,
Columbia,REF,President,,De La Fuente / Richardson,12,,,,
Desoto,REF,President,,De La Fuente / Richardson,12,,,,
Dixie,REF,President,,De La Fuente / Richardson,5,,,,
Duval,REF,President,,De La Fuente / Richardson,319,,,,
Escambia,REF,President,,De La Fuente / Richardson,105,,,,
Flagler,REF,President,,De La Fuente / Richardson,30,5,17,8,
Franklin,REF,President,,De La Fuente / Richardson,4,,,,
Gadsden,REF,President,,De La Fuente / Richardson,8,,,,
Gilchrist,REF,President,,De La Fuente / Richardson,6,,,,
Glades,REF,President,,De La Fuente / Richardson,0,,,,
Gulf,REF,President,,De La Fuente / Richardson,6,,,,
Hamilton,REF,President,,De La Fuente / Richardson,6,,,,
Hardee,REF,President,,De La Fuente / Richardson,10,,,,
Hendry,REF,President,,De La Fuente / Richardson,11,,,,
Hernando,REF,President,,De La Fuente / Richardson,62,13,45,4,0
Highlands,REF,President,,De La Fuente / Richardson,28,,,,
Hillsborough,REF,President,,De La Fuente / Richardson,574,,,,
Holmes,REF,President,,De La Fuente / Richardson,2,,,,
Indian River,REF,President,,De La Fuente / Richardson,43,,,,
Jackson,REF,President,,De La Fuente / Richardson,13,,,,
Jefferson,REF,President,,De La Fuente / Richardson,4,,,,
Lafayette,REF,President,,De La Fuente / Richardson,1,,,,
Lake,REF,President,,De La Fuente / Richardson,120,,,,
Lee,REF,President,,De La Fuente / Richardson,187,,,,
Leon,REF,President,,De La Fuente / Richardson,98,33,40,25,
Levy,REF,President,,De La Fuente / Richardson,14,,,,
Liberty,REF,President,,De La Fuente / Richardson,2,,,,
Madison,REF,President,,De La Fuente / Richardson,3,,,,
Manatee,REF,President,,De La Fuente / Richardson,96,,,,
Marion,REF,President,,De La Fuente / Richardson,91,,,,
Martin,REF,President,,De La Fuente / Richardson,38,,,,
Miami-Dade,REF,President,,De La Fuente / Richardson,602,,,,
Monroe,REF,President,,De La Fuente / Richardson,26,,,,
Nassau,REF,President,,De La Fuente / Richardson,28,,,,
Okaloosa,REF,President,,De La Fuente / Richardson,76,,,,
Okeechobee,REF,President,,De La Fuente / Richardson,8,,,,
Orange,REF,President,,De La Fuente / Richardson,386,113,157,116,0
Osceola,REF,President,,De La Fuente / Richardson,166,,,,
Palm Beach,REF,President,,De La Fuente / Richardson,356,,,,
Pasco,REF,President,,De La Fuente / Richardson,200,,,,
Pinellas,REF,President,,De La Fuente / Richardson,305,,,,
Polk,REF,President,,De La Fuente / Richardson,204,,,,
Putnam,REF,President,,De La Fuente / Richardson,14,,,,
Santa Rosa,REF,President,,De La Fuente / Richardson,60,,,,
Sarasota,REF,President,,De La Fuente / Richardson,102,,,,
Seminole,REF,President,,De La Fuente / Richardson,135,,,,
St. Johns,REF,President,,De La Fuente / Richardson,101,,,,
St. Lucie,REF,President,,De La Fuente / Richardson,71,,,,
Sumter,REF,President,,De La Fuente / Richardson,25,,,,
Suwannee,REF,President,,De La Fuente / Richardson,6,,,,
Taylor,REF,President,,De La Fuente / Richardson,3,,,,
Union,REF,President,,De La Fuente / Richardson,4,,,,
Volusia,REF,President,,De La Fuente / Richardson,160,,,,
Wakulla,REF,President,,De La Fuente / Richardson,10,,,,
Walton,REF,President,,De La Fuente / Richardson,16,,,,
Washington,REF,President,,De La Fuente / Richardson,5,,,,
Alachua,PSL,President,,La Riva / Freeman,94,,,,
Baker,PSL,President,,La Riva / Freeman,3,,,,
Bay,PSL,President,,La Riva / Freeman,45,,,,
Bradford,PSL,President,,La Riva / Freeman,3,,,,
Brevard,PSL,President,,La Riva / Freeman,164,,,,
Broward,PSL,President,,La Riva / Freeman,417,115,193,108,1
Calhoun,PSL,President,,La Riva / Freeman,4,,,,
Charlotte,PSL,President,,La Riva / Freeman,32,,,,
Citrus,PSL,President,,La Riva / Freeman,30,,,,
Clay,PSL,President,,La Riva / Freeman,55,15,20,20,
Collier,PSL,President,,La Riva / Freeman,50,,,,
Columbia,PSL,President,,La Riva / Freeman,20,,,,
Desoto,PSL,President,,La Riva / Freeman,11,,,,
Dixie,PSL,President,,La Riva / Freeman,2,,,,
Duval,PSL,President,,La Riva / Freeman,328,,,,
Escambia,PSL,President,,La Riva / Freeman,137,,,,
Flagler,PSL,President,,La Riva / Freeman,29,6,14,9,
Franklin,PSL,President,,La Riva / Freeman,8,,,,
Gadsden,PSL,President,,La Riva / Freeman,10,,,,
Gilchrist,PSL,President,,La Riva / Freeman,2,,,,
Glades,PSL,President,,La Riva / Freeman,1,,,,
Gulf,PSL,President,,La Riva / Freeman,0,,,,
Hamilton,PSL,President,,La Riva / Freeman,2,,,,
Hardee,PSL,President,,La Riva / Freeman,6,,,,
Hendry,PSL,President,,La Riva / Freeman,8,,,,
Hernando,PSL,President,,La Riva / Freeman,44,8,29,7,0
Highlands,PSL,President,,La Riva / Freeman,24,,,,
Hillsborough,PSL,President,,La Riva / Freeman,529,,,,
Holmes,PSL,President,,La Riva / Freeman,1,,,,
Indian River,PSL,President,,La Riva / Freeman,33,,,,
Jackson,PSL,President,,La Riva / Freeman,13,,,,
Jefferson,PSL,President,,La Riva / Freeman,4,,,,
Lafayette,PSL,President,,La Riva / Freeman,1,,,,
Lake,PSL,President,,La Riva / Freeman,96,,,,
Lee,PSL,President,,La Riva / Freeman,176,,,,
Leon,PSL,President,,La Riva / Freeman,122,36,47,39,
Levy,PSL,President,,La Riva / Freeman,7,,,,
Liberty,PSL,President,,La Riva / Freeman,2,,,,
Madison,PSL,President,,La Riva / Freeman,4,,,,
Manatee,PSL,President,,La Riva / Freeman,78,,,,
Marion,PSL,President,,La Riva / Freeman,98,,,,
Martin,PSL,President,,La Riva / Freeman,35,,,,
Miami-Dade,PSL,President,,La Riva / Freeman,579,,,,
Monroe,PSL,President,,La Riva / Freeman,14,,,,
Nassau,PSL,President,,La Riva / Freeman,12,,,,
Okaloosa,PSL,President,,La Riva / Freeman,73,,,,
Okeechobee,PSL,President,,La Riva / Freeman,4,,,,
Orange,PSL,President,,La Riva / Freeman,444,114,187,143,0
Osceola,PSL,President,,La Riva / Freeman,140,,,,
Palm Beach,PSL,President,,La Riva / Freeman,335,,,,
Pasco,PSL,President,,La Riva / Freeman,169,,,,
Pinellas,PSL,President,,La Riva / Freeman,311,,,,
Polk,PSL,President,,La Riva / Freeman,217,,,,
Putnam,PSL,President,,La Riva / Freeman,21,,,,
Santa Rosa,PSL,President,,La Riva / Freeman,46,,,,
Sarasota,PSL,President,,La Riva / Freeman,105,,,,
Seminole,PSL,President,,La Riva / Freeman,137,,,,
St. Johns,PSL,President,,La Riva / Freeman,54,,,,
St. Lucie,PSL,President,,La Riva / Freeman,82,,,,
Sumter,PSL,President,,La Riva / Freeman,20,,,,
Suwannee,PSL,President,,La Riva / Freeman,8,,,,
Taylor,PSL,President,,La Riva / Freeman,6,,,,
Union,PSL,President,,La Riva / Freeman,3,,,,
Volusia,PSL,President,,La Riva / Freeman,173,,,,
Wakulla,PSL,President,,La Riva / Freeman,6,,,,
Walton,PSL,President,,La Riva / Freeman,15,,,,
Washington,PSL,President,,La Riva / Freeman,10,,,,
Alachua,GRE,President,,Hawkins / Walker,302,75,140,87,0
Baker,GRE,President,,Hawkins / Walker,10,,,,
Bay,GRE,President,,Hawkins / Walker,142,83,59,,
Bradford,GRE,President,,Hawkins / Walker,11,,,,
Brevard,GRE,President,,Hawkins / Walker,553,,,,
Broward,GRE,President,,Hawkins / Walker,1253,248,702,303,0
Calhoun,GRE,President,,Hawkins / Walker,4,,,,
Charlotte,GRE,President,,Hawkins / Walker,129,,,,
Citrus,GRE,President,,Hawkins / Walker,86,,,,
Clay,GRE,President,,Hawkins / Walker,153,37,49,67,
Collier,GRE,President,,Hawkins / Walker,186,,,,
Columbia,GRE,President,,Hawkins / Walker,28,,,,
Desoto,GRE,President,,Hawkins / Walker,8,,,,
Dixie,GRE,President,,Hawkins / Walker,5,,,,
Duval,GRE,President,,Hawkins / Walker,772,,,,
Escambia,GRE,President,,Hawkins / Walker,256,,,,
Flagler,GRE,President,,Hawkins / Walker,69,27,29,13,
Franklin,GRE,President,,Hawkins / Walker,12,,,,
Gadsden,GRE,President,,Hawkins / Walker,21,,,,
Gilchrist,GRE,President,,Hawkins / Walker,13,,,,
Glades,GRE,President,,Hawkins / Walker,4,,,,
Gulf,GRE,President,,Hawkins / Walker,5,,,,
Hamilton,GRE,President,,Hawkins / Walker,8,,,,
Hardee,GRE,President,,Hawkins / Walker,8,,,,
Hendry,GRE,President,,Hawkins / Walker,13,,,,
Hernando,GRE,President,,Hawkins / Walker,151,49,81,21,0
Highlands,GRE,President,,Hawkins / Walker,53,,,,
Hillsborough,GRE,President,,Hawkins / Walker,1187,,,,
Holmes,GRE,President,,Hawkins / Walker,9,,,,
Indian River,GRE,President,,Hawkins / Walker,117,,,,
Jackson,GRE,President,,Hawkins / Walker,13,,,,
Jefferson,GRE,President,,Hawkins / Walker,13,,,,
Lafayette,GRE,President,,Hawkins / Walker,2,,,,
Lake,GRE,President,,Hawkins / Walker,254,,,,
Lee,GRE,President,,Hawkins / Walker,440,,,,
Leon,GRE,President,,Hawkins / Walker,271,65,113,93,
Levy,GRE,President,,Hawkins / Walker,25,,,,
Liberty,GRE,President,,Hawkins / Walker,2,,,,
Madison,GRE,President,,Hawkins / Walker,13,,,,
Manatee,GRE,President,,Hawkins / Walker,258,,,,
Marion,GRE,President,,Hawkins / Walker,228,,,,
Martin,GRE,President,,Hawkins / Walker,105,,,,
Miami-Dade,GRE,President,,Hawkins / Walker,1289,,,,
Monroe,GRE,President,,Hawkins / Walker,51,,,,
Nassau,GRE,President,,Hawkins / Walker,43,,,,
Okaloosa,GRE,President,,Hawkins / Walker,183,51,73,59,0
Okeechobee,GRE,President,,Hawkins / Walker,7,,,,
Orange,GRE,President,,Hawkins / Walker,1146,270,544,331,0
Osceola,GRE,President,,Hawkins / Walker,290,,,,
Palm Beach,GRE,President,,Hawkins / Walker,891,,,,
Pasco,GRE,President,,Hawkins / Walker,467,,,,
Pinellas,GRE,President,,Hawkins / Walker,912,,,,
Polk,GRE,President,,Hawkins / Walker,425,,,,
Putnam,GRE,President,,Hawkins / Walker,50,,,,
Santa Rosa,GRE,President,,Hawkins / Walker,122,,,,
Sarasota,GRE,President,,Hawkins / Walker,284,,,,
Seminole,GRE,President,,Hawkins / Walker,406,,,,
St. Johns,GRE,President,,Hawkins / Walker,210,,,,
St. Lucie,GRE,President,,Hawkins / Walker,209,,,,
Sumter,GRE,President,,Hawkins / Walker,39,,,,
Suwannee,GRE,President,,Hawkins / Walker,23,,,,
Taylor,GRE,President,,Hawkins / Walker,11,,,,
Union,GRE,President,,Hawkins / Walker,5,,,,
Volusia,GRE,President,,Hawkins / Walker,390,,,,
Wakulla,GRE,President,,Hawkins / Walker,18,,,,
Walton,GRE,President,,Hawkins / Walker,43,,,,
Washington,GRE,President,,Hawkins / Walker,15,,,,
Alachua,CPF,President,,Blankenship / Mohr,52,,,,
Baker,CPF,President,,Blankenship / Mohr,1,,,,
Bay,CPF,President,,Blankenship / Mohr,52,,,,
Bradford,CPF,President,,Blankenship / Mohr,6,,,,
Brevard,CPF,President,,Blankenship / Mohr,171,,,,
Broward,CPF,President,,Blankenship / Mohr,238,47,145,46,0
Calhoun,CPF,President,,Blankenship / Mohr,2,,,,
Charlotte,CPF,President,,Blankenship / Mohr,45,,,,
Citrus,CPF,President,,Blankenship / Mohr,49,,,,
Clay,CPF,President,,Blankenship / Mohr,57,13,25,19,
Collier,CPF,President,,Blankenship / Mohr,39,,,,
Columbia,CPF,President,,Blankenship / Mohr,8,,,,
Desoto,CPF,President,,Blankenship / Mohr,4,,,,
Dixie,CPF,President,,Blankenship / Mohr,4,,,,
Duval,CPF,President,,Blankenship / Mohr,218,,,,
Escambia,CPF,President,,Blankenship / Mohr,92,,,,
Flagler,CPF,President,,Blankenship / Mohr,20,5,12,3,
Franklin,CPF,President,,Blankenship / Mohr,3,,,,
Gadsden,CPF,President,,Blankenship / Mohr,9,,,,
Gilchrist,CPF,President,,Blankenship / Mohr,5,,,,
Glades,CPF,President,,Blankenship / Mohr,0,,,,
Gulf,CPF,President,,Blankenship / Mohr,6,,,,
Hamilton,CPF,President,,Blankenship / Mohr,2,,,,
Hardee,CPF,President,,Blankenship / Mohr,1,,,,
Hendry,CPF,President,,Blankenship / Mohr,7,,,,
Hernando,CPF,President,,Blankenship / Mohr,40,11,20,9,0
Highlands,CPF,President,,Blankenship / Mohr,28,,,,
Hillsborough,CPF,President,,Blankenship / Mohr,270,,,,
Holmes,CPF,President,,Blankenship / Mohr,4,,,,
Indian River,CPF,President,,Blankenship / Mohr,38,,,,
Jackson,CPF,President,,Blankenship / Mohr,5,,,,
Jefferson,CPF,President,,Blankenship / Mohr,5,,,,
Lafayette,CPF,President,,Blankenship / Mohr,2,,,,
Lake,CPF,President,,Blankenship / Mohr,79,,,,
Lee,CPF,President,,Blankenship / Mohr,121,,,,
Leon,CPF,President,,Blankenship / Mohr,71,24,32,15,
Levy,CPF,President,,Blankenship / Mohr,13,,,,
Liberty,CPF,President,,Blankenship / Mohr,1,,,,
Madison,CPF,President,,Blankenship / Mohr,5,,,,
Manatee,CPF,President,,Blankenship / Mohr,69,,,,
Marion,CPF,President,,Blankenship / Mohr,80,,,,
Martin,CPF,President,,Blankenship / Mohr,37,,,,
Miami-Dade,CPF,President,,Blankenship / Mohr,293,,,,
Monroe,CPF,President,,Blankenship / Mohr,12,,,,
Nassau,CPF,President,,Blankenship / Mohr,24,,,,
Okaloosa,CPF,President,,Blankenship / Mohr,79,,,,
Okeechobee,CPF,President,,Blankenship / Mohr,8,,,,
Orange,CPF,President,,Blankenship / Mohr,223,49,117,57,0
Osceola,CPF,President,,Blankenship / Mohr,70,,,,
Palm Beach,CPF,President,,Blankenship / Mohr,188,,,,
Pasco,CPF,President,,Blankenship / Mohr,142,,,,
Pinellas,CPF,President,,Blankenship / Mohr,199,,,,
Polk,CPF,President,,Blankenship / Mohr,140,,,,
Putnam,CPF,President,,Blankenship / Mohr,20,,,,
Santa Rosa,CPF,President,,Blankenship / Mohr,55,,,,
Sarasota,CPF,President,,Blankenship / Mohr,70,,,,
Seminole,CPF,President,,Blankenship / Mohr,103,,,,
St. Johns,CPF,President,,Blankenship / Mohr,44,,,,
St. Lucie,CPF,President,,Blankenship / Mohr,61,,,,
Sumter,CPF,President,,Blankenship / Mohr,29,,,,
Suwannee,CPF,President,,Blankenship / Mohr,6,,,,
Taylor,CPF,President,,Blankenship / Mohr,3,,,,
Union,CPF,President,,Blankenship / Mohr,5,,,,
Volusia,CPF,President,,Blankenship / Mohr,141,,,,
Wakulla,CPF,President,,Blankenship / Mohr,10,,,,
Walton,CPF,President,,Blankenship / Mohr,13,,,,
Washington,CPF,President,,Blankenship / Mohr,5,,,,
Alachua,WRI,President,,Carroll / Patel,16,,,,
Baker,WRI,President,,Carroll / Patel,0,,,,
Bay,WRI,President,,Carroll / Patel,11,,,,
Bradford,WRI,President,,Carroll / Patel,1,,,,
Brevard,WRI,President,,Carroll / Patel,36,,,,
Broward,WRI,President,,Carroll / Patel,37,,,,
Calhoun,WRI,President,,Carroll / Patel,0,,,,
Charlotte,WRI,President,,Carroll / Patel,4,,,,
Citrus,WRI,President,,Carroll / Patel,8,,,,
Clay,WRI,President,,Carroll / Patel,12,,,,
Collier,WRI,President,,Carroll / Patel,18,,,,
Columbia,WRI,President,,Carroll / Patel,0,,,,
Desoto,WRI,President,,Carroll / Patel,0,,,,
Dixie,WRI,President,,Carroll / Patel,0,,,,
Duval,WRI,President,,Carroll / Patel,65,,,,
Escambia,WRI,President,,Carroll / Patel,25,,,,
Flagler,WRI,President,,Carroll / Patel,3,,,,
Franklin,WRI,President,,Carroll / Patel,0,,,,
Gadsden,WRI,President,,Carroll / Patel,0,,,,
Gilchrist,WRI,President,,Carroll / Patel,3,,,,
Glades,WRI,President,,Carroll / Patel,0,,,,
Gulf,WRI,President,,Carroll / Patel,0,,,,
Hamilton,WRI,President,,Carroll / Patel,0,,,,
Hardee,WRI,President,,Carroll / Patel,0,,,,
Hendry,WRI,President,,Carroll / Patel,1,,,,
Hernando,WRI,President,,Carroll / Patel,7,,,,
Highlands,WRI,President,,Carroll / Patel,2,,,,
Hillsborough,WRI,President,,Carroll / Patel,61,,,,
Holmes,WRI,President,,Carroll / Patel,0,,,,
Indian River,WRI,President,,Carroll / Patel,1,,,,
Jackson,WRI,President,,Carroll / Patel,4,,,,
Jefferson,WRI,President,,Carroll / Patel,3,,,,
Lafayette,WRI,President,,Carroll / Patel,0,,,,
Lake,WRI,President,,Carroll / Patel,13,,,,
Lee,WRI,President,,Carroll / Patel,15,,,,
Leon,WRI,President,,Carroll / Patel,43,,,,
Levy,WRI,President,,Carroll / Patel,1,,,,
Liberty,WRI,President,,Carroll / Patel,0,,,,
Madison,WRI,President,,Carroll / Patel,0,,,,
Manatee,WRI,President,,Carroll / Patel,10,,,,
Marion,WRI,President,,Carroll / Patel,12,,,,
Martin,WRI,President,,Carroll / Patel,1,,,,
Miami-Dade,WRI,President,,Carroll / Patel,18,,,,
Monroe,WRI,President,,Carroll / Patel,4,,,,
Nassau,WRI,President,,Carroll / Patel,4,,,,
Okaloosa,WRI,President,,Carroll / Patel,31,,,,
Okeechobee,WRI,President,,Carroll / Patel,0,,,,
Orange,WRI,President,,Carroll / Patel,92,,,,
Osceola,WRI,President,,Carroll / Patel,23,,,,
Palm Beach,WRI,President,,Carroll / Patel,50,,,,
Pasco,WRI,President,,Carroll / Patel,29,,,,
Pinellas,WRI,President,,Carroll / Patel,49,,,,
Polk,WRI,President,,Carroll / Patel,37,,,,
Putnam,WRI,President,,Carroll / Patel,0,,,,
Santa Rosa,WRI,President,,Carroll / Patel,3,,,,
Sarasota,WRI,President,,Carroll / Patel,23,,,,
Seminole,WRI,President,,Carroll / Patel,42,,,,
St. Johns,WRI,President,,Carroll / Patel,4,,,,
St. Lucie,WRI,President,,Carroll / Patel,10,,,,
Sumter,WRI,President,,Carroll / Patel,0,,,,
Suwannee,WRI,President,,Carroll / Patel,0,,,,
Taylor,WRI,President,,Carroll / Patel,2,,,,
Union,WRI,President,,Carroll / Patel,0,,,,
Volusia,WRI,President,,Carroll / Patel,19,,,,
Wakulla,WRI,President,,Carroll / Patel,0,,,,
Walton,WRI,President,,Carroll / Patel,1,,,,
Washington,WRI,President,,Carroll / Patel,0,,,,
Alachua,WRI,President,,Howard / Howard,0,,,,
Baker,WRI,President,,Howard / Howard,0,,,,
Bay,WRI,President,,Howard / Howard,0,,,,
Bradford,WRI,President,,Howard / Howard,0,,,,
Brevard,WRI,President,,Howard / Howard,0,,,,
Broward,WRI,President,,Howard / Howard,0,,,,
Calhoun,WRI,President,,Howard / Howard,0,,,,
Charlotte,WRI,President,,Howard / Howard,0,,,,
Citrus,WRI,President,,Howard / Howard,0,,,,
Clay,WRI,President,,Howard / Howard,0,,,,
Collier,WRI,President,,Howard / Howard,0,,,,
Columbia,WRI,President,,Howard / Howard,0,,,,
Desoto,WRI,President,,Howard / Howard,0,,,,
Dixie,WRI,President,,Howard / Howard,0,,,,
Duval,WRI,President,,Howard / Howard,1,,,,
Escambia,WRI,President,,Howard / Howard,1,,,,
Flagler,WRI,President,,Howard / Howard,0,,,,
Franklin,WRI,President,,Howard / Howard,0,,,,
Gadsden,WRI,President,,Howard / Howard,0,,,,
Gilchrist,WRI,President,,Howard / Howard,0,,,,
Glades,WRI,President,,Howard / Howard,0,,,,
Gulf,WRI,President,,Howard / Howard,0,,,,
Hamilton,WRI,President,,Howard / Howard,0,,,,
Hardee,WRI,President,,Howard / Howard,0,,,,
Hendry,WRI,President,,Howard / Howard,0,,,,
Hernando,WRI,President,,Howard / Howard,0,,,,
Highlands,WRI,President,,Howard / Howard,0,,,,
Hillsborough,WRI,President,,Howard / Howard,0,,,,
Holmes,WRI,President,,Howard / Howard,0,,,,
Indian River,WRI,President,,Howard / Howard,0,,,,
Jackson,WRI,President,,Howard / Howard,0,,,,
Jefferson,WRI,President,,Howard / Howard,0,,,,
Lafayette,WRI,President,,Howard / Howard,0,,,,
Lake,WRI,President,,Howard / Howard,2,,,,
Lee,WRI,President,,Howard / Howard,0,,,,
Leon,WRI,President,,Howard / Howard,0,,,,
Levy,WRI,President,,Howard / Howard,0,,,,
Liberty,WRI,President,,Howard / Howard,0,,,,
Madison,WRI,President,,Howard / Howard,0,,,,
Manatee,WRI,President,,Howard / Howard,0,,,,
Marion,WRI,President,,Howard / Howard,0,,,,
Martin,WRI,President,,Howard / Howard,0,,,,
Miami-Dade,WRI,President,,Howard / Howard,0,,,,
Monroe,WRI,President,,Howard / Howard,0,,,,
Nassau,WRI,President,,Howard / Howard,0,,,,
Okaloosa,WRI,President,,Howard / Howard,0,,,,
Okeechobee,WRI,President,,Howard / Howard,0,,,,
Orange,WRI,President,,Howard / Howard,1,,,,
Osceola,WRI,President,,Howard / Howard,0,,,,
Palm Beach,WRI,President,,Howard / Howard,1,,,,
Pasco,WRI,President,,Howard / Howard,0,,,,
Pinellas,WRI,President,,Howard / Howard,0,,,,
Polk,WRI,President,,Howard / Howard,0,,,,
Putnam,WRI,President,,Howard / Howard,0,,,,
Santa Rosa,WRI,President,,Howard / Howard,0,,,,
Sarasota,WRI,President,,Howard / Howard,1,,,,
Seminole,WRI,President,,Howard / Howard,2,,,,
St. Johns,WRI,President,,Howard / Howard,0,,,,
St. Lucie,WRI,President,,Howard / Howard,0,,,,
Sumter,WRI,President,,Howard / Howard,0,,,,
Suwannee,WRI,President,,Howard / Howard,0,,,,
Taylor,WRI,President,,Howard / Howard,0,,,,
Union,WRI,President,,Howard / Howard,0,,,,
Volusia,WRI,President,,Howard / Howard,0,,,,
Wakulla,WRI,President,,Howard / Howard,0,,,,
Walton,WRI,President,,Howard / Howard,0,,,,
Washington,WRI,President,,Howard / Howard,0,,,,
Alachua,WRI,President,,Laboch / Pope,0,,,,
Baker,WRI,President,,Laboch / Pope,0,,,,
Bay,WRI,President,,Laboch / Pope,0,,,,
Bradford,WRI,President,,Laboch / Pope,0,,,,
Brevard,WRI,President,,Laboch / Pope,0,,,,
Broward,WRI,President,,Laboch / Pope,1,,,,
Calhoun,WRI,President,,Laboch / Pope,0,,,,
Charlotte,WRI,President,,Laboch / Pope,0,,,,
Citrus,WRI,President,,Laboch / Pope,0,,,,
Clay,WRI,President,,Laboch / Pope,0,,,,
Collier,WRI,President,,Laboch / Pope,0,,,,
Columbia,WRI,President,,Laboch / Pope,0,,,,
Desoto,WRI,President,,Laboch / Pope,0,,,,
Dixie,WRI,President,,Laboch / Pope,0,,,,
Duval,WRI,President,,Laboch / Pope,0,,,,
Escambia,WRI,President,,Laboch / Pope,0,,,,
Flagler,WRI,President,,Laboch / Pope,0,,,,
Franklin,WRI,President,,Laboch / Pope,0,,,,
Gadsden,WRI,President,,Laboch / Pope,0,,,,
Gilchrist,WRI,President,,Laboch / Pope,0,,,,
Glades,WRI,President,,Laboch / Pope,0,,,,
Gulf,WRI,President,,Laboch / Pope,0,,,,
Hamilton,WRI,President,,Laboch / Pope,0,,,,
Hardee,WRI,President,,Laboch / Pope,0,,,,
Hendry,WRI,President,,Laboch / Pope,0,,,,
Hernando,WRI,President,,Laboch / Pope,0,,,,
Highlands,WRI,President,,Laboch / Pope,0,,,,
Hillsborough,WRI,President,,Laboch / Pope,0,,,,
Holmes,WRI,President,,Laboch / Pope,0,,,,
Indian River,WRI,President,,Laboch / Pope,0,,,,
Jackson,WRI,President,,Laboch / Pope,0,,,,
Jefferson,WRI,President,,Laboch / Pope,0,,,,
Lafayette,WRI,President,,Laboch / Pope,0,,,,
Lake,WRI,President,,Laboch / Pope,0,,,,
Lee,WRI,President,,Laboch / Pope,0,,,,
Leon,WRI,President,,Laboch / Pope,0,,,,
Levy,WRI,President,,Laboch / Pope,0,,,,
Liberty,WRI,President,,Laboch / Pope,0,,,,
Madison,WRI,President,,Laboch / Pope,0,,,,
Manatee,WRI,President,,Laboch / Pope,0,,,,
Marion,WRI,President,,Laboch / Pope,0,,,,
Martin,WRI,President,,Laboch / Pope,0,,,,
Miami-Dade,WRI,President,,Laboch / Pope,0,,,,
Monroe,WRI,President,,Laboch / Pope,0,,,,
Nassau,WRI,President,,Laboch / Pope,0,,,,
Okaloosa,WRI,President,,Laboch / Pope,0,,,,
Okeechobee,WRI,President,,Laboch / Pope,0,,,,
Orange,WRI,President,,Laboch / Pope,0,,,,
Osceola,WRI,President,,Laboch / Pope,0,,,,
Palm Beach,WRI,President,,Laboch / Pope,0,,,,
Pasco,WRI,President,,Laboch / Pope,0,,,,
Pinellas,WRI,President,,Laboch / Pope,0,,,,
Polk,WRI,President,,Laboch / Pope,0,,,,
Putnam,WRI,President,,Laboch / Pope,0,,,,
Santa Rosa,WRI,President,,Laboch / Pope,0,,,,
Sarasota,WRI,President,,Laboch / Pope,0,,,,
Seminole,WRI,President,,Laboch / Pope,0,,,,
St. Johns,WRI,President,,Laboch / Pope,0,,,,
St. Lucie,WRI,President,,Laboch / Pope,0,,,,
Sumter,WRI,President,,Laboch / Pope,0,,,,
Suwannee,WRI,President,,Laboch / Pope,0,,,,
Taylor,WRI,President,,Laboch / Pope,0,,,,
Union,WRI,President,,Laboch / Pope,0,,,,
Volusia,WRI,President,,Laboch / Pope,0,,,,
Wakulla,WRI,President,,Laboch / Pope,0,,,,
Walton,WRI,President,,Laboch / Pope,0,,,,
Washington,WRI,President,,Laboch / Pope,0,,,,
Alachua,WRI,President,,Simmons / Nixon,3,,,,
Baker,WRI,President,,Simmons / Nixon,0,,,,
Bay,WRI,President,,Simmons / Nixon,5,,,,
Bradford,WRI,President,,Simmons / Nixon,0,,,,
Brevard,WRI,President,,Simmons / Nixon,8,,,,
Broward,WRI,President,,Simmons / Nixon,25,,,,
Calhoun,WRI,President,,Simmons / Nixon,0,,,,
Charlotte,WRI,President,,Simmons / Nixon,0,,,,
Citrus,WRI,President,,Simmons / Nixon,1,,,,
Clay,WRI,President,,Simmons / Nixon,0,,,,
Collier,WRI,President,,Simmons / Nixon,1,,,,
Columbia,WRI,President,,Simmons / Nixon,0,,,,
Desoto,WRI,President,,Simmons / Nixon,0,,,,
Dixie,WRI,President,,Simmons / Nixon,0,,,,
Duval,WRI,President,,Simmons / Nixon,11,,,,
Escambia,WRI,President,,Simmons / Nixon,7,,,,
Flagler,WRI,President,,Simmons / Nixon,0,,,,
Franklin,WRI,President,,Simmons / Nixon,0,,,,
Gadsden,WRI,President,,Simmons / Nixon,0,,,,
Gilchrist,WRI,President,,Simmons / Nixon,0,,,,
Glades,WRI,President,,Simmons / Nixon,0,,,,
Gulf,WRI,President,,Simmons / Nixon,0,,,,
Hamilton,WRI,President,,Simmons / Nixon,1,,,,
Hardee,WRI,President,,Simmons / Nixon,0,,,,
Hendry,WRI,President,,Simmons / Nixon,0,,,,
Hernando,WRI,President,,Simmons / Nixon,1,,,,
Highlands,WRI,President,,Simmons / Nixon,1,,,,
Hillsborough,WRI,President,,Simmons / Nixon,12,,,,
Holmes,WRI,President,,Simmons / Nixon,0,,,,
Indian River,WRI,President,,Simmons / Nixon,2,,,,
Jackson,WRI,President,,Simmons / Nixon,1,,,,
Jefferson,WRI,President,,Simmons / Nixon,0,,,,
Lafayette,WRI,President,,Simmons / Nixon,0,,,,
Lake,WRI,President,,Simmons / Nixon,1,,,,
Lee,WRI,President,,Simmons / Nixon,2,,,,
Leon,WRI,President,,Simmons / Nixon,9,,,,
Levy,WRI,President,,Simmons / Nixon,0,,,,
Liberty,WRI,President,,Simmons / Nixon,0,,,,
Madison,WRI,President,,Simmons / Nixon,0,,,,
Manatee,WRI,President,,Simmons / Nixon,7,,,,
Marion,WRI,President,,Simmons / Nixon,3,,,,
Martin,WRI,President,,Simmons / Nixon,0,,,,
Miami-Dade,WRI,President,,Simmons / Nixon,7,,,,
Monroe,WRI,President,,Simmons / Nixon,0,,,,
Nassau,WRI,President,,Simmons / Nixon,1,,,,
Okaloosa,WRI,President,,Simmons / Nixon,4,,,,
Okeechobee,WRI,President,,Simmons / Nixon,0,,,,
Orange,WRI,President,,Simmons / Nixon,13,,,,
Osceola,WRI,President,,Simmons / Nixon,6,,,,
Palm Beach,WRI,President,,Simmons / Nixon,14,,,,
Pasco,WRI,President,,Simmons / Nixon,4,,,,
Pinellas,WRI,President,,Simmons / Nixon,12,,,,
Polk,WRI,President,,Simmons / Nixon,3,,,,
Putnam,WRI,President,,Simmons / Nixon,1,,,,
Santa Rosa,WRI,President,,Simmons / Nixon,0,,,,
Sarasota,WRI,President,,Simmons / Nixon,2,,,,
Seminole,WRI,President,,Simmons / Nixon,6,,,,
St. Johns,WRI,President,,Simmons / Nixon,0,,,,
St. Lucie,WRI,President,,Simmons / Nixon,0,,,,
Sumter,WRI,President,,Simmons / Nixon,1,,,,
Suwannee,WRI,President,,Simmons / Nixon,0,,,,
Taylor,WRI,President,,Simmons / Nixon,0,,,,
Union,WRI,President,,Simmons / Nixon,0,,,,
Volusia,WRI,President,,Simmons / Nixon,4,,,,
Wakulla,WRI,President,,Simmons / Nixon,0,,,,
Walton,WRI,President,,Simmons / Nixon,2,,,,
Washington,WRI,President,,Simmons / Nixon,0,,,,
Alachua,WRI,President,,Walls-Windhauser / Tolbert,0,,,,
Baker,WRI,President,,Walls-Windhauser / Tolbert,0,,,,
Bay,WRI,President,,Walls-Windhauser / Tolbert,0,,,,
Bradford,WRI,President,,Walls-Windhauser / Tolbert,0,,,,
Brevard,WRI,President,,Walls-Windhauser / Tolbert,0,,,,
Broward,WRI,President,,Walls-Windhauser / Tolbert,0,,,,
Calhoun,WRI,President,,Walls-Windhauser / Tolbert,0,,,,
Charlotte,WRI,President,,Walls-Windhauser / Tolbert,0,,,,
Citrus,WRI,President,,Walls-Windhauser / Tolbert,0,,,,
Clay,WRI,President,,Walls-Windhauser / Tolbert,0,,,,
Collier,WRI,President,,Walls-Windhauser / Tolbert,0,,,,
Columbia,WRI,President,,Walls-Windhauser / Tolbert,0,,,,
Desoto,WRI,President,,Walls-Windhauser / Tolbert,0,,,,
Dixie,WRI,President,,Walls-Windhauser / Tolbert,0,,,,
Duval,WRI,President,,Walls-Windhauser / Tolbert,0,,,,
Escambia,WRI,President,,Walls-Windhauser / Tolbert,0,,,,
Flagler,WRI,President,,Walls-Windhauser / Tolbert,0,,,,
Franklin,WRI,President,,Walls-Windhauser / Tolbert,0,,,,
Gadsden,WRI,President,,Walls-Windhauser / Tolbert,0,,,,
Gilchrist,WRI,President,,Walls-Windhauser / Tolbert,0,,,,
Glades,WRI,President,,Walls-Windhauser / Tolbert,0,,,,
Gulf,WRI,President,,Walls-Windhauser / Tolbert,0,,,,
Hamilton,WRI,President,,Walls-Windhauser / Tolbert,0,,,,
Hardee,WRI,President,,Walls-Windhauser / Tolbert,0,,,,
Hendry,WRI,President,,Walls-Windhauser / Tolbert,0,,,,
Hernando,WRI,President,,Walls-Windhauser / Tolbert,0,,,,
Highlands,WRI,President,,Walls-Windhauser / Tolbert,0,,,,
Hillsborough,WRI,President,,Walls-Windhauser / Tolbert,0,,,,
Holmes,WRI,President,,Walls-Windhauser / Tolbert,0,,,,
Indian River,WRI,President,,Walls-Windhauser / Tolbert,0,,,,
Jackson,WRI,President,,Walls-Windhauser / Tolbert,0,,,,
Jefferson,WRI,President,,Walls-Windhauser / Tolbert,0,,,,
Lafayette,WRI,President,,Walls-Windhauser / Tolbert,0,,,,
Lake,WRI,President,,Walls-Windhauser / Tolbert,0,,,,
Lee,WRI,President,,Walls-Windhauser / Tolbert,0,,,,
Leon,WRI,President,,Walls-Windhauser / Tolbert,0,,,,
Levy,WRI,President,,Walls-Windhauser / Tolbert,0,,,,
Liberty,WRI,President,,Walls-Windhauser / Tolbert,0,,,,
Madison,WRI,President,,Walls-Windhauser / Tolbert,0,,,,
Manatee,WRI,President,,Walls-Windhauser / Tolbert,0,,,,
Marion,WRI,President,,Walls-Windhauser / Tolbert,0,,,,
Martin,WRI,President,,Walls-Windhauser / Tolbert,0,,,,
Miami-Dade,WRI,President,,Walls-Windhauser / Tolbert,0,,,,
Monroe,WRI,President,,Walls-Windhauser / Tolbert,0,,,,
Nassau,WRI,President,,Walls-Windhauser / Tolbert,0,,,,
Okaloosa,WRI,President,,Walls-Windhauser / Tolbert,0,,,,
Okeechobee,WRI,President,,Walls-Windhauser / Tolbert,1,,,,
Orange,WRI,President,,Walls-Windhauser / Tolbert,1,,,,
Osceola,WRI,President,,Walls-Windhauser / Tolbert,0,,,,
Palm Beach,WRI,President,,Walls-Windhauser / Tolbert,0,,,,
Pasco,WRI,President,,Walls-Windhauser / Tolbert,0,,,,
Pinellas,WRI,President,,Walls-Windhauser / Tolbert,0,,,,
Polk,WRI,President,,Walls-Windhauser / Tolbert,0,,,,
Putnam,WRI,President,,Walls-Windhauser / Tolbert,0,,,,
Santa Rosa,WRI,President,,Walls-Windhauser / Tolbert,0,,,,
Sarasota,WRI,President,,Walls-Windhauser / Tolbert,0,,,,
Seminole,WRI,President,,Walls-Windhauser / Tolbert,0,,,,
St. Johns,WRI,President,,Walls-Windhauser / Tolbert,0,,,,
St. Lucie,WRI,President,,Walls-Windhauser / Tolbert,0,,,,
Sumter,WRI,President,,Walls-Windhauser / Tolbert,0,,,,
Suwannee,WRI,President,,Walls-Windhauser / Tolbert,0,,,,
Taylor,WRI,President,,Walls-Windhauser / Tolbert,0,,,,
Union,WRI,President,,Walls-Windhauser / Tolbert,0,,,,
Volusia,WRI,President,,Walls-Windhauser / Tolbert,0,,,,
Wakulla,WRI,President,,Walls-Windhauser / Tolbert,0,,,,
Walton,WRI,President,,Walls-Windhauser / Tolbert,0,,,,
Washington,WRI,President,,Walls-Windhauser / Tolbert,0,,,,
Alachua,WRI,President,,Wells / Wells,1,,,,
Baker,WRI,President,,Wells / Wells,0,,,,
Bay,WRI,President,,Wells / Wells,0,,,,
Bradford,WRI,President,,Wells / Wells,0,,,,
Brevard,WRI,President,,Wells / Wells,0,,,,
Broward,WRI,President,,Wells / Wells,0,,,,
Calhoun,WRI,President,,Wells / Wells,0,,,,
Charlotte,WRI,President,,Wells / Wells,0,,,,
Citrus,WRI,President,,Wells / Wells,0,,,,
Clay,WRI,President,,Wells / Wells,0,,,,
Collier,WRI,President,,Wells / Wells,0,,,,
Columbia,WRI,President,,Wells / Wells,0,,,,
Desoto,WRI,President,,Wells / Wells,0,,,,
Dixie,WRI,President,,Wells / Wells,0,,,,
Duval,WRI,President,,Wells / Wells,0,,,,
Escambia,WRI,President,,Wells / Wells,0,,,,
Flagler,WRI,President,,Wells / Wells,2,,,,
Franklin,WRI,President,,Wells / Wells,0,,,,
Gadsden,WRI,President,,Wells / Wells,0,,,,
Gilchrist,WRI,President,,Wells / Wells,0,,,,
Glades,WRI,President,,Wells / Wells,0,,,,
Gulf,WRI,President,,Wells / Wells,0,,,,
Hamilton,WRI,President,,Wells / Wells,0,,,,
Hardee,WRI,President,,Wells / Wells,0,,,,
Hendry,WRI,President,,Wells / Wells,0,,,,
Hernando,WRI,President,,Wells / Wells,0,,,,
Highlands,WRI,President,,Wells / Wells,0,,,,
Hillsborough,WRI,President,,Wells / Wells,0,,,,
Holmes,WRI,President,,Wells / Wells,0,,,,
Indian River,WRI,President,,Wells / Wells,0,,,,
Jackson,WRI,President,,Wells / Wells,0,,,,
Jefferson,WRI,President,,Wells / Wells,0,,,,
Lafayette,WRI,President,,Wells / Wells,0,,,,
Lake,WRI,President,,Wells / Wells,0,,,,
Lee,WRI,President,,Wells / Wells,0,,,,
Leon,WRI,President,,Wells / Wells,1,,,,
Levy,WRI,President,,Wells / Wells,0,,,,
Liberty,WRI,President,,Wells / Wells,0,,,,
Madison,WRI,President,,Wells / Wells,0,,,,
Manatee,WRI,President,,Wells / Wells,0,,,,
Marion,WRI,President,,Wells / Wells,0,,,,
Martin,WRI,President,,Wells / Wells,1,,,,
Miami-Dade,WRI,President,,Wells / Wells,2,,,,
Monroe,WRI,President,,Wells / Wells,0,,,,
Nassau,WRI,President,,Wells / Wells,0,,,,
Okaloosa,WRI,President,,Wells / Wells,0,,,,
Okeechobee,WRI,President,,Wells / Wells,0,,,,
Orange,WRI,President,,Wells / Wells,0,,,,
Osceola,WRI,President,,Wells / Wells,0,,,,
Palm Beach,WRI,President,,Wells / Wells,0,,,,
Pasco,WRI,President,,Wells / Wells,0,,,,
Pinellas,WRI,President,,Wells / Wells,0,,,,
Polk,WRI,President,,Wells / Wells,0,,,,
Putnam,WRI,President,,Wells / Wells,0,,,,
Santa Rosa,WRI,President,,Wells / Wells,0,,,,
Sarasota,WRI,President,,Wells / Wells,1,,,,
Seminole,WRI,President,,Wells / Wells,0,,,,
St. Johns,WRI,President,,Wells / Wells,0,,,,
St. Lucie,WRI,President,,Wells / Wells,0,,,,
Sumter,WRI,President,,Wells / Wells,0,,,,
Suwannee,WRI,President,,Wells / Wells,0,,,,
Taylor,WRI,President,,Wells / Wells,0,,,,
Union,WRI,President,,Wells / Wells,0,,,,
Volusia,WRI,President,,Wells / Wells,0,,,,
Wakulla,WRI,President,,Wells / Wells,0,,,,
Walton,WRI,President,,Wells / Wells,0,,,,
Washington,WRI,President,,Wells / Wells,0,,,,
Escambia,REP,U.S. House,1,Matt  Gaetz,93078,,,,
Holmes,REP,U.S. House,1,Matt  Gaetz,4992,,,,
Okaloosa,REP,U.S. House,1,Matt  Gaetz,78035,17965,19482,40498,90
Santa Rosa,REP,U.S. House,1,Matt  Gaetz,75075,,,,
Walton,REP,U.S. House,1,Matt  Gaetz,32172,,,,
Escambia,DEM,U.S. House,1,Phil  Ehr,73582,,,,
Holmes,DEM,U.S. House,1,Phil  Ehr,587,,,,
Okaloosa,DEM,U.S. House,1,Phil  Ehr,34966,5064,16858,13014,30
Santa Rosa,DEM,U.S. House,1,Phil  Ehr,29483,,,,
Walton,DEM,U.S. House,1,Phil  Ehr,10554,,,,
Escambia,NPA,U.S. House,1,Albert  Oram,2268,,,,
Holmes,NPA,U.S. House,1,Albert  Oram,89,,,,
Okaloosa,NPA,U.S. House,1,Albert  Oram,1877,,,,
Santa Rosa,NPA,U.S. House,1,Albert  Oram,1380,,,,
Walton,NPA,U.S. House,1,Albert  Oram,424,,,,
Bay,REP,U.S. House,2,Neal  Dunn,76997,55573,21424,,
Calhoun,REP,U.S. House,2,Neal  Dunn,5662,,,,
Columbia,REP,U.S. House,2,Neal  Dunn,24293,,,,
Dixie,REP,U.S. House,2,Neal  Dunn,6993,,,,
Franklin,REP,U.S. House,2,Neal  Dunn,5220,,,,
Gilchrist,REP,U.S. House,2,Neal  Dunn,8484,,,,
Gulf,REP,U.S. House,2,Neal  Dunn,6806,,,,
Holmes,REP,U.S. House,2,Neal  Dunn,2968,,,,
Jackson,REP,U.S. House,2,Neal  Dunn,18262,,,,
Jefferson,REP,U.S. House,2,Neal  Dunn,586,,,,
Lafayette,REP,U.S. House,2,Neal  Dunn,3307,,,,
Leon,REP,U.S. House,2,Neal  Dunn,47294,10795,16731,19768,
Levy,REP,U.S. House,2,Neal  Dunn,18959,,,,
Liberty,REP,U.S. House,2,Neal  Dunn,2973,,,,
Marion,REP,U.S. House,2,Neal  Dunn,24888,,,,
Suwannee,REP,U.S. House,2,Neal  Dunn,17971,,,,
Taylor,REP,U.S. House,2,Neal  Dunn,8541,,,,
Wakulla,REP,U.S. House,2,Neal  Dunn,14514,,,,
Washington,REP,U.S. House,2,Neal  Dunn,10619,,,,
Bay,WRI,U.S. House,2,Kim  O'Connor,1366,,,,
Calhoun,WRI,U.S. House,2,Kim  O'Connor,15,,,,
Columbia,WRI,U.S. House,2,Kim  O'Connor,268,,,,
Dixie,WRI,U.S. House,2,Kim  O'Connor,41,,,,
Franklin,WRI,U.S. House,2,Kim  O'Connor,136,,,,
Gilchrist,WRI,U.S. House,2,Kim  O'Connor,76,,,,
Gulf,WRI,U.S. House,2,Kim  O'Connor,74,,,,
Holmes,WRI,U.S. House,2,Kim  O'Connor,17,,,,
Jackson,WRI,U.S. House,2,Kim  O'Connor,141,,,,
Jefferson,WRI,U.S. House,2,Kim  O'Connor,11,,,,
Lafayette,WRI,U.S. House,2,Kim  O'Connor,20,,,,
Leon,WRI,U.S. House,2,Kim  O'Connor,3369,,,,
Levy,WRI,U.S. House,2,Kim  O'Connor,183,,,,
Liberty,WRI,U.S. House,2,Kim  O'Connor,11,,,,
Marion,WRI,U.S. House,2,Kim  O'Connor,379,,,,
Suwannee,WRI,U.S. House,2,Kim  O'Connor,156,,,,
Taylor,WRI,U.S. House,2,Kim  O'Connor,67,,,,
Wakulla,WRI,U.S. House,2,Kim  O'Connor,332,,,,
Washington,WRI,U.S. House,2,Kim  O'Connor,0,,,,
Alachua,REP,U.S. House,3,Kat  Cammack,52914,15266,15331,22244,73
Bradford,REP,U.S. House,3,Kat  Cammack,9965,,,,
Clay,REP,U.S. House,3,Kat  Cammack,84221,18705,17896,47620,
Marion,REP,U.S. House,3,Kat  Cammack,46097,,,,
Putnam,REP,U.S. House,3,Kat  Cammack,24916,,,,
Union,REP,U.S. House,3,Kat  Cammack,4962,,,,
Alachua,DEM,U.S. House,3,Adam Christensen,86857,10997,44733,30999,128
Bradford,DEM,U.S. House,3,Adam Christensen,3302,,,,
Clay,DEM,U.S. House,3,Adam Christensen,38040,5406,15831,17163,
Marion,DEM,U.S. House,3,Adam Christensen,27141,,,,
Putnam,DEM,U.S. House,3,Adam Christensen,10835,,,,
Union,DEM,U.S. House,3,Adam Christensen,1151,,,,
Duval,REP,U.S. House,4,John H. Rutherford,169852,,,,
Nassau,REP,U.S. House,4,John H. Rutherford,42045,,,,
St. Johns,REP,U.S. House,4,John H. Rutherford,96600,,,,
Duval,DEM,U.S. House,4,Donna  Deegan,125498,,,,
Nassau,DEM,U.S. House,4,Donna  Deegan,16225,,,,
St. Johns,DEM,U.S. House,4,Donna  Deegan,54700,,,,
Duval,WRI,U.S. House,4,Gary L. Koniz,17,,,,
Nassau,WRI,U.S. House,4,Gary L. Koniz,0,,,,
St. Johns,WRI,U.S. House,4,Gary L. Koniz,3,,,,
Baker,REP,U.S. House,5,Gary  Adler,11329,3200,1943,6186,0
Columbia,REP,U.S. House,5,Gary  Adler,1758,,,,
Duval,REP,U.S. House,5,Gary  Adler,63193,,,,
Gadsden,REP,U.S. House,5,Gary  Adler,6875,,,,
Hamilton,REP,U.S. House,5,Gary  Adler,3579,,,,
Jefferson,REP,U.S. House,5,Gary  Adler,3841,,,,
Leon,REP,U.S. House,5,Gary  Adler,21674,6628,5855,9551,
Madison,REP,U.S. House,5,Gary  Adler,5261,,,,
Baker,DEM,U.S. House,5,Al  Lawson,2476,726,833,917,0
Columbia,DEM,U.S. House,5,Al  Lawson,2033,,,,
Duval,DEM,U.S. House,5,Al  Lawson,127311,,,,
Gadsden,DEM,U.S. House,5,Al  Lawson,16783,,,,
Hamilton,DEM,U.S. House,5,Al  Lawson,2133,,,,
Jefferson,DEM,U.S. House,5,Al  Lawson,3800,,,,
Leon,DEM,U.S. House,5,Al  Lawson,60937,11153,25339,24445,
Madison,DEM,U.S. House,5,Al  Lawson,3990,,,,
Flagler,REP,U.S. House,6,Michael  Waltz,43346,8414,14641,20291,
Lake,REP,U.S. House,6,Michael  Waltz,32302,,,,
St. Johns,REP,U.S. House,6,Michael  Waltz,14851,,,,
Volusia,REP,U.S. House,6,Michael  Waltz,174894,,,,
Flagler,DEM,U.S. House,6,Clint  Curtis,26257,2760,16193,7304,
Lake,DEM,U.S. House,6,Clint  Curtis,16386,,,,
St. Johns,DEM,U.S. House,6,Clint  Curtis,7717,,,,
Volusia,DEM,U.S. House,6,Clint  Curtis,121945,,,,
Flagler,WRI,U.S. House,6,Alan  Grayson,10,,,,
Lake,WRI,U.S. House,6,Alan  Grayson,4,,,,
St. Johns,WRI,U.S. House,6,Alan  Grayson,1,,,,
Volusia,WRI,U.S. House,6,Alan  Grayson,31,,,,
Flagler,WRI,U.S. House,6,John G. 'Gerry' Nolan,4,,,,
Lake,WRI,U.S. House,6,John G. 'Gerry' Nolan,16,,,,
St. Johns,WRI,U.S. House,6,John G. 'Gerry' Nolan,2,,,,
Volusia,WRI,U.S. House,6,John G. 'Gerry' Nolan,90,,,,
Orange,REP,U.S. House,7,Leo  ValentÌn,56280,14043,19001,23213,23
Seminole,REP,U.S. House,7,Leo  ValentÌn,119470,,,,
Orange,DEM,U.S. House,7,Stephanie  Murphy,92639,11984,47337,33289,29
Seminole,DEM,U.S. House,7,Stephanie  Murphy,132307,,,,
Orange,NPA,U.S. House,7,William R. Garlington,2242,631,860,750,1
Seminole,NPA,U.S. House,7,William R. Garlington,3511,,,,
Brevard,REP,U.S. House,8,Bill  Posey,215686,,,,
Indian River,REP,U.S. House,8,Bill  Posey,61055,,,,
Orange,REP,U.S. House,8,Bill  Posey,5352,2525,1447,1379,1
Brevard,DEM,U.S. House,8,Jim  Kennedy,139769,,,,
Indian River,DEM,U.S. House,8,Jim  Kennedy,34585,,,,
Orange,DEM,U.S. House,8,Jim  Kennedy,3341,727,1766,848,0
Orange,REP,U.S. House,9,William P. 'Bill' Olson,38365,8808,12701,16850,6
Osceola,REP,U.S. House,9,William P. 'Bill' Olson,65756,,,,
Polk,REP,U.S. House,9,William P. 'Bill' Olson,84768,,,,
Orange,DEM,U.S. House,9,Darren  Soto,62032,8418,31429,22171,14
Osceola,DEM,U.S. House,9,Darren  Soto,103147,,,,
Polk,DEM,U.S. House,9,Darren  Soto,75545,,,,
Orange,WRI,U.S. House,9,Clay  Hill,6,,,,
Osceola,WRI,U.S. House,9,Clay  Hill,15,,,,
Polk,WRI,U.S. House,9,Clay  Hill,4,,,,
Orange,REP,U.S. House,10,Vennia  Francois,136889,29240,43529,64084,36
Orange,DEM,U.S. House,10,Val  Demings,239434,29483,115440,94446,65
Orange,WRI,U.S. House,10,Sufiyah  Yasmine,74,,,,
Citrus,REP,U.S. House,11,Daniel  Webster,64293,,,,
Hernando,REP,U.S. House,11,Daniel  Webster,68885,18405,23739,26713,28
Lake,REP,U.S. House,11,Daniel  Webster,61012,,,,
Marion,REP,U.S. House,11,Daniel  Webster,58948,,,,
Sumter,REP,U.S. House,11,Daniel  Webster,63841,,,,
Citrus,DEM,U.S. House,11,Dana Marie Cottrell,26816,,,,
Hernando,DEM,U.S. House,11,Dana Marie Cottrell,37530,5531,22268,9708,23
Lake,DEM,U.S. House,11,Dana Marie Cottrell,32956,,,,
Marion,DEM,U.S. House,11,Dana Marie Cottrell,33999,,,,
Sumter,DEM,U.S. House,11,Dana Marie Cottrell,26793,,,,
Hillsborough,REP,U.S. House,12,Gus Michael Bilirakis,5558,,,,
Pasco,REP,U.S. House,12,Gus Michael Bilirakis,188887,,,,
Pinellas,REP,U.S. House,12,Gus Michael Bilirakis,90496,,,,
Hillsborough,DEM,U.S. House,12,Kimberly  Walker,3199,,,,
Pasco,DEM,U.S. House,12,Kimberly  Walker,108659,,,,
Pinellas,DEM,U.S. House,12,Kimberly  Walker,56336,,,,
Pinellas,REP,U.S. House,13,Anna Paulina Luna,190713,,,,
Pinellas,DEM,U.S. House,13,Charlie  Crist,215405,,,,
Pinellas,WRI,U.S. House,13,Jacob  Curnow,7,,,,
Hillsborough,REP,U.S. House,14,Christine Y. Quinn,147896,,,,
Hillsborough,DEM,U.S. House,14,Kathy  Castor,224240,,,,
Hillsborough,REP,U.S. House,15,Scott  Franklin,99886,,,,
Lake,REP,U.S. House,15,Scott  Franklin,34194,,,,
Polk,REP,U.S. House,15,Scott  Franklin,82294,,,,
Hillsborough,DEM,U.S. House,15,Alan  Cohn,89768,,,,
Lake,DEM,U.S. House,15,Alan  Cohn,29611,,,,
Polk,DEM,U.S. House,15,Alan  Cohn,54918,,,,
Hillsborough,REP,U.S. House,16,Vern  Buchanan,66515,,,,
Manatee,REP,U.S. House,16,Vern  Buchanan,128072,,,,
Sarasota,REP,U.S. House,16,Vern  Buchanan,74414,,,,
Hillsborough,DEM,U.S. House,16,Margaret  Good,61511,,,,
Manatee,DEM,U.S. House,16,Margaret  Good,86698,,,,
Sarasota,DEM,U.S. House,16,Margaret  Good,67474,,,,
Charlotte,REP,U.S. House,17,Greg  Steube,73809,,,,
Desoto,REP,U.S. House,17,Greg  Steube,8171,,,,
Glades,REP,U.S. House,17,Greg  Steube,3685,,,,
Hardee,REP,U.S. House,17,Greg  Steube,5771,,,,
Highlands,REP,U.S. House,17,Greg  Steube,34540,,,,
Lee,REP,U.S. House,17,Greg  Steube,27620,,,,
Okeechobee,REP,U.S. House,17,Greg  Steube,11082,,,,
Polk,REP,U.S. House,17,Greg  Steube,24504,,,,
Sarasota,REP,U.S. House,17,Greg  Steube,77332,,,,
Charlotte,DEM,U.S. House,17,Allen  Ellison,38633,,,,
Desoto,DEM,U.S. House,17,Allen  Ellison,4050,,,,
Glades,DEM,U.S. House,17,Allen  Ellison,1319,,,,
Hardee,DEM,U.S. House,17,Allen  Ellison,2422,,,,
Highlands,DEM,U.S. House,17,Allen  Ellison,15807,,,,
Lee,DEM,U.S. House,17,Allen  Ellison,14733,,,,
Okeechobee,DEM,U.S. House,17,Allen  Ellison,4129,,,,
Polk,DEM,U.S. House,17,Allen  Ellison,13751,,,,
Sarasota,DEM,U.S. House,17,Allen  Ellison,45643,,,,
Charlotte,NPA,U.S. House,17,Theodore 'Pink Tie' Murray,1531,,,,
Desoto,NPA,U.S. House,17,Theodore 'Pink Tie' Murray,136,,,,
Glades,NPA,U.S. House,17,Theodore 'Pink Tie' Murray,73,,,,
Hardee,NPA,U.S. House,17,Theodore 'Pink Tie' Murray,134,,,,
Highlands,NPA,U.S. House,17,Theodore 'Pink Tie' Murray,586,,,,
Lee,NPA,U.S. House,17,Theodore 'Pink Tie' Murray,678,,,,
Okeechobee,NPA,U.S. House,17,Theodore 'Pink Tie' Murray,278,,,,
Polk,NPA,U.S. House,17,Theodore 'Pink Tie' Murray,672,,,,
Sarasota,NPA,U.S. House,17,Theodore 'Pink Tie' Murray,1308,,,,
Martin,REP,U.S. House,18,Brian  Mast,64874,,,,
Palm Beach,REP,U.S. House,18,Brian  Mast,99734,,,,
St. Lucie,REP,U.S. House,18,Brian  Mast,88678,,,,
Martin,DEM,U.S. House,18,Pam  Keith,31205,,,,
Palm Beach,DEM,U.S. House,18,Pam  Keith,77238,,,,
St. Lucie,DEM,U.S. House,18,Pam  Keith,78231,,,,
Martin,NPA,U.S. House,18,K. W. Miller,1991,,,,
Palm Beach,NPA,U.S. House,18,K. W. Miller,3769,,,,
St. Lucie,NPA,U.S. House,18,K. W. Miller,4000,,,,
Collier,REP,U.S. House,19,Byron  Donalds,69227,,,,
Lee,REP,U.S. House,19,Byron  Donalds,203213,,,,
Collier,DEM,U.S. House,19,Cindy Lyn Banyai,36612,,,,
Lee,DEM,U.S. House,19,Cindy Lyn Banyai,135534,,,,
Collier,WRI,U.S. House,19,Patrick  Post,1,,,,
Lee,WRI,U.S. House,19,Patrick  Post,2,,,,
Broward,REP,U.S. House,20,Greg  Musselwhite,41803,7602,15472,18719,10
Palm Beach,REP,U.S. House,20,Greg  Musselwhite,26945,,,,
Broward,DEM,U.S. House,20,Alcee L. Hastings,186909,19426,97201,70242,40
Palm Beach,DEM,U.S. House,20,Alcee L. Hastings,66752,,,,
Palm Beach,REP,U.S. House,21,Laura  Loomer,157612,,,,
Palm Beach,DEM,U.S. House,21,Lois  Frankel,237925,,,,
Palm Beach,NPA,U.S. House,21,Charleston  Malkemus,7544,,,,
Palm Beach,WRI,U.S. House,21,Piotr  Blass,4,,,,
Palm Beach,WRI,U.S. House,21,Sylvia  Caravetta,8,,,,
Broward,REP,U.S. House,22,James 'Jim' Pruden,128851,25018,45368,58441,24
Palm Beach,REP,U.S. House,22,James 'Jim' Pruden,37702,,,,
Broward,DEM,U.S. House,22,Ted  Deutch,192923,17305,113960,61630,28
Palm Beach,DEM,U.S. House,22,Ted  Deutch,42841,,,,
Broward,REP,U.S. House,23,Carla  Spalding,141886,24275,51136,66436,39
Miami-Dade,REP,U.S. House,23,Carla  Spalding,16988,,,,
Broward,DEM,U.S. House,23,Debbie  Wasserman Schultz,203940,18261,121096,64545,38
Miami-Dade,DEM,U.S. House,23,Debbie  Wasserman Schultz,17299,,,,
Broward,WRI,U.S. House,23,Demetrius 'DB' Fugate,33,,,,
Miami-Dade,WRI,U.S. House,23,Demetrius 'DB' Fugate,4,,,,
Broward,WRI,U.S. House,23,Jeff  Olson,42,,,,
Miami-Dade,WRI,U.S. House,23,Jeff  Olson,4,,,,
Broward,REP,U.S. House,24,Lavern  Spicer,10079,2122,3490,4466,1
Miami-Dade,REP,U.S. House,24,Lavern  Spicer,49005,,,,
Broward,DEM,U.S. House,24,Frederica  Wilson,24817,3266,13300,8248,3
Miami-Dade,DEM,U.S. House,24,Frederica  Wilson,194008,,,,
Broward,NPA,U.S. House,24,Christine Alexandria Olivo,1632,,,,
Miami-Dade,NPA,U.S. House,24,Christine Alexandria Olivo,10071,,,,
Broward,WRI,U.S. House,24,Howard  Knepper,3,,,,
Miami-Dade,WRI,U.S. House,24,Howard  Knepper,14,,,,
Broward,WRI,U.S. House,24,Hector  Rivera,0,,,,
Miami-Dade,WRI,U.S. House,24,Hector  Rivera,9,,,,
Miami-Dade,REP,U.S. House,26,Carlos  Gimenez,151669,,,,
Monroe,REP,U.S. House,26,Carlos  Gimenez,25554,,,,
Miami-Dade,DEM,U.S. House,26,Debbie  Mucarsel-Powell,144010,,,,
Monroe,DEM,U.S. House,26,Debbie  Mucarsel-Powell,21397,,,,
Miami-Dade,REP,U.S. House,27,Maria Elvira Salazar,176141,,,,
Miami-Dade,DEM,U.S. House,27,Donna  Shalala,166758,,,,
Miami-Dade,WRI,U.S. House,27,Frank E. Polo,76,,,,
Escambia,REP,State Senate,1,Douglas V. Broxson,99500,,,,
Okaloosa,REP,State Senate,1,Douglas V. Broxson,7378,,,,
Santa Rosa,REP,State Senate,1,Douglas V. Broxson,78502,,,,
Escambia,DEM,State Senate,1,Karen M. Butler,67706,,,,
Okaloosa,DEM,State Senate,1,Karen M. Butler,4280,,,,
Santa Rosa,DEM,State Senate,1,Karen M. Butler,26421,,,,
Calhoun,REP,State Senate,3,Marva Harris Preston,4884,,,,
Franklin,REP,State Senate,3,Marva Harris Preston,4454,,,,
Gadsden,REP,State Senate,3,Marva Harris Preston,7855,,,,
Gulf,REP,State Senate,3,Marva Harris Preston,5996,,,,
Hamilton,REP,State Senate,3,Marva Harris Preston,3826,,,,
Jefferson,REP,State Senate,3,Marva Harris Preston,4523,,,,
Leon,REP,State Senate,3,Marva Harris Preston,59937,16080,17645,26212,
Liberty,REP,State Senate,3,Marva Harris Preston,2521,,,,
Madison,REP,State Senate,3,Marva Harris Preston,5527,,,,
Taylor,REP,State Senate,3,Marva Harris Preston,7569,,,,
Wakulla,REP,State Senate,3,Marva Harris Preston,13084,,,,
Calhoun,DEM,State Senate,3,Loranne  Ausley,1334,,,,
Franklin,DEM,State Senate,3,Loranne  Ausley,2132,,,,
Gadsden,DEM,State Senate,3,Loranne  Ausley,15268,,,,
Gulf,DEM,State Senate,3,Loranne  Ausley,1911,,,,
Hamilton,DEM,State Senate,3,Loranne  Ausley,1862,,,,
Jefferson,DEM,State Senate,3,Loranne  Ausley,3828,,,,
Leon,DEM,State Senate,3,Loranne  Ausley,99391,14578,47884,36929,
Liberty,DEM,State Senate,3,Loranne  Ausley,851,,,,
Madison,DEM,State Senate,3,Loranne  Ausley,3647,,,,
Taylor,DEM,State Senate,3,Loranne  Ausley,2358,,,,
Wakulla,DEM,State Senate,3,Loranne  Ausley,5027,,,,
Baker,REP,State Senate,5,Jennifer  Bradley,11646,3294,2047,6305,0
Bradford,REP,State Senate,5,Jennifer  Bradley,10083,3556,2521,4006,0
Clay,REP,State Senate,5,Jennifer  Bradley,86412,18879,19013,48520,
Columbia,REP,State Senate,5,Jennifer  Bradley,23641,,,,
Dixie,REP,State Senate,5,Jennifer  Bradley,6416,,,,
Gilchrist,REP,State Senate,5,Jennifer  Bradley,7862,,,,
Lafayette,REP,State Senate,5,Jennifer  Bradley,3056,,,,
Levy,REP,State Senate,5,Jennifer  Bradley,16516,,,,
Marion,REP,State Senate,5,Jennifer  Bradley,7281,,,,
Suwannee,REP,State Senate,5,Jennifer  Bradley,16260,,,,
Union,REP,State Senate,5,Jennifer  Bradley,5025,,,,
Baker,DEM,State Senate,5,Stacey L. Peters,2017,593,690,734,0
Bradford,DEM,State Senate,5,Stacey L. Peters,3007,,,,
Clay,DEM,State Senate,5,Stacey L. Peters,34852,4678,14345,15829,
Columbia,DEM,State Senate,5,Stacey L. Peters,8174,,,,
Dixie,DEM,State Senate,5,Stacey L. Peters,1282,,,,
Gilchrist,DEM,State Senate,5,Stacey L. Peters,1543,,,,
Lafayette,DEM,State Senate,5,Stacey L. Peters,500,,,,
Levy,DEM,State Senate,5,Stacey L. Peters,5806,,,,
Marion,DEM,State Senate,5,Stacey L. Peters,3199,,,,
Suwannee,DEM,State Senate,5,Stacey L. Peters,4166,,,,
Union,DEM,State Senate,5,Stacey L. Peters,1022,,,,
Flagler,REP,State Senate,7,Travis J. Hutson,41816,8067,14021,19728,
St. Johns,REP,State Senate,7,Travis J. Hutson,112279,,,,
Volusia,REP,State Senate,7,Travis J. Hutson,58482,,,,
Flagler,DEM,State Senate,7,Heather  Hunter,26722,2898,16377,7447,
St. Johns,DEM,State Senate,7,Heather  Hunter,57983,,,,
Volusia,DEM,State Senate,7,Heather  Hunter,47058,,,,
Flagler,WRI,State Senate,7,Richard  Dembinsky,2,,,,
St. Johns,WRI,State Senate,7,Richard  Dembinsky,8,,,,
Volusia,WRI,State Senate,7,Richard  Dembinsky,3,,,,
Seminole,REP,State Senate,9,Jason  Brodeur,124367,,,,
Volusia,REP,State Senate,9,Jason  Brodeur,17177,,,,
Seminole,DEM,State Senate,9,Patricia  Sigman,124056,,,,
Volusia,DEM,State Senate,9,Patricia  Sigman,9844,,,,
Seminole,NPA,State Senate,9,Jestine  Iannotti,4854,,,,
Volusia,NPA,State Senate,9,Jestine  Iannotti,933,,,,
Orange,REP,State Senate,11,Joshua Eli Adams,79224,17944,26042,35220,18
Orange,DEM,State Senate,11,Randolph  Bracy,147244,19397,68047,59756,44
Orange,REP,State Senate,13,Josh  Anderson,99134,25032,33441,40625,36
Orange,DEM,State Senate,13,Linda  Stewart,152769,21133,77493,54101,42
Orange,REP,State Senate,15,Louis T. Minnis,60847,11246,19440,30144,17
Osceola,REP,State Senate,15,Louis T. Minnis,62306,,,,
Orange,DEM,State Senate,15,Victor M. Torres,83491,8343,43032,32100,16
Osceola,DEM,State Senate,15,Victor M. Torres,96694,,,,
Orange,NPA,State Senate,15,Mike  James,4656,1004,1892,1760,0
Osceola,NPA,State Senate,15,Mike  James,7551,,,,
Brevard,REP,State Senate,17,Debbie  Mayfield,132043,,,,
Indian River,REP,State Senate,17,Debbie  Mayfield,61517,,,,
Brevard,DEM,State Senate,17,Scot  Fretwell,83549,,,,
Indian River,DEM,State Senate,17,Scot  Fretwell,30966,,,,
Brevard,NPA,State Senate,17,Phillip  Snyder,8929,,,,
Indian River,NPA,State Senate,17,Phillip  Snyder,2394,,,,
Hillsborough,DEM,State Senate,19,Darryl Ervin Rouson,121609,,,,
Pinellas,DEM,State Senate,19,Darryl Ervin Rouson,52734,,,,
Hillsborough,NPA,State Senate,19,Christina  Paylan,62987,,,,
Pinellas,NPA,State Senate,19,Christina  Paylan,16476,,,,
Hillsborough,REP,State Senate,20,Danny  Burgess,58204,,,,
Pasco,REP,State Senate,20,Danny  Burgess,62571,,,,
Polk,REP,State Senate,20,Danny  Burgess,20832,,,,
Hillsborough,DEM,State Senate,20,Kathy  Lewis,63343,,,,
Pasco,DEM,State Senate,20,Kathy  Lewis,43097,,,,
Polk,DEM,State Senate,20,Kathy  Lewis,10245,,,,
Hillsborough,REP,State Senate,21,Jim  Boyd,61297,,,,
Manatee,REP,State Senate,21,Jim  Boyd,130376,,,,
Hillsborough,DEM,State Senate,21,Anthony 'Tony' Eldon,41214,,,,
Manatee,DEM,State Senate,21,Anthony 'Tony' Eldon,81266,,,,
Charlotte,REP,State Senate,23,Joe  Gruters,40512,,,,
Sarasota,REP,State Senate,23,Joe  Gruters,147614,,,,
Charlotte,DEM,State Senate,23,Katherine  Norman,22512,,,,
Sarasota,DEM,State Senate,23,Katherine  Norman,108979,,,,
Charlotte,NPA,State Senate,23,Robert  Kaplan,1120,,,,
Sarasota,NPA,State Senate,23,Robert  Kaplan,5576,,,,
Martin,REP,State Senate,25,Gayle  Harrell,64581,,,,
Palm Beach,REP,State Senate,25,Gayle  Harrell,13916,,,,
St. Lucie,REP,State Senate,25,Gayle  Harrell,89566,,,,
Martin,DEM,State Senate,25,Corinna  Balderramos Robinson,31136,,,,
Palm Beach,DEM,State Senate,25,Corinna  Balderramos Robinson,9326,,,,
St. Lucie,DEM,State Senate,25,Corinna  Balderramos Robinson,77749,,,,
Lee,REP,State Senate,27,Ray  Rodrigues,176954,,,,
Lee,DEM,State Senate,27,Rachel  Brown,115537,,,,
Broward,REP,State Senate,29,Brian  Norton,29319,4792,10313,14210,4
Palm Beach,REP,State Senate,29,Brian  Norton,95183,,,,
Broward,DEM,State Senate,29,Tina  Polsky,43776,3484,26419,13868,5
Palm Beach,DEM,State Senate,29,Tina  Polsky,112665,,,,
Palm Beach,REP,State Senate,31,Tami  Donnally,95019,,,,
Palm Beach,DEM,State Senate,31,Lori  Berman,156495,,,,
Broward,DEM,State Senate,35,Shevrin 'Shev' Jones,98088,10359,51427,36292,10
Miami-Dade,DEM,State Senate,35,Shevrin 'Shev' Jones,90854,,,,
Broward,WRI,State Senate,35,Darien  Hill,339,,,,
Miami-Dade,WRI,State Senate,35,Darien  Hill,251,,,,
Miami-Dade,REP,State Senate,37,Ileana  Garcia,104630,,,,
Miami-Dade,DEM,State Senate,37,Jose Javier Rodriguez,104598,,,,
Miami-Dade,NPA,State Senate,37,Alex  Rodriguez,6382,,,,
Miami-Dade,REP,State Senate,39,Ana Maria Rodriguez,97439,,,,
Monroe,REP,State Senate,39,Ana Maria Rodriguez,26117,,,,
Miami-Dade,DEM,State Senate,39,Javier E. Fernandez,75752,,,,
Monroe,DEM,State Senate,39,Javier E. Fernandez,19383,,,,
Miami-Dade,NPA,State Senate,39,Celso D. Alfonso,2605,,,,
Monroe,NPA,State Senate,39,Celso D. Alfonso,1034,,,,
Escambia,REP,State House,1,Michelle  Salzman,57363,,,,
Escambia,DEM,State House,1,Franscine C. Mathis,30485,,,,
Escambia,REP,State House,2,Alex  Andrade,42742,,,,
Santa Rosa,REP,State House,2,Alex  Andrade,7211,,,,
Escambia,DEM,State House,2,Dianne  Krumel,36336,,,,
Santa Rosa,DEM,State House,2,Dianne  Krumel,3171,,,,
Okaloosa,REP,State House,3,Jayer  Williamson,12300,,,,
Santa Rosa,REP,State House,3,Jayer  Williamson,70402,,,,
Okaloosa,DEM,State House,3,Angela L. Hoover,2774,,,,
Santa Rosa,DEM,State House,3,Angela L. Hoover,23155,,,,
Okaloosa,REP,State House,4,Patt  Maney,70208,14844,19401,35878,85
Okaloosa,DEM,State House,4,John  Plante,27083,,,,
Okaloosa,WRI,State House,4,Lance  Lawrence,11,,,,
Bay,REP,State House,6,Jay  Trumbull,61456,45334,16122,,
Bay,DEM,State House,6,Alicia  Bays,23848,13062,10786,,
Calhoun,REP,State House,7,Jason  Shoaf,5105,,,,
Franklin,REP,State House,7,Jason  Shoaf,4738,,,,
Gulf,REP,State House,7,Jason  Shoaf,6341,,,,
Jefferson,REP,State House,7,Jason  Shoaf,4673,,,,
Lafayette,REP,State House,7,Jason  Shoaf,3094,,,,
Leon,REP,State House,7,Jason  Shoaf,2727,,,,
Liberty,REP,State House,7,Jason  Shoaf,2680,,,,
Madison,REP,State House,7,Jason  Shoaf,5583,,,,
Taylor,REP,State House,7,Jason  Shoaf,7811,,,,
Wakulla,REP,State House,7,Jason  Shoaf,13089,,,,
Calhoun,DEM,State House,7,Taymour  Khan,1066,,,,
Franklin,DEM,State House,7,Taymour  Khan,1800,,,,
Gulf,DEM,State House,7,Taymour  Khan,1587,,,,
Jefferson,DEM,State House,7,Taymour  Khan,3572,,,,
Lafayette,DEM,State House,7,Taymour  Khan,457,,,,
Leon,DEM,State House,7,Taymour  Khan,1489,,,,
Liberty,DEM,State House,7,Taymour  Khan,608,,,,
Madison,DEM,State House,7,Taymour  Khan,3471,,,,
Taylor,DEM,State House,7,Taymour  Khan,2036,,,,
Wakulla,DEM,State House,7,Taymour  Khan,4610,,,,
Leon,REP,State House,9,Jim  Kallinger,42901,,,,
Leon,DEM,State House,9,Allison  Tant,58868,,,,
Alachua,REP,State House,10,Chuck  Brannan,2367,,,,
Baker,REP,State House,10,Chuck  Brannan,12001,3403,2173,6425,0
Columbia,REP,State House,10,Chuck  Brannan,24236,,,,
Hamilton,REP,State House,10,Chuck  Brannan,3842,,,,
Suwannee,REP,State House,10,Chuck  Brannan,16426,,,,
Alachua,DEM,State House,10,Rock  Aboujaoude,1284,231,655,398,0
Baker,DEM,State House,10,Rock  Aboujaoude,1830,547,601,682,0
Columbia,DEM,State House,10,Rock  Aboujaoude,7683,,,,
Hamilton,DEM,State House,10,Rock  Aboujaoude,1772,,,,
Suwannee,DEM,State House,10,Rock  Aboujaoude,3887,,,,
Duval,REP,State House,11,Cord  Byrd,34195,,,,
Nassau,REP,State House,11,Cord  Byrd,42227,,,,
Duval,DEM,State House,11,Joshua  Hicks,20579,,,,
Nassau,DEM,State House,11,Joshua  Hicks,15107,,,,
Duval,REP,State House,12,Clay  Yarborough,51715,,,,
Duval,DEM,State House,12,Emmanuel  Blimie,34391,,,,
Duval,REP,State House,15,Wyman  Duggan,45360,,,,
Duval,DEM,State House,15,Tammyette  Thomas,39000,,,,
Duval,REP,State House,16,Jason  Fischer,59549,,,,
Duval,DEM,State House,16,Ben  Marcus,43901,,,,
St. Johns,REP,State House,17,Cyndi  Stevenson,97932,,,,
St. Johns,DEM,State House,17,Dave  Rogers,46685,,,,
Clay,REP,State House,18,Sam  Garrison,64759,13662,13353,37744,
Clay,DEM,State House,18,Leroy Anthony Edwards,28457,3745,11020,13692,
Clay,LPF,State House,18,Ken  Willey,3099,838,845,1416,
Bradford,REP,State House,19,Bobby  Payne,9761,3441,2424,3896,0
Clay,REP,State House,19,Bobby  Payne,18701,4430,4800,9471,
Putnam,REP,State House,19,Bobby  Payne,24885,,,,
Union,REP,State House,19,Bobby  Payne,4837,,,,
Bradford,DEM,State House,19,Kimberly  Dugger,3286,,,,
Clay,DEM,State House,19,Kimberly  Dugger,6167,814,3374,1979,
Putnam,DEM,State House,19,Kimberly  Dugger,10619,,,,
Union,DEM,State House,19,Kimberly  Dugger,1187,,,,
Alachua,REP,State House,21,Chuck  Clemons,34151,8865,10490,14749,47
Dixie,REP,State House,21,Chuck  Clemons,6731,,,,
Gilchrist,REP,State House,21,Chuck  Clemons,8001,,,,
Alachua,DEM,State House,21,Kayser  Enneking,44114,4309,24091,15653,61
Dixie,DEM,State House,21,Kayser  Enneking,1165,,,,
Gilchrist,DEM,State House,21,Kayser  Enneking,1538,,,,
Levy,REP,State House,22,Joe  Harding,16536,,,,
Marion,REP,State House,22,Joe  Harding,46984,,,,
Levy,DEM,State House,22,Barbara  Byram,5828,,,,
Marion,DEM,State House,22,Barbara  Byram,29183,,,,
Marion,REP,State House,23,Stan  McClain,58787,,,,
Marion,DEM,State House,23,Cynthia  Dela Rosa,28882,,,,
Flagler,REP,State House,24,Paul  Renner,42186,8154,14156,19876,
St. Johns,REP,State House,24,Paul  Renner,16290,,,,
Volusia,REP,State House,24,Paul  Renner,12408,,,,
Flagler,DEM,State House,24,Adam  Morley,26345,2849,16101,7395,
St. Johns,DEM,State House,24,Adam  Morley,9074,,,,
Volusia,DEM,State House,24,Adam  Morley,6134,,,,
Volusia,REP,State House,25,Tom  Leek,65675,,,,
Volusia,DEM,State House,25,Sarah  Zutter,36696,,,,
Volusia,LPF,State House,25,Joseph 'Joe' Hannoush,2407,,,,
Volusia,REP,State House,26,Elizabeth  Fetterhoff,44278,,,,
Volusia,DEM,State House,26,Patrick  Henry,39164,,,,
Volusia,REP,State House,27,Webster  Barnaby,49486,,,,
Volusia,DEM,State House,27,Dolores  Guzman,38583,,,,
Seminole,REP,State House,28,David  Smith,51350,,,,
Seminole,DEM,State House,28,Pasha  Baker,45288,,,,
Seminole,NPA,State House,28,Michael A. Riccio,2049,,,,
Seminole,REP,State House,29,Scott  Plakon,48411,,,,
Seminole,DEM,State House,29,Tracey  Kagan,44619,,,,
Seminole,NPA,State House,29,Juan  Rodriguez,2760,,,,
Orange,REP,State House,30,Bob  Cortes,13136,3341,4646,5146,3
Seminole,REP,State House,30,Bob  Cortes,28316,,,,
Orange,DEM,State House,30,Joy  Goff-Marcil,16468,2134,8482,5850,2
Seminole,DEM,State House,30,Joy  Goff-Marcil,30245,,,,
Lake,REP,State House,31,Keith  Truenow,41223,,,,
Orange,REP,State House,31,Keith  Truenow,17088,4378,5578,7130,2
Lake,DEM,State House,31,Crissy  Stile,23424,,,,
Orange,DEM,State House,31,Crissy  Stile,15979,2154,7918,5905,2
Lake,REP,State House,32,Anthony  Sabatini,63164,,,,
Lake,DEM,State House,32,Stephanie L. Dukes,50226,,,,
Lake,REP,State House,33,Brett T. Hage,18464,,,,
Marion,REP,State House,33,Brett T. Hage,12365,,,,
Sumter,REP,State House,33,Brett T. Hage,62817,,,,
Lake,DEM,State House,33,Mamie 'Dee' Melvin,8594,,,,
Marion,DEM,State House,33,Mamie 'Dee' Melvin,5198,,,,
Sumter,DEM,State House,33,Mamie 'Dee' Melvin,26578,,,,
Citrus,REP,State House,34,Ralph E. Massullo,67670,,,,
Hernando,REP,State House,34,Ralph E. Massullo,8075,2005,3100,2967,3
Citrus,DEM,State House,34,Dushyant Jethagir Gosai,22081,,,,
Hernando,DEM,State House,34,Dushyant Jethagir Gosai,2988,312,1968,707,1
Hernando,REP,State House,35,Blaise  Ingoglia,60733,16328,20773,23607,25
Hernando,DEM,State House,35,Keith G. Laufenberg,33761,5090,19795,8855,21
Pasco,REP,State House,36,Amber  Mariano,51432,,,,
Pasco,DEM,State House,36,Daniel  Endonino,29726,,,,
Pasco,REP,State House,37,Ardian  Zika,71722,,,,
Pasco,DEM,State House,37,Tammy  Garcia,42436,,,,
Pasco,REP,State House,38,Randy  Maggard,57794,,,,
Pasco,DEM,State House,38,Brian  Staver,40642,,,,
Osceola,REP,State House,39,Josie  Tomkow,8479,,,,
Polk,REP,State House,39,Josie  Tomkow,48970,,,,
Osceola,DEM,State House,39,Chris  Cause,10356,,,,
Polk,DEM,State House,39,Chris  Cause,29882,,,,
Polk,REP,State House,40,Colleen  Burton,45004,,,,
Polk,DEM,State House,40,Jan  Barrow,31555,,,,
Polk,NPA,State House,40,Emily  Michie,2786,,,,
Polk,REP,State House,41,Sam  Killebrew,51477,,,,
Polk,DEM,State House,41,Jared  West,45050,,,,
Osceola,REP,State House,42,Fred  Hawkins,29842,,,,
Polk,REP,State House,42,Fred  Hawkins,16773,,,,
Osceola,DEM,State House,42,Barbara Ann Cady,30940,,,,
Polk,DEM,State House,42,Barbara Ann Cady,14515,,,,
Osceola,NPA,State House,42,Leroy  Sanchez,6474,,,,
Polk,NPA,State House,42,Leroy  Sanchez,1000,,,,
Orange,REP,State House,44,Bruno  Portigliatti,55950,9902,17882,28152,14
Orange,DEM,State House,44,Geraldine F. Thompson,61564,5340,32526,23688,10
Orange,REP,State House,47,Jeremy  Sisson,41321,10083,14439,16779,20
Orange,DEM,State House,47,Anna V. Eskamani,59494,7023,31260,21193,18
Orange,REP,State House,48,Jesus  Martinez,25197,5231,8710,11247,9
Orange,DEM,State House,48,Daisy  Morales,47341,6604,23419,17302,16
Orange,REP,State House,49,Robert  Prater,29357,6874,9819,12655,9
Orange,DEM,State House,49,Carlos Guillermo Smith,47759,6846,23218,17680,15
Brevard,REP,State House,50,Rene 'Coach P' Plasencia,27269,,,,
Orange,REP,State House,50,Rene 'Coach P' Plasencia,35521,9712,11820,13978,11
Brevard,DEM,State House,50,Nina  Yoakum,13212,,,,
Orange,DEM,State House,50,Nina  Yoakum,33792,4353,17252,12186,1
Brevard,REP,State House,51,Tyler  Sirois,59405,,,,
Brevard,DEM,State House,51,Joan Marie Majid,36694,,,,
Brevard,REP,State House,52,Thad  Altman,70949,,,,
Brevard,DEM,State House,52,Lloyd  Dabbs,42912,,,,
Brevard,REP,State House,53,Randy  Fine,55938,,,,
Brevard,DEM,State House,53,Phil  Moore,44794,,,,
Brevard,WRI,State House,53,Thomas Patrick Unger,13,,,,
Indian River,REP,State House,54,Erin  Grall,63052,,,,
St. Lucie,REP,State House,54,Erin  Grall,6292,,,,
Indian River,DEM,State House,54,Albert M. Griffiths,31445,,,,
St. Lucie,DEM,State House,54,Albert M. Griffiths,4419,,,,
Glades,REP,State House,55,Kaylee  Tuck,3749,,,,
Highlands,REP,State House,55,Kaylee  Tuck,34720,,,,
Okeechobee,REP,State House,55,Kaylee  Tuck,11444,,,,
St. Lucie,REP,State House,55,Kaylee  Tuck,2033,,,,
Glades,DEM,State House,55,Linda  Tripp,1354,,,,
Highlands,DEM,State House,55,Linda  Tripp,16220,,,,
Okeechobee,DEM,State House,55,Linda  Tripp,4137,,,,
St. Lucie,DEM,State House,55,Linda  Tripp,764,,,,
Glades,WRI,State House,55,Jacob  Hensley,0,,,,
Highlands,WRI,State House,55,Jacob  Hensley,3,,,,
Okeechobee,WRI,State House,55,Jacob  Hensley,0,,,,
St. Lucie,WRI,State House,55,Jacob  Hensley,0,,,,
Desoto,REP,State House,56,Melony  Bell,8216,,,,
Hardee,REP,State House,56,Melony  Bell,6156,,,,
Polk,REP,State House,56,Melony  Bell,31025,,,,
Desoto,DEM,State House,56,James  Davis,4018,,,,
Hardee,DEM,State House,56,James  Davis,2153,,,,
Polk,DEM,State House,56,James  Davis,15898,,,,
Hillsborough,REP,State House,57,Mike  Beltran,67139,,,,
Hillsborough,DEM,State House,57,Scott 'Mr. H' Hottenstein,56144,,,,
Hillsborough,REP,State House,58,Lawrence  McClure,40873,,,,
Hillsborough,DEM,State House,58,Cleo L. 'CL' Townsend,32435,,,,
Hillsborough,REP,State House,59,Michael  Owen,44413,,,,
Hillsborough,DEM,State House,59,Andrew  Learned,45683,,,,
Hillsborough,REP,State House,60,Jackie  Toledo,57502,,,,
Hillsborough,DEM,State House,60,Julie  Jenkins,48352,,,,
Hillsborough,REP,State House,62,Angel S. Urbina Capo,25136,,,,
Hillsborough,DEM,State House,62,Susan L. Valdes,38403,,,,
Hillsborough,NPA,State House,62,Laurie  Rodriguez-Person,3183,,,,
Hillsborough,REP,State House,64,Traci  Koster,37735,,,,
Pinellas,REP,State House,64,Traci  Koster,18139,,,,
Hillsborough,DEM,State House,64,Jessica  Harrington,33009,,,,
Pinellas,DEM,State House,64,Jessica  Harrington,14417,,,,
Pinellas,REP,State House,65,Chris  Sprowls,63787,,,,
Pinellas,DEM,State House,65,Kelly  Johnson,40539,,,,
Pinellas,REP,State House,66,Nick  DiCeglie,56074,,,,
Pinellas,DEM,State House,66,Patricia M. Plantamura,39522,,,,
Pinellas,REP,State House,67,Chris  Latvala,47018,,,,
Pinellas,DEM,State House,67,Dawn  Douglas,35457,,,,
Pinellas,REP,State House,68,Matt  Tito,42785,,,,
Pinellas,DEM,State House,68,Ben  Diamond,49905,,,,
Pinellas,REP,State House,69,Linda  Chaney,51400,,,,
Pinellas,DEM,State House,69,Jennifer N. Webb,46572,,,,
Manatee,REP,State House,71,Will  Robinson,43754,,,,
Sarasota,REP,State House,71,Will  Robinson,7997,,,,
Manatee,DEM,State House,71,Andy  Mele,29375,,,,
Sarasota,DEM,State House,71,Andy  Mele,8370,,,,
Sarasota,REP,State House,72,Fiona  McFarland,54902,,,,
Sarasota,DEM,State House,72,Drake  Buckman,45617,,,,
Manatee,REP,State House,73,Tommy  Gregory,78198,,,,
Sarasota,REP,State House,73,Tommy  Gregory,12305,,,,
Manatee,DEM,State House,73,David Reeves Fairey,43588,,,,
Sarasota,DEM,State House,73,David Reeves Fairey,6234,,,,
Sarasota,REP,State House,74,James  Buchanan,73420,,,,
Sarasota,DEM,State House,74,Lisa  Stortstrom,44858,,,,
Charlotte,REP,State House,75,Michael  Grant,72913,,,,
Charlotte,DEM,State House,75,David G. Jones,39972,,,,
Lee,REP,State House,76,Adam  Botana,68286,,,,
Lee,DEM,State House,76,Anselm  Weber,35960,,,,
Lee,REP,State House,77,Mike  Giallombardo,66165,,,,
Lee,DEM,State House,77,Joshua  Lopez,36797,,,,
Lee,REP,State House,78,Jenna  Persons,52464,,,,
Lee,DEM,State House,78,Shawn Michael Williams,38792,,,,
Lee,REP,State House,79,Spencer  Roach,46239,,,,
Lee,DEM,State House,79,Danika  Fornear,29933,,,,
Collier,REP,State House,80,Lauren Uhlich Melo,47426,,,,
Hendry,REP,State House,80,Lauren Uhlich Melo,7433,1650,1605,4178,0
Collier,DEM,State House,80,Laura  Novosad,25797,,,,
Hendry,DEM,State House,80,Laura  Novosad,4950,1034,1537,2379,0
Palm Beach,REP,State House,81,Saulis  Banionis,36126,,,,
Palm Beach,DEM,State House,81,Kelly  Skidmore,52204,,,,
Martin,REP,State House,82,John  Snyder,38693,,,,
Palm Beach,REP,State House,82,John  Snyder,26186,,,,
Martin,DEM,State House,82,Elisa Edwards Ackerly,18028,,,,
Palm Beach,DEM,State House,82,Elisa Edwards Ackerly,17108,,,,
Martin,REP,State House,83,Toby  Overdorf,25467,,,,
St. Lucie,REP,State House,83,Toby  Overdorf,33526,,,,
Martin,DEM,State House,83,Edgar 'EJ' Bernier,13513,,,,
St. Lucie,DEM,State House,83,Edgar 'EJ' Bernier,32534,,,,
St. Lucie,REP,State House,84,Dana  Trabulsy,46373,,,,
St. Lucie,DEM,State House,84,Delores  Hogan Johnson,41179,,,,
Palm Beach,REP,State House,85,Rick  Roth,61107,,,,
Palm Beach,DEM,State House,85,Jim  Carroll,47008,,,,
Palm Beach,REP,State House,86,Susan M. Kufdakis Rivera,37911,,,,
Palm Beach,DEM,State House,86,Matt  Willhite,49820,,,,
Palm Beach,REP,State House,87,Herb  Sennett,18254,,,,
Palm Beach,DEM,State House,87,David  Silvers,30537,,,,
Palm Beach,REP,State House,88,Danielle  Madsen,16396,,,,
Palm Beach,DEM,State House,88,Omari  Hardy,53248,,,,
Palm Beach,NPA,State House,88,Rubin  Anderson,2487,,,,
Palm Beach,REP,State House,89,Mike  Caruso,56409,,,,
Palm Beach,DEM,State House,89,Jim  Bonfiglio,45168,,,,
Palm Beach,REP,State House,90,Lydia  Maldonado,35537,,,,
Palm Beach,DEM,State House,90,Joseph A. Casello,52386,,,,
Palm Beach,REP,State House,91,Sayd  Hussain,38763,,,,
Palm Beach,DEM,State House,91,Emily Ann Slosberg,68053,,,,
Broward,DEM,State House,92,Patricia  Hawkins-Williams,49496,5562,26162,17763,9
Broward,NPA,State House,92,Nancy  St. Clair,11485,2469,4583,4431,2
Broward,REP,State House,93,Chip  LaMarca,54593,9995,20977,23607,14
Broward,DEM,State House,93,Linda Thompson Gonzalez,44239,3378,27357,13496,8
Broward,REP,State House,101,Vincent 'Vinny' Parlatore,17935,3593,6149,8190,3
Broward,DEM,State House,101,Marie  Woodson,51222,6291,26669,18254,8
Broward,REP,State House,103,Tom  Fabricio,7086,819,2781,3485,1
Miami-Dade,REP,State House,103,Tom  Fabricio,34640,,,,
Broward,DEM,State House,103,Cindy  Polo,14612,999,8396,5216,1
Miami-Dade,DEM,State House,103,Cindy  Polo,20686,,,,
Broward,REP,State House,104,George  Navarini,36921,4719,12823,19368,11
Broward,DEM,State House,104,Robin  Bartleman,50865,3150,30577,17131,7
Broward,REP,State House,105,David  Borrero,3577,454,1300,1822,1
Collier,REP,State House,105,David  Borrero,13152,,,,
Miami-Dade,REP,State House,105,David  Borrero,21708,,,,
Broward,DEM,State House,105,Maureen  Porras,5985,430,3393,2162,0
Collier,DEM,State House,105,Maureen  Porras,9932,,,,
Miami-Dade,DEM,State House,105,Maureen  Porras,17249,,,,
Collier,REP,State House,106,Bob  Rommel,69786,,,,
Collier,DEM,State House,106,Sara  McFadden,36063,,,,
Miami-Dade,REP,State House,110,Alex  Rizo,34023,,,,
Miami-Dade,DEM,State House,110,Annette  Collazo,22891,,,,
Miami-Dade,REP,State House,111,Bryan  Avila,32443,,,,
Miami-Dade,DEM,State House,111,Ross Elde Hancock,17567,,,,
Miami-Dade,REP,State House,112,Bruno A. Barreiro,35515,,,,
Miami-Dade,DEM,State House,112,Nicholas Xavier Duran,40063,,,,
Miami-Dade,REP,State House,114,Demi Busatta Cabrera,43443,,,,
Miami-Dade,DEM,State House,114,Jean-Pierre  Bado,36434,,,,
Miami-Dade,REP,State House,115,Vance  Aloupis,47544,,,,
Miami-Dade,DEM,State House,115,Franccesca  Cesti-Browne,35412,,,,
Miami-Dade,REP,State House,116,Daniel A. Perez,48804,,,,
Miami-Dade,DEM,State House,116,Bob  Lynch,28924,,,,
Miami-Dade,WRI,State House,116,Manuel  Rodriguez,11,,,,
Miami-Dade,REP,State House,118,Anthony  Rodriguez,47017,,,,
Miami-Dade,DEM,State House,118,Ricky  Junquera,31261,,,,
Miami-Dade,REP,State House,119,Juan  Fernandez-Barquin,50810,,,,
Miami-Dade,DEM,State House,119,Imtiaz Ahmad Mohammad,26979,,,,
Miami-Dade,REP,State House,120,James 'Jim' Vernon Mooney,19206,,,,
Monroe,REP,State House,120,James 'Jim' Vernon Mooney,26492,,,,
Miami-Dade,DEM,State House,120,Clint  Barras,17544,,,,
Monroe,DEM,State House,120,Clint  Barras,19882,,,,
Flagler,,Registered Voters,,,91916,,,,
Flagler,,Ballots Cast,,,72224,11806,31881,28537,
Flagler,,President,,Over Votes,92,16,0,76,
Flagler,,President,,Under Votes,269,21,210,38,
Flagler,,U.S. House,6,Over Votes,10,1,0,9,
Flagler,,U.S. House,6,Under Votes,2555,612,1022,921,
Flagler,,State Senate,7,Over Votes,9,2,0,7,
Flagler,,State Senate,7,Under Votes,3612,824,1443,1345,
Flagler,,State House,24,Over Votes,4,1,0,3,
Flagler,,State House,24,Under Votes,3667,802,1602,1263,
Leon,,Registered Voters,,,217454,,,,
Leon,,Ballots Cast,,,164233,31896,67342,64995,
Leon,,President,,Over Votes,134,9,119,6,
Leon,,President,,Under Votes,623,164,313,146,
Leon,,U.S. House,2,Over Votes,1,1,0,0,
Leon,,U.S. House,2,Under Votes,21774,2448,12321,7005,
Leon,,U.S. House,5,Over Votes,1,0,0,1,
Leon,,U.S. House,5,Under Votes,2062,545,725,792,
Leon,,State Senate,3,Over Votes,6,2,3,1,
Leon,,State Senate,3,Under Votes,4899,1236,1810,1853,
Leon,,State House,7,Over Votes,0,0,0,0,
Leon,,State House,7,Under Votes,246,54,84,108,
Leon,,State House,9,Over Votes,4,1,2,1,
Leon,,State House,9,Under Votes,4938,1130,2137,1671,
Broward,DEM,State House,96,Christine Hunschofsky,66892,6965,37645,22274,8
Clay,,Registered Voters,,,164745,,,,
Clay,,Ballots Cast,,,125056,24448,34561,66047,
Clay,,Ballots Cast Blank,,,2825,666,736,1423,
Clay,,President,,Over Votes,156,15,114,27,
Clay,,President,,Under Votes,240,39,93,108,
Clay,,U.S. House,3,Over Votes,22,4,5,13,
Clay,,U.S. House,3,Under Votes,2773,693,829,1251,
Clay,,State Senate,5,Over Votes,6,1,1,4,
Clay,,State Senate,5,Under Votes,3786,890,1202,1694,
Clay,,State House,18,Over Votes,8,5,2,1,
Clay,,State House,18,Under Votes,3008,733,832,1443,
Clay,,State House,19,Over Votes,5,2,1,2,
Clay,,State House,19,Under Votes,852,219,334,299,
Baker,,President,,Over Votes,17,,,,
Baker,,President,,Under Votes,35,,,,
Baker,,U.S. House,5,Over Votes,2,,,,
Baker,,U.S. House,5,Under Votes,327,112,75,140,0
Baker,,State Senate,5,Over Votes,1,,,,
Baker,,State Senate,5,Under Votes,470,152,114,204,0
Baker,,State House,10,Over Votes,1,,,,
Baker,,State House,10,Under Votes,302,89,77,136,0
Bay,,President,,Over Votes,101,31,70,,
Bay,,President,,Under Votes,190,109,81,,
Bay,,U.S. House,2,Over Votes,28,,,,
Bay,,U.S. House,2,Under Votes,11319,6396,4923,,
Bay,,State House,6,Over Votes,10,,,,
Bay,,State House,6,Under Votes,2800,1778,1022,,
Hernando,,Ballots Cast,,,109862,24934,47444,37427,57
Orange,,Registered Voters,,,866460,,,,
Orange,,Ballots Cast,,,653106,109784,280194,262944,18
Orange,,Ballots Cast Blank,,,22719,5014,7418,10272,15
Orange,,President,,Over Votes,2079,121,1735,222,1
Orange,,President,,Under Votes,1870,405,983,482,0
Orange,,U.S. House,7,Over Votes,37,8,11,18,0
Orange,,U.S. House,7,Under Votes,4300,1047,1772,1480,1
Orange,,U.S. House,8,Over Votes,3,0,2,1,0
Orange,,U.S. House,8,Under Votes,224,85,86,53,0
Orange,,State Senate,11,Over Votes,75,11,41,23,0
Orange,,State Senate,11,Under Votes,9485,2057,3921,3504,3
Orange,,State Senate,13,Over Votes,61,10,35,16,0
Orange,,State Senate,13,Under Votes,10119,2475,4128,3512,4
Orange,,State Senate,15,Over Votes,44,12,14,18,0
Orange,,State Senate,15,Under Votes,5956,1120,2667,2165,4
Orange,,State House,30,Over Votes,8,1,4,3,0
Orange,,State House,30,Under Votes,1073,209,524,339,1
Orange,,State House,31,Over Votes,6,1,1,4,0
Orange,,State House,31,Under Votes,1355,342,588,424,1
Orange,,State House,44,Over Votes,17,5,9,3,0
Orange,,State House,44,Under Votes,4461,805,2075,1578,3
Orange,,State House,47,Over Votes,9,1,6,2,0
Orange,,State House,47,Under Votes,3777,796,1793,1188,0
Orange,,State House,48,Over Votes,14,4,4,6,0
Orange,,State House,48,Under Votes,2908,643,1118,1144,3
Orange,,State House,49,Over Votes,10,1,3,6,0
Orange,,State House,49,Under Votes,3267,845,1190,1229,3
Orange,,State House,50,Over Votes,13,5,6,2,0
Orange,,State House,50,Under Votes,2203,516,1001,686,0
Suwannee,,Ballots Cast,,,21171,6346,6173,8624,28
Suwannee,,Ballots Cast Blank,,,1,0,1,0,0
Suwannee,REP,President ,,Donald J Trump,16410,5404,3997,6987,22
Suwannee,DEM,President ,,Joseph R Biden,4485,843,2071,1566,5
Suwannee,LPF,President ,,Jo Jorgensen ,119,59,20,40,0
Suwannee,REF,President ,,De La Fuente ,6,1,3,2,0
Suwannee,PSL,President ,,La Riva ,8,3,4,1,0
Suwannee,GRE,President ,,Howie Hawkins,23,7,11,5,0
Suwannee,CPF,President ,,Don Blankenship,6,2,3,1,0
Suwannee,,President ,,Write-In,0,0,0,0,0
Suwannee,,President ,,Over Votes,45,7,33,5,0
Suwannee,,President ,,Under Votes,43,14,18,11,0
Suwannee,REP,U.S. House,2,Neal Dunn,17971,5722,4765,7461,23
Suwannee,DEM,U.S. House,2,Write-In,156,9,109,38,0
Suwannee,,U.S. House,2,Over Votes,0,0,0,0,0
Suwannee,,U.S. House,2,Under Votes,2581,533,1103,940,5
Suwannee,REP,State Senate ,5,Jennifer Bradley,16260,5286,4063,6889,22
Suwannee,DEM,State Senate ,5,Melina Rayna Barratt,4166,844,1865,1452,5
Suwannee,,State Senate ,5,Over Votes,7,6,0,1,0
Suwannee,,State Senate ,5,Under Votes,738,210,245,282,1
Suwannee,REP,State House,10,Chuck Brannan,16426,5366,4114,6923,23
Suwannee,DEM,State House,10,Rock Aboujaoude Jr,3887,763,1772,1349,3
Suwannee,,State House,10,Over Votes,3,0,0,3,0
Suwannee,,State House,10,Under Votes,855,217,287,349,2
