candidate,office,district,party,county,precinct,votes,election_day,early_voting,mail
Registered Voters,,,,Clay,100 -  Clay Hill Baptist Church ,3136,,,
Ballots Cast,,,,Clay,100 -  Clay Hill Baptist Church ,2334,803,1067,464
Ballots Cast Blank,,,,Clay,100 -  Clay Hill Baptist Church ,47,18,26,3
Donald J Trump,President ,,REP,Clay,100 -  Clay Hill Baptist Church ,2100,751,986,363
Joseph R Biden,President ,,DEM,Clay,100 -  Clay Hill Baptist Church ,213,44,75,94
Jo Jorgensen ,President ,,LPF,Clay,100 -  Clay Hill Baptist Church ,14,7,4,3
"Roque ""Rocky"" De La Fuente",President ,,REF,Clay,100 -  Clay Hill Baptist Church ,0,0,0,0
Gloria La Riva ,President ,,PSL,Clay,100 -  Clay Hill Baptist Church ,0,0,0,0
Howie Hawkins,President ,,GRE,Clay,100 -  Clay Hill Baptist Church ,2,0,1,1
Don Blankenship,President ,,CPF,Clay,100 -  Clay Hill Baptist Church ,0,0,0,0
Write-In,President ,,NPA,Clay,100 -  Clay Hill Baptist Church ,0,0,0,0
Over Votes,President ,,,Clay,100 -  Clay Hill Baptist Church ,1,0,0,1
Under Votes,President ,,,Clay,100 -  Clay Hill Baptist Church ,4,1,1,2
Kat Cammack,US House,3,REP,Clay,100 -  Clay Hill Baptist Church ,2040,731,960,349
Adam Christensen,US House,3,DEM,Clay,100 -  Clay Hill Baptist Church ,249,52,86,111
Over Votes,US House,3,,Clay,100 -  Clay Hill Baptist Church ,0,0,0,0
Under Votes,US House,3,,Clay,100 -  Clay Hill Baptist Church ,45,20,21,4
Jennifer Bradley,State Senate,5,REP,Clay,100 -  Clay Hill Baptist Church ,2061,731,965,365
Melina Rayna Barratt,State Senate,5,DEM,Clay,100 -  Clay Hill Baptist Church ,203,47,64,92
Over Votes,State Senate,5,,Clay,100 -  Clay Hill Baptist Church ,0,0,0,0
Under Votes,State Senate,5,,Clay,100 -  Clay Hill Baptist Church ,70,25,38,7
Sam Garrison,State House,18,REP,Clay,100 -  Clay Hill Baptist Church ,2029,714,957,358
Leroy Anthony Edwards,State House,18,DEM,Clay,100 -  Clay Hill Baptist Church ,195,45,70,80
Ken Willey,State House,18,LPF,Clay,100 -  Clay Hill Baptist Church ,47,18,10,19
Over Votes,State House,18,,Clay,100 -  Clay Hill Baptist Church ,0,0,0,0
Under Votes,State House,18,,Clay,100 -  Clay Hill Baptist Church ,63,26,30,7
Registered Voters,,,,Clay,102 - VFW Post #8255,3977,,,
Ballots Cast,,,,Clay,102 - VFW Post #8255,2712,735,1454,523
Ballots Cast Blank,,,,Clay,102 - VFW Post #8255,80,23,44,13
Donald J Trump,President ,,REP,Clay,102 - VFW Post #8255,2249,649,1263,337
Joseph R Biden,President ,,DEM,Clay,102 - VFW Post #8255,429,78,175,176
Jo Jorgensen ,President ,,LPF,Clay,102 - VFW Post #8255,20,6,8,6
"Roque ""Rocky"" De La Fuente",President ,,REF,Clay,102 - VFW Post #8255,2,0,1,1
Gloria La Riva ,President ,,PSL,Clay,102 - VFW Post #8255,0,0,0,0
Howie Hawkins,President ,,GRE,Clay,102 - VFW Post #8255,2,2,0,0
Don Blankenship,President ,,CPF,Clay,102 - VFW Post #8255,1,0,1,0
Write-In,President ,,NPA,Clay,102 - VFW Post #8255,2,0,0,2
Over Votes,President ,,,Clay,102 - VFW Post #8255,2,0,2,0
Under Votes,President ,,,Clay,102 - VFW Post #8255,5,0,4,1
Kat Cammack,US House,3,REP,Clay,102 - VFW Post #8255,2196,630,1232,334
Adam Christensen,US House,3,DEM,Clay,102 - VFW Post #8255,447,89,182,176
Over Votes,US House,3,,Clay,102 - VFW Post #8255,0,0,0,0
Under Votes,US House,3,,Clay,102 - VFW Post #8255,69,16,40,13
Jennifer Bradley,State Senate,5,REP,Clay,102 - VFW Post #8255,2203,630,1240,333
Melina Rayna Barratt,State Senate,5,DEM,Clay,102 - VFW Post #8255,420,84,168,168
Over Votes,State Senate,5,,Clay,102 - VFW Post #8255,0,0,0,0
Under Votes,State Senate,5,,Clay,102 - VFW Post #8255,89,21,46,22
Sam Garrison,State House,18,REP,Clay,102 - VFW Post #8255,2157,614,1216,327
Leroy Anthony Edwards,State House,18,DEM,Clay,102 - VFW Post #8255,380,73,153,154
Ken Willey,State House,18,LPF,Clay,102 - VFW Post #8255,82,24,35,23
Over Votes,State House,18,,Clay,102 - VFW Post #8255,0,0,0,0
Under Votes,State House,18,,Clay,102 - VFW Post #8255,93,24,50,19
Registered Voters,,,,Clay,106 - Cornerstone Bapt Church,4606,,,
Ballots Cast,,,,Clay,106 - Cornerstone Bapt Church,3257,863,1766,628
Ballots Cast Blank,,,,Clay,106 - Cornerstone Bapt Church,73,19,42,12
Donald J Trump,President ,,REP,Clay,106 - Cornerstone Bapt Church,2731,757,1566,408
Joseph R Biden,President ,,DEM,Clay,106 - Cornerstone Bapt Church,461,87,174,200
Jo Jorgensen ,President ,,LPF,Clay,106 - Cornerstone Bapt Church,45,17,17,11
"Roque ""Rocky"" De La Fuente",President ,,REF,Clay,106 - Cornerstone Bapt Church,1,0,1,0
Gloria La Riva ,President ,,PSL,Clay,106 - Cornerstone Bapt Church,1,0,1,0
Howie Hawkins,President ,,GRE,Clay,106 - Cornerstone Bapt Church,3,0,1,2
Don Blankenship,President ,,CPF,Clay,106 - Cornerstone Bapt Church,4,1,3,0
Write-In,President ,,NPA,Clay,106 - Cornerstone Bapt Church,2,1,0,1
Over Votes,President ,,,Clay,106 - Cornerstone Bapt Church,6,0,1,5
Under Votes,President ,,,Clay,106 - Cornerstone Bapt Church,3,0,2,1
Kat Cammack,US House,3,REP,Clay,106 - Cornerstone Bapt Church,2666,732,1522,412
Adam Christensen,US House,3,DEM,Clay,106 - Cornerstone Bapt Church,524,110,210,204
Over Votes,US House,3,,Clay,106 - Cornerstone Bapt Church,1,1,0,0
Under Votes,US House,3,,Clay,106 - Cornerstone Bapt Church,66,20,34,12
Jennifer Bradley,State Senate,5,REP,Clay,106 - Cornerstone Bapt Church,2711,744,1542,425
Melina Rayna Barratt,State Senate,5,DEM,Clay,106 - Cornerstone Bapt Church,447,90,172,185
Over Votes,State Senate,5,,Clay,106 - Cornerstone Bapt Church,0,0,0,0
Under Votes,State Senate,5,,Clay,106 - Cornerstone Bapt Church,99,29,52,18
Sam Garrison,State House,18,REP,Clay,106 - Cornerstone Bapt Church,2648,719,1513,416
Leroy Anthony Edwards,State House,18,DEM,Clay,106 - Cornerstone Bapt Church,396,77,152,167
Ken Willey,State House,18,LPF,Clay,106 - Cornerstone Bapt Church,114,36,50,28
Over Votes,State House,18,,Clay,106 - Cornerstone Bapt Church,1,1,0,0
Under Votes,State House,18,,Clay,106 - Cornerstone Bapt Church,98,30,51,17
Registered Voters,,,,Clay,110 - Middleburg Civic Center,3224,,,
Ballots Cast,,,,Clay,110 - Middleburg Civic Center,2481,389,1496,596
Ballots Cast Blank,,,,Clay,110 - Middleburg Civic Center,50,13,29,8
Donald J Trump,President ,,REP,Clay,110 - Middleburg Civic Center,1859,326,1188,345
Joseph R Biden,President ,,DEM,Clay,110 - Middleburg Civic Center,570,50,283,237
Jo Jorgensen ,President ,,LPF,Clay,110 - Middleburg Civic Center,36,9,16,11
"Roque ""Rocky"" De La Fuente",President ,,REF,Clay,110 - Middleburg Civic Center,0,0,0,0
Gloria La Riva ,President ,,PSL,Clay,110 - Middleburg Civic Center,2,0,1,1
Howie Hawkins,President ,,GRE,Clay,110 - Middleburg Civic Center,3,2,1,0
Don Blankenship,President ,,CPF,Clay,110 - Middleburg Civic Center,0,0,0,0
Write-In,President ,,NPA,Clay,110 - Middleburg Civic Center,6,1,4,1
Over Votes,President ,,,Clay,110 - Middleburg Civic Center,4,1,2,1
Under Votes,President ,,,Clay,110 - Middleburg Civic Center,1,0,1,0
Kat Cammack,US House,3,REP,Clay,110 - Middleburg Civic Center,1831,317,1179,335
Adam Christensen,US House,3,DEM,Clay,110 - Middleburg Civic Center,596,57,298,241
Over Votes,US House,3,,Clay,110 - Middleburg Civic Center,1,0,1,0
Under Votes,US House,3,,Clay,110 - Middleburg Civic Center,53,15,18,20
Jennifer Bradley,State Senate,5,REP,Clay,110 - Middleburg Civic Center,1870,320,1192,358
Melina Rayna Barratt,State Senate,5,DEM,Clay,110 - Middleburg Civic Center,529,50,272,207
Over Votes,State Senate,5,,Clay,110 - Middleburg Civic Center,0,0,0,0
Under Votes,State Senate,5,,Clay,110 - Middleburg Civic Center,82,19,32,31
Sam Garrison,State House,18,REP,Clay,110 - Middleburg Civic Center,1828,309,1179,340
Leroy Anthony Edwards,State House,18,DEM,Clay,110 - Middleburg Civic Center,498,44,251,203
Ken Willey,State House,18,LPF,Clay,110 - Middleburg Civic Center,86,20,41,25
Over Votes,State House,18,,Clay,110 - Middleburg Civic Center,0,0,0,0
Under Votes,State House,18,,Clay,110 - Middleburg Civic Center,69,16,25,28
Registered Voters,,,,Clay,112 - Clay County Util Auth,6786,,,
Ballots Cast,,,,Clay,112 - Clay County Util Auth,5347,1026,2976,1345
Ballots Cast Blank,,,,Clay,112 - Clay County Util Auth,84,13,42,29
Donald J Trump,President ,,REP,Clay,112 - Clay County Util Auth,3500,743,2109,648
Joseph R Biden,President ,,DEM,Clay,112 - Clay County Util Auth,1740,254,822,664
Jo Jorgensen ,President ,,LPF,Clay,112 - Clay County Util Auth,65,19,30,16
"Roque ""Rocky"" De La Fuente",President ,,REF,Clay,112 - Clay County Util Auth,3,1,1,1
Gloria La Riva ,President ,,PSL,Clay,112 - Clay County Util Auth,6,0,3,3
Howie Hawkins,President ,,GRE,Clay,112 - Clay County Util Auth,10,3,4,3
Don Blankenship,President ,,CPF,Clay,112 - Clay County Util Auth,1,0,0,1
Write-In,President ,,NPA,Clay,112 - Clay County Util Auth,5,2,3,0
Over Votes,President ,,,Clay,112 - Clay County Util Auth,6,2,0,4
Under Votes,President ,,,Clay,112 - Clay County Util Auth,11,2,4,5
Kat Cammack,US House,3,REP,Clay,112 - Clay County Util Auth,3499,747,2103,649
Adam Christensen,US House,3,DEM,Clay,112 - Clay County Util Auth,1757,255,831,671
Over Votes,US House,3,,Clay,112 - Clay County Util Auth,0,0,0,0
Under Votes,US House,3,,Clay,112 - Clay County Util Auth,91,24,42,25
Jennifer Bradley,State Senate,5,REP,Clay,112 - Clay County Util Auth,3593,754,2146,693
Melina Rayna Barratt,State Senate,5,DEM,Clay,112 - Clay County Util Auth,1618,239,770,609
Over Votes,State Senate,5,,Clay,112 - Clay County Util Auth,0,0,0,0
Under Votes,State Senate,5,,Clay,112 - Clay County Util Auth,136,33,60,43
Sam Garrison,State House,18,REP,Clay,112 - Clay County Util Auth,3429,711,2075,643
Leroy Anthony Edwards,State House,18,DEM,Clay,112 - Clay County Util Auth,1619,239,763,617
Ken Willey,State House,18,LPF,Clay,112 - Clay County Util Auth,162,39,78,45
Over Votes,State House,18,,Clay,112 - Clay County Util Auth,1,1,0,0
Under Votes,State House,18,,Clay,112 - Clay County Util Auth,136,36,60,40
Registered Voters,,,,Clay,113 - Oakleaf Baptist Church,10283,,,
Ballots Cast,,,,Clay,113 - Oakleaf Baptist Church,7938,1149,4900,1889
Ballots Cast Blank,,,,Clay,113 - Oakleaf Baptist Church,159,43,81,35
Donald J Trump,President ,,REP,Clay,113 - Oakleaf Baptist Church,3334,577,2153,604
Joseph R Biden,President ,,DEM,Clay,113 - Oakleaf Baptist Church,4471,540,2681,1250
Jo Jorgensen ,President ,,LPF,Clay,113 - Oakleaf Baptist Church,66,14,37,15
"Roque ""Rocky"" De La Fuente",President ,,REF,Clay,113 - Oakleaf Baptist Church,6,1,4,1
Gloria La Riva ,President ,,PSL,Clay,113 - Oakleaf Baptist Church,3,0,1,2
Howie Hawkins,President ,,GRE,Clay,113 - Oakleaf Baptist Church,12,3,6,3
Don Blankenship,President ,,CPF,Clay,113 - Oakleaf Baptist Church,3,1,1,1
Write-In,President ,,NPA,Clay,113 - Oakleaf Baptist Church,21,6,9,6
Over Votes,President ,,,Clay,113 - Oakleaf Baptist Church,15,3,5,7
Under Votes,President ,,,Clay,113 - Oakleaf Baptist Church,7,4,3,0
Kat Cammack,US House,3,REP,Clay,113 - Oakleaf Baptist Church,3438,586,2227,628
Adam Christensen,US House,3,DEM,Clay,113 - Oakleaf Baptist Church,4351,520,2603,1228
Over Votes,US House,3,,Clay,113 - Oakleaf Baptist Church,2,1,0,1
Under Votes,US House,3,,Clay,113 - Oakleaf Baptist Church,147,42,73,32
Jennifer Bradley,State Senate,5,REP,Clay,113 - Oakleaf Baptist Church,3550,590,2277,683
Melina Rayna Barratt,State Senate,5,DEM,Clay,113 - Oakleaf Baptist Church,4165,507,2517,1141
Over Votes,State Senate,5,,Clay,113 - Oakleaf Baptist Church,0,0,0,0
Under Votes,State Senate,5,,Clay,113 - Oakleaf Baptist Church,223,52,106,65
Sam Garrison,State House,18,REP,Clay,113 - Oakleaf Baptist Church,3366,553,2195,618
Leroy Anthony Edwards,State House,18,DEM,Clay,113 - Oakleaf Baptist Church,4127,485,2492,1150
Ken Willey,State House,18,LPF,Clay,113 - Oakleaf Baptist Church,231,53,111,67
Over Votes,State House,18,,Clay,113 - Oakleaf Baptist Church,0,0,0,0
Under Votes,State House,18,,Clay,113 - Oakleaf Baptist Church,214,58,102,54
Registered Voters,,,,Clay,115 - Oakleaf Plant Athl Cntr,5804,,,
Ballots Cast,,,,Clay,115 - Oakleaf Plant Athl Cntr,4200,790,2297,1113
Ballots Cast Blank,,,,Clay,115 - Oakleaf Plant Athl Cntr,89,20,44,25
Donald J Trump,President ,,REP,Clay,115 - Oakleaf Plant Athl Cntr,1953,435,1150,368
Joseph R Biden,President ,,DEM,Clay,115 - Oakleaf Plant Athl Cntr,2167,330,1117,720
Jo Jorgensen ,President ,,LPF,Clay,115 - Oakleaf Plant Athl Cntr,45,17,16,12
"Roque ""Rocky"" De La Fuente",President ,,REF,Clay,115 - Oakleaf Plant Athl Cntr,2,1,0,1
Gloria La Riva ,President ,,PSL,Clay,115 - Oakleaf Plant Athl Cntr,0,0,0,0
Howie Hawkins,President ,,GRE,Clay,115 - Oakleaf Plant Athl Cntr,5,1,2,2
Don Blankenship,President ,,CPF,Clay,115 - Oakleaf Plant Athl Cntr,3,1,1,1
Write-In,President ,,NPA,Clay,115 - Oakleaf Plant Athl Cntr,8,2,3,3
Over Votes,President ,,,Clay,115 - Oakleaf Plant Athl Cntr,6,0,2,4
Under Votes,President ,,,Clay,115 - Oakleaf Plant Athl Cntr,11,3,6,2
Kat Cammack,US House,3,REP,Clay,115 - Oakleaf Plant Athl Cntr,2017,445,1182,390
Adam Christensen,US House,3,DEM,Clay,115 - Oakleaf Plant Athl Cntr,2076,320,1069,687
Over Votes,US House,3,,Clay,115 - Oakleaf Plant Athl Cntr,1,0,0,1
Under Votes,US House,3,,Clay,115 - Oakleaf Plant Athl Cntr,106,25,46,35
Jennifer Bradley,State Senate,5,REP,Clay,115 - Oakleaf Plant Athl Cntr,2090,448,1213,429
Melina Rayna Barratt,State Senate,5,DEM,Clay,115 - Oakleaf Plant Athl Cntr,1964,310,1019,635
Over Votes,State Senate,5,,Clay,115 - Oakleaf Plant Athl Cntr,0,0,0,0
Under Votes,State Senate,5,,Clay,115 - Oakleaf Plant Athl Cntr,146,32,65,49
Sam Garrison,State House,18,REP,Clay,115 - Oakleaf Plant Athl Cntr,1946,410,1146,390
Leroy Anthony Edwards,State House,18,DEM,Clay,115 - Oakleaf Plant Athl Cntr,1969,302,1036,631
Ken Willey,State House,18,LPF,Clay,115 - Oakleaf Plant Athl Cntr,142,45,54,43
Over Votes,State House,18,,Clay,115 - Oakleaf Plant Athl Cntr,0,0,0,0
Under Votes,State House,18,,Clay,115 - Oakleaf Plant Athl Cntr,143,33,61,49
Registered Voters,,,,Clay,116 - Argyle Elementary,5251,,,
Ballots Cast,,,,Clay,116 - Argyle Elementary,3821,771,1963,1087
Ballots Cast Blank,,,,Clay,116 - Argyle Elementary,71,21,38,12
Donald J Trump,President ,,REP,Clay,116 - Argyle Elementary,1752,433,943,376
Joseph R Biden,President ,,DEM,Clay,116 - Argyle Elementary,1983,314,985,684
Jo Jorgensen ,President ,,LPF,Clay,116 - Argyle Elementary,43,10,18,15
"Roque ""Rocky"" De La Fuente",President ,,REF,Clay,116 - Argyle Elementary,3,1,1,1
Gloria La Riva ,President ,,PSL,Clay,116 - Argyle Elementary,3,0,2,1
Howie Hawkins,President ,,GRE,Clay,116 - Argyle Elementary,5,3,2,0
Don Blankenship,President ,,CPF,Clay,116 - Argyle Elementary,3,0,1,2
Write-In,President ,,NPA,Clay,116 - Argyle Elementary,14,4,6,4
Over Votes,President ,,,Clay,116 - Argyle Elementary,4,1,0,3
Under Votes,President ,,,Clay,116 - Argyle Elementary,11,5,5,1
Kat Cammack,US House,3,REP,Clay,116 - Argyle Elementary,1752,425,941,386
Adam Christensen,US House,3,DEM,Clay,116 - Argyle Elementary,1982,309,989,684
Over Votes,US House,3,,Clay,116 - Argyle Elementary,1,1,0,0
Under Votes,US House,3,,Clay,116 - Argyle Elementary,86,36,33,17
Jennifer Bradley,State Senate,5,REP,Clay,116 - Argyle Elementary,1830,441,965,424
Melina Rayna Barratt,State Senate,5,DEM,Clay,116 - Argyle Elementary,1891,291,957,643
Over Votes,State Senate,5,,Clay,116 - Argyle Elementary,1,1,0,0
Under Votes,State Senate,5,,Clay,116 - Argyle Elementary,99,38,41,20
Sam Garrison,State House,18,REP,Clay,116 - Argyle Elementary,1726,405,922,399
Leroy Anthony Edwards,State House,18,DEM,Clay,116 - Argyle Elementary,1851,287,935,629
Ken Willey,State House,18,LPF,Clay,116 - Argyle Elementary,143,38,65,40
Over Votes,State House,18,,Clay,116 - Argyle Elementary,2,2,0,0
Under Votes,State House,18,,Clay,116 - Argyle Elementary,99,39,41,19
Registered Voters,,,,Clay,118 - Asbury United Method Chu,4353,,,
Ballots Cast,,,,Clay,118 - Asbury United Method Chu,3242,688,1721,833
Ballots Cast Blank,,,,Clay,118 - Asbury United Method Chu,77,19,43,15
Donald J Trump,President ,,REP,Clay,118 - Asbury United Method Chu,2283,549,1297,437
Joseph R Biden,President ,,DEM,Clay,118 - Asbury United Method Chu,896,125,393,378
Jo Jorgensen ,President ,,LPF,Clay,118 - Asbury United Method Chu,43,8,24,11
"Roque ""Rocky"" De La Fuente",President ,,REF,Clay,118 - Asbury United Method Chu,1,0,1,0
Gloria La Riva ,President ,,PSL,Clay,118 - Asbury United Method Chu,2,0,0,2
Howie Hawkins,President ,,GRE,Clay,118 - Asbury United Method Chu,3,1,0,2
Don Blankenship,President ,,CPF,Clay,118 - Asbury United Method Chu,2,0,1,1
Write-In,President ,,NPA,Clay,118 - Asbury United Method Chu,7,4,2,1
Over Votes,President ,,,Clay,118 - Asbury United Method Chu,3,1,1,1
Under Votes,President ,,,Clay,118 - Asbury United Method Chu,2,0,2,0
Kat Cammack,US House,3,REP,Clay,118 - Asbury United Method Chu,2242,533,1284,425
Adam Christensen,US House,3,DEM,Clay,118 - Asbury United Method Chu,937,138,412,387
Over Votes,US House,3,,Clay,118 - Asbury United Method Chu,0,0,0,0
Under Votes,US House,3,,Clay,118 - Asbury United Method Chu,63,17,25,21
Jennifer Bradley,State Senate,5,REP,Clay,118 - Asbury United Method Chu,2306,544,1310,452
Melina Rayna Barratt,State Senate,5,DEM,Clay,118 - Asbury United Method Chu,846,122,375,349
Over Votes,State Senate,5,,Clay,118 - Asbury United Method Chu,0,0,0,0
Under Votes,State Senate,5,,Clay,118 - Asbury United Method Chu,90,22,36,32
Sam Garrison,State House,18,REP,Clay,118 - Asbury United Method Chu,2244,525,1285,434
Leroy Anthony Edwards,State House,18,DEM,Clay,118 - Asbury United Method Chu,803,110,351,342
Ken Willey,State House,18,LPF,Clay,118 - Asbury United Method Chu,95,26,43,26
Over Votes,State House,18,,Clay,118 - Asbury United Method Chu,0,0,0,0
Under Votes,State House,18,,Clay,118 - Asbury United Method Chu,100,27,42,31
Registered Voters,,,,Clay,122 - Advent Lutheran Church,4317,,,
Ballots Cast,,,,Clay,122 - Advent Lutheran Church,3048,573,1633,842
Ballots Cast Blank,,,,Clay,122 - Advent Lutheran Church,59,9,34,16
Donald J Trump,President ,,REP,Clay,122 - Advent Lutheran Church,1904,414,1100,390
Joseph R Biden,President ,,DEM,Clay,122 - Advent Lutheran Church,1075,147,503,425
Jo Jorgensen ,President ,,LPF,Clay,122 - Advent Lutheran Church,39,8,18,13
"Roque ""Rocky"" De La Fuente",President ,,REF,Clay,122 - Advent Lutheran Church,0,0,0,0
Gloria La Riva ,President ,,PSL,Clay,122 - Advent Lutheran Church,1,0,1,0
Howie Hawkins,President ,,GRE,Clay,122 - Advent Lutheran Church,3,1,2,0
Don Blankenship,President ,,CPF,Clay,122 - Advent Lutheran Church,2,0,0,2
Write-In,President ,,NPA,Clay,122 - Advent Lutheran Church,9,2,5,2
Over Votes,President ,,,Clay,122 - Advent Lutheran Church,8,1,0,7
Under Votes,President ,,,Clay,122 - Advent Lutheran Church,7,0,4,3
Kat Cammack,US House,3,REP,Clay,122 - Advent Lutheran Church,1923,414,1103,406
Adam Christensen,US House,3,DEM,Clay,122 - Advent Lutheran Church,1071,150,498,423
Over Votes,US House,3,,Clay,122 - Advent Lutheran Church,0,0,0,0
Under Votes,US House,3,,Clay,122 - Advent Lutheran Church,54,9,32,13
Jennifer Bradley,State Senate,5,REP,Clay,122 - Advent Lutheran Church,1996,433,1135,428
Melina Rayna Barratt,State Senate,5,DEM,Clay,122 - Advent Lutheran Church,988,132,465,391
Over Votes,State Senate,5,,Clay,122 - Advent Lutheran Church,0,0,0,0
Under Votes,State Senate,5,,Clay,122 - Advent Lutheran Church,64,8,33,23
Sam Garrison,State House,18,REP,Clay,122 - Advent Lutheran Church,1904,405,1084,415
Leroy Anthony Edwards,State House,18,DEM,Clay,122 - Advent Lutheran Church,977,132,453,392
Ken Willey,State House,18,LPF,Clay,122 - Advent Lutheran Church,95,24,51,20
Over Votes,State House,18,,Clay,122 - Advent Lutheran Church,0,0,0,0
Under Votes,State House,18,,Clay,122 - Advent Lutheran Church,72,12,45,15
Registered Voters,,,,Clay,124 - Advent Lutheran Church,2225,,,
Ballots Cast,,,,Clay,124 - Advent Lutheran Church,1909,308,993,608
Ballots Cast Blank,,,,Clay,124 - Advent Lutheran Church,29,4,17,8
Donald J Trump,President ,,REP,Clay,124 - Advent Lutheran Church,1269,244,706,319
Joseph R Biden,President ,,DEM,Clay,124 - Advent Lutheran Church,613,54,279,280
Jo Jorgensen ,President ,,LPF,Clay,124 - Advent Lutheran Church,12,7,4,1
"Roque ""Rocky"" De La Fuente",President ,,REF,Clay,124 - Advent Lutheran Church,0,0,0,0
Gloria La Riva ,President ,,PSL,Clay,124 - Advent Lutheran Church,0,0,0,0
Howie Hawkins,President ,,GRE,Clay,124 - Advent Lutheran Church,5,0,0,5
Don Blankenship,President ,,CPF,Clay,124 - Advent Lutheran Church,1,0,0,1
Write-In,President ,,NPA,Clay,124 - Advent Lutheran Church,4,1,2,1
Over Votes,President ,,,Clay,124 - Advent Lutheran Church,1,1,0,0
Under Votes,President ,,,Clay,124 - Advent Lutheran Church,4,1,2,1
Kat Cammack,US House,3,REP,Clay,124 - Advent Lutheran Church,1272,244,705,323
Adam Christensen,US House,3,DEM,Clay,124 - Advent Lutheran Church,609,55,277,277
Over Votes,US House,3,,Clay,124 - Advent Lutheran Church,0,0,0,0
Under Votes,US House,3,,Clay,124 - Advent Lutheran Church,28,9,11,8
Jennifer Bradley,State Senate,5,REP,Clay,124 - Advent Lutheran Church,1316,249,718,349
Melina Rayna Barratt,State Senate,5,DEM,Clay,124 - Advent Lutheran Church,550,50,255,245
Over Votes,State Senate,5,,Clay,124 - Advent Lutheran Church,0,0,0,0
Under Votes,State Senate,5,,Clay,124 - Advent Lutheran Church,43,9,20,14
Sam Garrison,State House,18,REP,Clay,124 - Advent Lutheran Church,1293,243,707,343
Leroy Anthony Edwards,State House,18,DEM,Clay,124 - Advent Lutheran Church,526,41,243,242
Ken Willey,State House,18,LPF,Clay,124 - Advent Lutheran Church,40,11,17,12
Over Votes,State House,18,,Clay,124 - Advent Lutheran Church,0,0,0,0
Under Votes,State House,18,,Clay,124 - Advent Lutheran Church,50,13,26,11
Registered Voters,,,,Clay,128 - Calvary United,2792,,,
Ballots Cast,,,,Clay,128 - Calvary United,1618,503,733,382
Ballots Cast Blank,,,,Clay,128 - Calvary United,41,12,16,13
Donald J Trump,President ,,REP,Clay,128 - Calvary United,835,296,406,133
Joseph R Biden,President ,,DEM,Clay,128 - Calvary United,730,191,304,235
Jo Jorgensen ,President ,,LPF,Clay,128 - Calvary United,26,10,10,6
"Roque ""Rocky"" De La Fuente",President ,,REF,Clay,128 - Calvary United,1,1,0,0
Gloria La Riva ,President ,,PSL,Clay,128 - Calvary United,4,3,1,0
Howie Hawkins,President ,,GRE,Clay,128 - Calvary United,6,1,4,1
Don Blankenship,President ,,CPF,Clay,128 - Calvary United,1,1,0,0
Write-In,President ,,NPA,Clay,128 - Calvary United,5,0,4,1
Over Votes,President ,,,Clay,128 - Calvary United,6,0,1,5
Under Votes,President ,,,Clay,128 - Calvary United,4,0,3,1
Kat Cammack,US House,3,REP,Clay,128 - Calvary United,822,295,399,128
Adam Christensen,US House,3,DEM,Clay,128 - Calvary United,726,187,304,235
Over Votes,US House,3,,Clay,128 - Calvary United,0,0,0,0
Under Votes,US House,3,,Clay,128 - Calvary United,70,21,30,19
Jennifer Bradley,State Senate,5,REP,Clay,128 - Calvary United,853,296,412,145
Melina Rayna Barratt,State Senate,5,DEM,Clay,128 - Calvary United,689,187,288,214
Over Votes,State Senate,5,,Clay,128 - Calvary United,0,0,0,0
Under Votes,State Senate,5,,Clay,128 - Calvary United,76,20,33,23
Sam Garrison,State House,18,REP,Clay,128 - Calvary United,805,283,398,124
Leroy Anthony Edwards,State House,18,DEM,Clay,128 - Calvary United,673,173,280,220
Ken Willey,State House,18,LPF,Clay,128 - Calvary United,66,26,24,16
Over Votes,State House,18,,Clay,128 - Calvary United,1,1,0,0
Under Votes,State House,18,,Clay,128 - Calvary United,73,20,31,22
Registered Voters,,,,Clay,202 - The Springs Church,3738,,,
Ballots Cast,,,,Clay,202 - The Springs Church,2448,573,1243,632
Ballots Cast Blank,,,,Clay,202 - The Springs Church,58,21,19,18
Donald J Trump,President ,,REP,Clay,202 - The Springs Church,1451,371,787,293
Joseph R Biden,President ,,DEM,Clay,202 - The Springs Church,929,176,430,323
Jo Jorgensen ,President ,,LPF,Clay,202 - The Springs Church,43,20,17,6
"Roque ""Rocky"" De La Fuente",President ,,REF,Clay,202 - The Springs Church,0,0,0,0
Gloria La Riva ,President ,,PSL,Clay,202 - The Springs Church,2,2,0,0
Howie Hawkins,President ,,GRE,Clay,202 - The Springs Church,8,1,6,1
Don Blankenship,President ,,CPF,Clay,202 - The Springs Church,1,0,0,1
Write-In,President ,,NPA,Clay,202 - The Springs Church,5,2,1,2
Over Votes,President ,,,Clay,202 - The Springs Church,4,0,0,4
Under Votes,President ,,,Clay,202 - The Springs Church,5,1,2,2
Kat Cammack,US House,3,REP,Clay,202 - The Springs Church,1461,376,791,294
Adam Christensen,US House,3,DEM,Clay,202 - The Springs Church,937,180,429,328
Over Votes,US House,3,,Clay,202 - The Springs Church,0,0,0,0
Under Votes,US House,3,,Clay,202 - The Springs Church,50,17,23,10
Jennifer Bradley,State Senate,5,REP,Clay,202 - The Springs Church,1480,368,794,318
Melina Rayna Barratt,State Senate,5,DEM,Clay,202 - The Springs Church,904,186,419,299
Over Votes,State Senate,5,,Clay,202 - The Springs Church,0,0,0,0
Under Votes,State Senate,5,,Clay,202 - The Springs Church,64,19,30,15
Sam Garrison,State House,18,REP,Clay,202 - The Springs Church,1434,350,775,309
Leroy Anthony Edwards,State House,18,DEM,Clay,202 - The Springs Church,848,157,391,300
Ken Willey,State House,18,LPF,Clay,202 - The Springs Church,113,50,50,13
Over Votes,State House,18,,Clay,202 - The Springs Church,0,0,0,0
Under Votes,State House,18,,Clay,202 - The Springs Church,53,16,27,10
Registered Voters,,,,Clay,204 - Outreach of America,2967,,,
Ballots Cast,,,,Clay,204 - Outreach of America,1987,377,999,611
Ballots Cast Blank,,,,Clay,204 - Outreach of America,46,5,26,15
Donald J Trump,President ,,REP,Clay,204 - Outreach of America,1164,254,619,291
Joseph R Biden,President ,,DEM,Clay,204 - Outreach of America,789,114,368,307
Jo Jorgensen ,President ,,LPF,Clay,204 - Outreach of America,21,8,5,8
"Roque ""Rocky"" De La Fuente",President ,,REF,Clay,204 - Outreach of America,0,0,0,0
Gloria La Riva ,President ,,PSL,Clay,204 - Outreach of America,3,0,2,1
Howie Hawkins,President ,,GRE,Clay,204 - Outreach of America,2,1,1,0
Don Blankenship,President ,,CPF,Clay,204 - Outreach of America,0,0,0,0
Write-In,President ,,NPA,Clay,204 - Outreach of America,3,0,3,0
Over Votes,President ,,,Clay,204 - Outreach of America,1,0,0,1
Under Votes,President ,,,Clay,204 - Outreach of America,4,0,1,3
Kat Cammack,US House,3,REP,Clay,204 - Outreach of America,1160,260,610,290
Adam Christensen,US House,3,DEM,Clay,204 - Outreach of America,788,112,365,311
Over Votes,US House,3,,Clay,204 - Outreach of America,0,0,0,0
Under Votes,US House,3,,Clay,204 - Outreach of America,39,5,24,10
Jennifer Bradley,State Senate,5,REP,Clay,204 - Outreach of America,1200,263,624,313
Melina Rayna Barratt,State Senate,5,DEM,Clay,204 - Outreach of America,734,106,347,281
Over Votes,State Senate,5,,Clay,204 - Outreach of America,0,0,0,0
Under Votes,State Senate,5,,Clay,204 - Outreach of America,53,8,28,17
Sam Garrison,State House,18,REP,Clay,204 - Outreach of America,1162,252,613,297
Leroy Anthony Edwards,State House,18,DEM,Clay,204 - Outreach of America,700,98,329,273
Ken Willey,State House,18,LPF,Clay,204 - Outreach of America,70,17,28,25
Over Votes,State House,18,,Clay,204 - Outreach of America,0,0,0,0
Under Votes,State House,18,,Clay,204 - Outreach of America,55,10,29,16
Registered Voters,,,,Clay,206 - Orange Park Town,1704,,,
Ballots Cast,,,,Clay,206 - Orange Park Town,1190,219,613,368
Ballots Cast Blank,,,,Clay,206 - Orange Park Town,32,5,18,9
Donald J Trump,President ,,REP,Clay,206 - Orange Park Town,706,136,386,184
Joseph R Biden,President ,,DEM,Clay,206 - Orange Park Town,457,80,204,173
Jo Jorgensen ,President ,,LPF,Clay,206 - Orange Park Town,9,1,6,2
"Roque ""Rocky"" De La Fuente",President ,,REF,Clay,206 - Orange Park Town,1,1,0,0
Gloria La Riva ,President ,,PSL,Clay,206 - Orange Park Town,1,0,1,0
Howie Hawkins,President ,,GRE,Clay,206 - Orange Park Town,3,0,2,1
Don Blankenship,President ,,CPF,Clay,206 - Orange Park Town,0,0,0,0
Write-In,President ,,NPA,Clay,206 - Orange Park Town,5,1,3,1
Over Votes,President ,,,Clay,206 - Orange Park Town,5,0,0,5
Under Votes,President ,,,Clay,206 - Orange Park Town,3,0,1,2
Kat Cammack,US House,3,REP,Clay,206 - Orange Park Town,704,136,381,187
Adam Christensen,US House,3,DEM,Clay,206 - Orange Park Town,455,78,203,174
Over Votes,US House,3,,Clay,206 - Orange Park Town,1,0,0,1
Under Votes,US House,3,,Clay,206 - Orange Park Town,30,5,19,6
Jennifer Bradley,State Senate,5,REP,Clay,206 - Orange Park Town,736,140,398,198
Melina Rayna Barratt,State Senate,5,DEM,Clay,206 - Orange Park Town,412,70,184,158
Over Votes,State Senate,5,,Clay,206 - Orange Park Town,0,0,0,0
Under Votes,State Senate,5,,Clay,206 - Orange Park Town,42,9,21,12
Sam Garrison,State House,18,REP,Clay,206 - Orange Park Town,704,128,387,189
Leroy Anthony Edwards,State House,18,DEM,Clay,206 - Orange Park Town,404,68,179,157
Ken Willey,State House,18,LPF,Clay,206 - Orange Park Town,43,11,16,16
Over Votes,State House,18,,Clay,206 - Orange Park Town,1,0,1,0
Under Votes,State House,18,,Clay,206 - Orange Park Town,38,12,20,6
Registered Voters,,,,Clay,208 - Club Continental ,1669,,,
Ballots Cast,,,,Clay,208 - Club Continental ,1248,225,492,531
Ballots Cast Blank,,,,Clay,208 - Club Continental ,44,4,15,25
Donald J Trump,President ,,REP,Clay,208 - Club Continental ,761,158,329,274
Joseph R Biden,President ,,DEM,Clay,208 - Club Continental ,456,62,155,239
Jo Jorgensen ,President ,,LPF,Clay,208 - Club Continental ,12,3,5,4
"Roque ""Rocky"" De La Fuente",President ,,REF,Clay,208 - Club Continental ,0,0,0,0
Gloria La Riva ,President ,,PSL,Clay,208 - Club Continental ,0,0,0,0
Howie Hawkins,President ,,GRE,Clay,208 - Club Continental ,5,0,2,3
Don Blankenship,President ,,CPF,Clay,208 - Club Continental ,0,0,0,0
Write-In,President ,,NPA,Clay,208 - Club Continental ,5,2,0,3
Over Votes,President ,,,Clay,208 - Club Continental ,6,0,0,6
Under Votes,President ,,,Clay,208 - Club Continental ,3,0,1,2
Kat Cammack,US House,3,REP,Clay,208 - Club Continental ,772,155,332,285
Adam Christensen,US House,3,DEM,Clay,208 - Club Continental ,429,63,147,219
Over Votes,US House,3,,Clay,208 - Club Continental ,0,0,0,0
Under Votes,US House,3,,Clay,208 - Club Continental ,47,7,13,27
Jennifer Bradley,State Senate,5,REP,Clay,208 - Club Continental ,799,162,344,293
Melina Rayna Barratt,State Senate,5,DEM,Clay,208 - Club Continental ,390,54,129,207
Over Votes,State Senate,5,,Clay,208 - Club Continental ,0,0,0,0
Under Votes,State Senate,5,,Clay,208 - Club Continental ,59,9,19,31
Sam Garrison,State House,18,REP,Clay,208 - Club Continental ,772,148,339,285
Leroy Anthony Edwards,State House,18,DEM,Clay,208 - Club Continental ,377,56,127,194
Ken Willey,State House,18,LPF,Clay,208 - Club Continental ,34,13,9,12
Over Votes,State House,18,,Clay,208 - Club Continental ,1,0,0,1
Under Votes,State House,18,,Clay,208 - Club Continental ,64,8,17,39
Registered Voters,,,,Clay,210 - Orange Park Library,3378,,,
Ballots Cast,,,,Clay,210 - Orange Park Library,2544,330,1467,747
Ballots Cast Blank,,,,Clay,210 - Orange Park Library,43,6,24,13
Donald J Trump,President ,,REP,Clay,210 - Orange Park Library,1647,241,1009,397
Joseph R Biden,President ,,DEM,Clay,210 - Orange Park Library,856,75,443,338
Jo Jorgensen ,President ,,LPF,Clay,210 - Orange Park Library,25,7,13,5
"Roque ""Rocky"" De La Fuente",President ,,REF,Clay,210 - Orange Park Library,0,0,0,0
Gloria La Riva ,President ,,PSL,Clay,210 - Orange Park Library,2,1,0,1
Howie Hawkins,President ,,GRE,Clay,210 - Orange Park Library,3,3,0,0
Don Blankenship,President ,,CPF,Clay,210 - Orange Park Library,2,1,0,1
Write-In,President ,,NPA,Clay,210 - Orange Park Library,2,0,0,2
Over Votes,President ,,,Clay,210 - Orange Park Library,3,0,0,3
Under Votes,President ,,,Clay,210 - Orange Park Library,4,2,2,0
Kat Cammack,US House,3,REP,Clay,210 - Orange Park Library,1662,246,1008,408
Adam Christensen,US House,3,DEM,Clay,210 - Orange Park Library,846,74,444,328
Over Votes,US House,3,,Clay,210 - Orange Park Library,1,0,1,0
Under Votes,US House,3,,Clay,210 - Orange Park Library,35,10,14,11
Jennifer Bradley,State Senate,5,REP,Clay,210 - Orange Park Library,1719,253,1031,435
Melina Rayna Barratt,State Senate,5,DEM,Clay,210 - Orange Park Library,763,64,405,294
Over Votes,State Senate,5,,Clay,210 - Orange Park Library,1,0,1,0
Under Votes,State Senate,5,,Clay,210 - Orange Park Library,61,13,30,18
Sam Garrison,State House,18,REP,Clay,210 - Orange Park Library,1660,238,1003,419
Leroy Anthony Edwards,State House,18,DEM,Clay,210 - Orange Park Library,740,61,391,288
Ken Willey,State House,18,LPF,Clay,210 - Orange Park Library,89,20,46,23
Over Votes,State House,18,,Clay,210 - Orange Park Library,0,0,0,0
Under Votes,State House,18,,Clay,210 - Orange Park Library,55,11,27,17
Registered Voters,,,,Clay,216 - Lakeside Church of Chris,4264,,,
Ballots Cast,,,,Clay,216 - Lakeside Church of Chris,3297,695,1695,907
Ballots Cast Blank,,,,Clay,216 - Lakeside Church of Chris,50,7,29,14
Donald J Trump,President ,,REP,Clay,216 - Lakeside Church of Chris,2331,558,1285,488
Joseph R Biden,President ,,DEM,Clay,216 - Lakeside Church of Chris,897,123,379,395
Jo Jorgensen ,President ,,LPF,Clay,216 - Lakeside Church of Chris,43,12,19,12
"Roque ""Rocky"" De La Fuente",President ,,REF,Clay,216 - Lakeside Church of Chris,2,0,1,1
Gloria La Riva ,President ,,PSL,Clay,216 - Lakeside Church of Chris,2,1,1,0
Howie Hawkins,President ,,GRE,Clay,216 - Lakeside Church of Chris,2,0,1,1
Don Blankenship,President ,,CPF,Clay,216 - Lakeside Church of Chris,3,1,2,0
Write-In,President ,,NPA,Clay,216 - Lakeside Church of Chris,6,0,3,3
Over Votes,President ,,,Clay,216 - Lakeside Church of Chris,3,0,0,3
Under Votes,President ,,,Clay,216 - Lakeside Church of Chris,8,0,4,4
Kat Cammack,US House,3,REP,Clay,216 - Lakeside Church of Chris,2350,558,1292,500
Adam Christensen,US House,3,DEM,Clay,216 - Lakeside Church of Chris,890,128,373,389
Over Votes,US House,3,,Clay,216 - Lakeside Church of Chris,0,0,0,0
Under Votes,US House,3,,Clay,216 - Lakeside Church of Chris,57,9,30,18
Jennifer Bradley,State Senate,5,REP,Clay,216 - Lakeside Church of Chris,2427,567,1320,540
Melina Rayna Barratt,State Senate,5,DEM,Clay,216 - Lakeside Church of Chris,776,111,327,338
Over Votes,State Senate,5,,Clay,216 - Lakeside Church of Chris,0,0,0,0
Under Votes,State Senate,5,,Clay,216 - Lakeside Church of Chris,94,17,48,29
Sam Garrison,State House,18,REP,Clay,216 - Lakeside Church of Chris,2348,534,1289,525
Leroy Anthony Edwards,State House,18,DEM,Clay,216 - Lakeside Church of Chris,758,103,322,333
Ken Willey,State House,18,LPF,Clay,216 - Lakeside Church of Chris,117,41,49,27
Over Votes,State House,18,,Clay,216 - Lakeside Church of Chris,0,0,0,0
Under Votes,State House,18,,Clay,216 - Lakeside Church of Chris,74,17,35,22
Registered Voters,,,,Clay,218 - Orange Park Christian Church,3386,,,
Ballots Cast,,,,Clay,218 - Orange Park Christian Church,2556,510,1391,655
Ballots Cast Blank,,,,Clay,218 - Orange Park Christian Church,66,15,35,16
Donald J Trump,President ,,REP,Clay,218 - Orange Park Christian Church,1838,408,1073,357
Joseph R Biden,President ,,DEM,Clay,218 - Orange Park Christian Church,682,94,303,285
Jo Jorgensen ,President ,,LPF,Clay,218 - Orange Park Christian Church,24,6,10,8
"Roque ""Rocky"" De La Fuente",President ,,REF,Clay,218 - Orange Park Christian Church,0,0,0,0
Gloria La Riva ,President ,,PSL,Clay,218 - Orange Park Christian Church,1,1,0,0
Howie Hawkins,President ,,GRE,Clay,218 - Orange Park Christian Church,1,0,1,0
Don Blankenship,President ,,CPF,Clay,218 - Orange Park Christian Church,0,0,0,0
Write-In,President ,,NPA,Clay,218 - Orange Park Christian Church,5,1,2,2
Over Votes,President ,,,Clay,218 - Orange Park Christian Church,1,0,0,1
Under Votes,President ,,,Clay,218 - Orange Park Christian Church,4,0,2,2
Kat Cammack,US House,3,REP,Clay,218 - Orange Park Christian Church,1813,400,1061,352
Adam Christensen,US House,3,DEM,Clay,218 - Orange Park Christian Church,677,93,295,289
Over Votes,US House,3,,Clay,218 - Orange Park Christian Church,0,0,0,0
Under Votes,US House,3,,Clay,218 - Orange Park Christian Church,66,17,35,14
Jennifer Bradley,State Senate,5,REP,Clay,218 - Orange Park Christian Church,1859,407,1084,368
Melina Rayna Barratt,State Senate,5,DEM,Clay,218 - Orange Park Christian Church,602,83,256,263
Over Votes,State Senate,5,,Clay,218 - Orange Park Christian Church,1,0,1,0
Under Votes,State Senate,5,,Clay,218 - Orange Park Christian Church,94,20,50,24
Sam Garrison,State House,18,REP,Clay,218 - Orange Park Christian Church,1785,390,1041,354
Leroy Anthony Edwards,State House,18,DEM,Clay,218 - Orange Park Christian Church,597,82,258,257
Ken Willey,State House,18,LPF,Clay,218 - Orange Park Christian Church,81,14,43,24
Over Votes,State House,18,,Clay,218 - Orange Park Christian Church,0,0,0,0
Under Votes,State House,18,,Clay,218 - Orange Park Christian Church,93,24,49,20
Registered Voters,,,,Clay,302 -  Thrasher - Horne Conf Cntr,4904,,,
Ballots Cast,,,,Clay,302 -  Thrasher - Horne Conf Cntr,3405,656,1812,937
Ballots Cast Blank,,,,Clay,302 -  Thrasher - Horne Conf Cntr,75,20,40,15
Donald J Trump,President ,,REP,Clay,302 -  Thrasher - Horne Conf Cntr,2230,473,1314,443
Joseph R Biden,President ,,DEM,Clay,302 -  Thrasher - Horne Conf Cntr,1104,166,470,468
Jo Jorgensen ,President ,,LPF,Clay,302 -  Thrasher - Horne Conf Cntr,42,10,15,17
"Roque ""Rocky"" De La Fuente",President ,,REF,Clay,302 -  Thrasher - Horne Conf Cntr,1,0,1,0
Gloria La Riva ,President ,,PSL,Clay,302 -  Thrasher - Horne Conf Cntr,3,3,0,0
Howie Hawkins,President ,,GRE,Clay,302 -  Thrasher - Horne Conf Cntr,4,0,4,0
Don Blankenship,President ,,CPF,Clay,302 -  Thrasher - Horne Conf Cntr,2,1,0,1
Write-In,President ,,NPA,Clay,302 -  Thrasher - Horne Conf Cntr,11,2,5,4
Over Votes,President ,,,Clay,302 -  Thrasher - Horne Conf Cntr,2,1,1,0
Under Votes,President ,,,Clay,302 -  Thrasher - Horne Conf Cntr,6,0,2,4
Kat Cammack,US House,3,REP,Clay,302 -  Thrasher - Horne Conf Cntr,2218,463,1301,454
Adam Christensen,US House,3,DEM,Clay,302 -  Thrasher - Horne Conf Cntr,1121,173,479,469
Over Votes,US House,3,,Clay,302 -  Thrasher - Horne Conf Cntr,0,0,0,0
Under Votes,US House,3,,Clay,302 -  Thrasher - Horne Conf Cntr,66,20,32,14
Jennifer Bradley,State Senate,5,REP,Clay,302 -  Thrasher - Horne Conf Cntr,2264,466,1325,473
Melina Rayna Barratt,State Senate,5,DEM,Clay,302 -  Thrasher - Horne Conf Cntr,1049,171,444,434
Over Votes,State Senate,5,,Clay,302 -  Thrasher - Horne Conf Cntr,0,0,0,0
Under Votes,State Senate,5,,Clay,302 -  Thrasher - Horne Conf Cntr,92,19,43,30
Sam Garrison,State House,18,REP,Clay,302 -  Thrasher - Horne Conf Cntr,2199,453,1294,452
Leroy Anthony Edwards,State House,18,DEM,Clay,302 -  Thrasher - Horne Conf Cntr,983,150,418,415
Ken Willey,State House,18,LPF,Clay,302 -  Thrasher - Horne Conf Cntr,130,31,56,43
Over Votes,State House,18,,Clay,302 -  Thrasher - Horne Conf Cntr,0,0,0,0
Under Votes,State House,18,,Clay,302 -  Thrasher - Horne Conf Cntr,93,22,44,27
Registered Voters,,,,Clay,304 - Clay county Salvation Ar,4398,,,
Ballots Cast,,,,Clay,304 - Clay county Salvation Ar,3235,645,1734,856
Ballots Cast Blank,,,,Clay,304 - Clay county Salvation Ar,99,22,57,20
Donald J Trump,President ,,REP,Clay,304 - Clay county Salvation Ar,2133,482,1233,418
Joseph R Biden,President ,,DEM,Clay,304 - Clay county Salvation Ar,1033,153,470,410
Jo Jorgensen ,President ,,LPF,Clay,304 - Clay county Salvation Ar,33,3,16,14
"Roque ""Rocky"" De La Fuente",President ,,REF,Clay,304 - Clay county Salvation Ar,5,0,3,2
Gloria La Riva ,President ,,PSL,Clay,304 - Clay county Salvation Ar,3,0,2,1
Howie Hawkins,President ,,GRE,Clay,304 - Clay county Salvation Ar,3,1,1,1
Don Blankenship,President ,,CPF,Clay,304 - Clay county Salvation Ar,0,0,0,0
Write-In,President ,,NPA,Clay,304 - Clay county Salvation Ar,9,3,4,2
Over Votes,President ,,,Clay,304 - Clay county Salvation Ar,7,1,1,5
Under Votes,President ,,,Clay,304 - Clay county Salvation Ar,9,2,4,3
Kat Cammack,US House,3,REP,Clay,304 - Clay county Salvation Ar,2098,468,1219,411
Adam Christensen,US House,3,DEM,Clay,304 - Clay county Salvation Ar,1049,161,471,417
Over Votes,US House,3,,Clay,304 - Clay county Salvation Ar,2,0,2,0
Under Votes,US House,3,,Clay,304 - Clay county Salvation Ar,86,16,42,28
Jennifer Bradley,State Senate,5,REP,Clay,304 - Clay county Salvation Ar,2161,475,1242,444
Melina Rayna Barratt,State Senate,5,DEM,Clay,304 - Clay county Salvation Ar,965,148,440,377
Over Votes,State Senate,5,,Clay,304 - Clay county Salvation Ar,0,0,0,0
Under Votes,State Senate,5,,Clay,304 - Clay county Salvation Ar,109,22,52,35
Sam Garrison,State House,18,REP,Clay,304 - Clay county Salvation Ar,2089,460,1201,428
Leroy Anthony Edwards,State House,18,DEM,Clay,304 - Clay county Salvation Ar,935,138,426,371
Ken Willey,State House,18,LPF,Clay,304 - Clay county Salvation Ar,94,25,50,19
Over Votes,State House,18,,Clay,304 - Clay county Salvation Ar,0,0,0,0
Under Votes,State House,18,,Clay,304 - Clay county Salvation Ar,117,22,57,38
Registered Voters,,,,Clay,308 - Frat Order of Police #10,3137,,,
Ballots Cast,,,,Clay,308 - Frat Order of Police #10,2276,426,1295,555
Ballots Cast Blank,,,,Clay,308 - Frat Order of Police #10,55,15,23,17
Donald J Trump,President ,,REP,Clay,308 - Frat Order of Police #10,1521,321,922,278
Joseph R Biden,President ,,DEM,Clay,308 - Frat Order of Police #10,721,97,358,266
Jo Jorgensen ,President ,,LPF,Clay,308 - Frat Order of Police #10,21,6,9,6
"Roque ""Rocky"" De La Fuente",President ,,REF,Clay,308 - Frat Order of Police #10,3,2,0,1
Gloria La Riva ,President ,,PSL,Clay,308 - Frat Order of Police #10,0,0,0,0
Howie Hawkins,President ,,GRE,Clay,308 - Frat Order of Police #10,3,0,3,0
Don Blankenship,President ,,CPF,Clay,308 - Frat Order of Police #10,1,0,1,0
Write-In,President ,,NPA,Clay,308 - Frat Order of Police #10,3,0,0,3
Over Votes,President ,,,Clay,308 - Frat Order of Police #10,0,0,0,0
Under Votes,President ,,,Clay,308 - Frat Order of Police #10,3,0,2,1
Kat Cammack,US House,3,REP,Clay,308 - Frat Order of Police #10,1489,314,903,272
Adam Christensen,US House,3,DEM,Clay,308 - Frat Order of Police #10,723,95,363,265
Over Votes,US House,3,,Clay,308 - Frat Order of Police #10,1,1,0,0
Under Votes,US House,3,,Clay,308 - Frat Order of Police #10,63,16,29,18
Jennifer Bradley,State Senate,5,REP,Clay,308 - Frat Order of Police #10,1539,320,923,296
Melina Rayna Barratt,State Senate,5,DEM,Clay,308 - Frat Order of Police #10,668,89,338,241
Over Votes,State Senate,5,,Clay,308 - Frat Order of Police #10,0,0,0,0
Under Votes,State Senate,5,,Clay,308 - Frat Order of Police #10,69,17,34,18
Sam Garrison,State House,18,REP,Clay,308 - Frat Order of Police #10,1478,303,896,279
Leroy Anthony Edwards,State House,18,DEM,Clay,308 - Frat Order of Police #10,644,86,320,238
Ken Willey,State House,18,LPF,Clay,308 - Frat Order of Police #10,71,18,36,17
Over Votes,State House,18,,Clay,308 - Frat Order of Police #10,0,0,0,0
Under Votes,State House,18,,Clay,308 - Frat Order of Police #10,83,19,43,21
Registered Voters,,,,Clay,310 - Clay County Shrine Club,3093,,,
Ballots Cast,,,,Clay,310 - Clay County Shrine Club,2451,552,1330,569
Ballots Cast Blank,,,,Clay,310 - Clay County Shrine Club,60,12,37,11
Donald J Trump,President ,,REP,Clay,310 - Clay County Shrine Club,1906,476,1081,349
Joseph R Biden,President ,,DEM,Clay,310 - Clay County Shrine Club,497,62,230,205
Jo Jorgensen ,President ,,LPF,Clay,310 - Clay County Shrine Club,24,11,8,5
"Roque ""Rocky"" De La Fuente",President ,,REF,Clay,310 - Clay County Shrine Club,2,1,0,1
Gloria La Riva ,President ,,PSL,Clay,310 - Clay County Shrine Club,1,0,0,1
Howie Hawkins,President ,,GRE,Clay,310 - Clay County Shrine Club,4,1,3,0
Don Blankenship,President ,,CPF,Clay,310 - Clay County Shrine Club,1,0,1,0
Write-In,President ,,NPA,Clay,310 - Clay County Shrine Club,8,0,5,3
Over Votes,President ,,,Clay,310 - Clay County Shrine Club,5,0,2,3
Under Votes,President ,,,Clay,310 - Clay County Shrine Club,3,1,0,2
Kat Cammack,US House,3,REP,Clay,310 - Clay County Shrine Club,1885,470,1066,349
Adam Christensen,US House,3,DEM,Clay,310 - Clay County Shrine Club,517,71,238,208
Over Votes,US House,3,,Clay,310 - Clay County Shrine Club,0,0,0,0
Under Votes,US House,3,,Clay,310 - Clay County Shrine Club,49,11,26,12
Jennifer Bradley,State Senate,5,REP,Clay,310 - Clay County Shrine Club,1938,481,1081,376
Melina Rayna Barratt,State Senate,5,DEM,Clay,310 - Clay County Shrine Club,448,55,213,180
Over Votes,State Senate,5,,Clay,310 - Clay County Shrine Club,0,0,0,0
Under Votes,State Senate,5,,Clay,310 - Clay County Shrine Club,65,16,36,13
Sam Garrison,State House,18,REP,Clay,310 - Clay County Shrine Club,1895,476,1060,359
Leroy Anthony Edwards,State House,18,DEM,Clay,310 - Clay County Shrine Club,435,49,203,183
Ken Willey,State House,18,LPF,Clay,310 - Clay County Shrine Club,60,14,35,11
Over Votes,State House,18,,Clay,310 - Clay County Shrine Club,0,0,0,0
Under Votes,State House,18,,Clay,310 - Clay County Shrine Club,61,13,32,16
Registered Voters,,,,Clay,400 - Orange Cove 7th Day Adv,2824,,,
Ballots Cast,,,,Clay,400 - Orange Cove 7th Day Adv,2327,289,1328,710
Ballots Cast Blank,,,,Clay,400 - Orange Cove 7th Day Adv,59,10,37,12
Donald J Trump,President ,,REP,Clay,400 - Orange Cove 7th Day Adv,1700,242,1054,404
Joseph R Biden,President ,,DEM,Clay,400 - Orange Cove 7th Day Adv,592,40,259,293
Jo Jorgensen ,President ,,LPF,Clay,400 - Orange Cove 7th Day Adv,18,6,6,6
"Roque ""Rocky"" De La Fuente",President ,,REF,Clay,400 - Orange Cove 7th Day Adv,0,0,0,0
Gloria La Riva ,President ,,PSL,Clay,400 - Orange Cove 7th Day Adv,0,0,0,0
Howie Hawkins,President ,,GRE,Clay,400 - Orange Cove 7th Day Adv,2,0,1,1
Don Blankenship,President ,,CPF,Clay,400 - Orange Cove 7th Day Adv,2,1,0,1
Write-In,President ,,NPA,Clay,400 - Orange Cove 7th Day Adv,5,0,2,3
Over Votes,President ,,,Clay,400 - Orange Cove 7th Day Adv,1,0,1,0
Under Votes,President ,,,Clay,400 - Orange Cove 7th Day Adv,7,0,5,2
Kat Cammack,US House,3,REP,Clay,400 - Orange Cove 7th Day Adv,1690,240,1040,410
Adam Christensen,US House,3,DEM,Clay,400 - Orange Cove 7th Day Adv,584,42,256,286
Over Votes,US House,3,,Clay,400 - Orange Cove 7th Day Adv,0,0,0,0
Under Votes,US House,3,,Clay,400 - Orange Cove 7th Day Adv,53,7,32,14
Jennifer Bradley,State Senate,5,REP,Clay,400 - Orange Cove 7th Day Adv,1764,244,1086,434
Melina Rayna Barratt,State Senate,5,DEM,Clay,400 - Orange Cove 7th Day Adv,487,36,202,249
Over Votes,State Senate,5,,Clay,400 - Orange Cove 7th Day Adv,0,0,0,0
Under Votes,State Senate,5,,Clay,400 - Orange Cove 7th Day Adv,76,9,40,27
Sam Garrison,State House,18,REP,Clay,400 - Orange Cove 7th Day Adv,1733,233,1065,435
Leroy Anthony Edwards,State House,18,DEM,Clay,400 - Orange Cove 7th Day Adv,472,33,200,239
Ken Willey,State House,18,LPF,Clay,400 - Orange Cove 7th Day Adv,44,12,22,10
Over Votes,State House,18,,Clay,400 - Orange Cove 7th Day Adv,0,0,0,0
Under Votes,State House,18,,Clay,400 - Orange Cove 7th Day Adv,78,11,41,26
Registered Voters,,,,Clay,406 - Eagle Harbor Soccer Club,2640,,,
Ballots Cast,,,,Clay,406 - Eagle Harbor Soccer Club,2187,295,1205,687
Ballots Cast Blank,,,,Clay,406 - Eagle Harbor Soccer Club,59,12,27,20
Donald J Trump,President ,,REP,Clay,406 - Eagle Harbor Soccer Club,1485,230,919,336
Joseph R Biden,President ,,DEM,Clay,406 - Eagle Harbor Soccer Club,670,54,279,337
Jo Jorgensen ,President ,,LPF,Clay,406 - Eagle Harbor Soccer Club,15,7,3,5
"Roque ""Rocky"" De La Fuente",President ,,REF,Clay,406 - Eagle Harbor Soccer Club,0,0,0,0
Gloria La Riva ,President ,,PSL,Clay,406 - Eagle Harbor Soccer Club,1,1,0,0
Howie Hawkins,President ,,GRE,Clay,406 - Eagle Harbor Soccer Club,3,0,1,2
Don Blankenship,President ,,CPF,Clay,406 - Eagle Harbor Soccer Club,0,0,0,0
Write-In,President ,,NPA,Clay,406 - Eagle Harbor Soccer Club,7,2,1,4
Over Votes,President ,,,Clay,406 - Eagle Harbor Soccer Club,1,0,0,1
Under Votes,President ,,,Clay,406 - Eagle Harbor Soccer Club,5,1,2,2
Kat Cammack,US House,3,REP,Clay,406 - Eagle Harbor Soccer Club,1510,233,919,358
Adam Christensen,US House,3,DEM,Clay,406 - Eagle Harbor Soccer Club,628,53,261,314
Over Votes,US House,3,,Clay,406 - Eagle Harbor Soccer Club,0,0,0,0
Under Votes,US House,3,,Clay,406 - Eagle Harbor Soccer Club,49,9,25,15
Jennifer Bradley,State Senate,5,REP,Clay,406 - Eagle Harbor Soccer Club,1576,233,956,387
Melina Rayna Barratt,State Senate,5,DEM,Clay,406 - Eagle Harbor Soccer Club,544,54,209,281
Over Votes,State Senate,5,,Clay,406 - Eagle Harbor Soccer Club,0,0,0,0
Under Votes,State Senate,5,,Clay,406 - Eagle Harbor Soccer Club,67,8,40,19
Sam Garrison,State House,18,REP,Clay,406 - Eagle Harbor Soccer Club,1537,223,934,380
Leroy Anthony Edwards,State House,18,DEM,Clay,406 - Eagle Harbor Soccer Club,530,54,202,274
Ken Willey,State House,18,LPF,Clay,406 - Eagle Harbor Soccer Club,52,9,28,15
Over Votes,State House,18,,Clay,406 - Eagle Harbor Soccer Club,0,0,0,0
Under Votes,State House,18,,Clay,406 - Eagle Harbor Soccer Club,68,9,41,18
Registered Voters,,,,Clay,408 - Crossroad Luth Chur,4606,,,
Ballots Cast,,,,Clay,408 - Crossroad Luth Chur,3898,527,2227,1144
Ballots Cast Blank,,,,Clay,408 - Crossroad Luth Chur,102,27,47,28
Donald J Trump,President ,,REP,Clay,408 - Crossroad Luth Chur,2733,420,1738,575
Joseph R Biden,President ,,DEM,Clay,408 - Crossroad Luth Chur,1112,94,465,553
Jo Jorgensen ,President ,,LPF,Clay,408 - Crossroad Luth Chur,28,5,14,9
"Roque ""Rocky"" De La Fuente",President ,,REF,Clay,408 - Crossroad Luth Chur,0,0,0,0
Gloria La Riva ,President ,,PSL,Clay,408 - Crossroad Luth Chur,0,0,0,0
Howie Hawkins,President ,,GRE,Clay,408 - Crossroad Luth Chur,3,2,1,0
Don Blankenship,President ,,CPF,Clay,408 - Crossroad Luth Chur,2,0,1,1
Write-In,President ,,NPA,Clay,408 - Crossroad Luth Chur,10,4,4,2
Over Votes,President ,,,Clay,408 - Crossroad Luth Chur,0,0,0,0
Under Votes,President ,,,Clay,408 - Crossroad Luth Chur,10,2,4,4
Kat Cammack,US House,3,REP,Clay,408 - Crossroad Luth Chur,2745,421,1734,590
Adam Christensen,US House,3,DEM,Clay,408 - Crossroad Luth Chur,1038,83,437,518
Over Votes,US House,3,,Clay,408 - Crossroad Luth Chur,2,0,2,0
Under Votes,US House,3,,Clay,408 - Crossroad Luth Chur,113,23,54,36
Jennifer Bradley,State Senate,5,REP,Clay,408 - Crossroad Luth Chur,2849,426,1779,644
Melina Rayna Barratt,State Senate,5,DEM,Clay,408 - Crossroad Luth Chur,905,73,381,451
Over Votes,State Senate,5,,Clay,408 - Crossroad Luth Chur,0,0,0,0
Under Votes,State Senate,5,,Clay,408 - Crossroad Luth Chur,144,28,67,49
Sam Garrison,State House,18,REP,Clay,408 - Crossroad Luth Chur,2788,413,1739,636
Leroy Anthony Edwards,State House,18,DEM,Clay,408 - Crossroad Luth Chur,872,64,372,436
Ken Willey,State House,18,LPF,Clay,408 - Crossroad Luth Chur,89,19,40,30
Over Votes,State House,18,,Clay,408 - Crossroad Luth Chur,0,0,0,0
Under Votes,State House,18,,Clay,408 - Crossroad Luth Chur,149,31,76,42
Registered Voters,,,,Clay,410 - Fleming Island Splsh Pk,8059,,,
Ballots Cast,,,,Clay,410 - Fleming Island Splsh Pk,6338,770,3790,1778
Ballots Cast Blank,,,,Clay,410 - Fleming Island Splsh Pk,165,28,104,33
Donald J Trump,President ,,REP,Clay,410 - Fleming Island Splsh Pk,4041,523,2685,833
Joseph R Biden,President ,,DEM,Clay,410 - Fleming Island Splsh Pk,2185,219,1047,919
Jo Jorgensen ,President ,,LPF,Clay,410 - Fleming Island Splsh Pk,68,17,35,16
"Roque ""Rocky"" De La Fuente",President ,,REF,Clay,410 - Fleming Island Splsh Pk,2,0,1,1
Gloria La Riva ,President ,,PSL,Clay,410 - Fleming Island Splsh Pk,5,2,2,1
Howie Hawkins,President ,,GRE,Clay,410 - Fleming Island Splsh Pk,4,1,1,2
Don Blankenship,President ,,CPF,Clay,410 - Fleming Island Splsh Pk,4,1,2,1
Write-In,President ,,NPA,Clay,410 - Fleming Island Splsh Pk,16,4,11,1
Over Votes,President ,,,Clay,410 - Fleming Island Splsh Pk,3,0,0,3
Under Votes,President ,,,Clay,410 - Fleming Island Splsh Pk,10,3,6,1
Kat Cammack,US House,3,REP,Clay,410 - Fleming Island Splsh Pk,4080,535,2714,831
Adam Christensen,US House,3,DEM,Clay,410 - Fleming Island Splsh Pk,2067,200,986,881
Over Votes,US House,3,,Clay,410 - Fleming Island Splsh Pk,2,0,2,0
Under Votes,US House,3,,Clay,410 - Fleming Island Splsh Pk,189,35,88,66
Jennifer Bradley,State Senate,5,REP,Clay,410 - Fleming Island Splsh Pk,4251,556,2780,915
Melina Rayna Barratt,State Senate,5,DEM,Clay,410 - Fleming Island Splsh Pk,1859,177,893,789
Over Votes,State Senate,5,,Clay,410 - Fleming Island Splsh Pk,0,0,0,0
Under Votes,State Senate,5,,Clay,410 - Fleming Island Splsh Pk,228,37,117,74
Sam Garrison,State House,18,REP,Clay,410 - Fleming Island Splsh Pk,4105,524,2706,875
Leroy Anthony Edwards,State House,18,DEM,Clay,410 - Fleming Island Splsh Pk,1794,166,862,766
Ken Willey,State House,18,LPF,Clay,410 - Fleming Island Splsh Pk,202,37,103,62
Over Votes,State House,18,,Clay,410 - Fleming Island Splsh Pk,0,0,0,0
Under Votes,State House,18,,Clay,410 - Fleming Island Splsh Pk,237,43,119,75
Registered Voters,,,,Clay,412 - River Christian Church,3624,,,
Ballots Cast,,,,Clay,412 - River Christian Church,3030,364,1768,898
Ballots Cast Blank,,,,Clay,412 - River Christian Church,62,8,37,17
Donald J Trump,President ,,REP,Clay,412 - River Christian Church,2330,314,1498,518
Joseph R Biden,President ,,DEM,Clay,412 - River Christian Church,666,44,255,367
Jo Jorgensen ,President ,,LPF,Clay,412 - River Christian Church,14,5,6,3
"Roque ""Rocky"" De La Fuente",President ,,REF,Clay,412 - River Christian Church,0,0,0,0
Gloria La Riva ,President ,,PSL,Clay,412 - River Christian Church,1,0,0,1
Howie Hawkins,President ,,GRE,Clay,412 - River Christian Church,2,0,2,0
Don Blankenship,President ,,CPF,Clay,412 - River Christian Church,0,0,0,0
Write-In,President ,,NPA,Clay,412 - River Christian Church,4,1,3,0
Over Votes,President ,,,Clay,412 - River Christian Church,1,0,1,0
Under Votes,President ,,,Clay,412 - River Christian Church,12,0,3,9
Kat Cammack,US House,3,REP,Clay,412 - River Christian Church,2324,313,1481,530
Adam Christensen,US House,3,DEM,Clay,412 - River Christian Church,652,45,263,344
Over Votes,US House,3,,Clay,412 - River Christian Church,0,0,0,0
Under Votes,US House,3,,Clay,412 - River Christian Church,54,6,24,24
Jennifer Bradley,State Senate,5,REP,Clay,412 - River Christian Church,2382,312,1509,561
Melina Rayna Barratt,State Senate,5,DEM,Clay,412 - River Christian Church,575,44,225,306
Over Votes,State Senate,5,,Clay,412 - River Christian Church,0,0,0,0
Under Votes,State Senate,5,,Clay,412 - River Christian Church,73,8,34,31
Sam Garrison,State House,18,REP,Clay,412 - River Christian Church,2329,303,1479,547
Leroy Anthony Edwards,State House,18,DEM,Clay,412 - River Christian Church,542,32,213,297
Ken Willey,State House,18,LPF,Clay,412 - River Christian Church,70,15,31,24
Over Votes,State House,18,,Clay,412 - River Christian Church,0,0,0,0
Under Votes,State House,18,,Clay,412 - River Christian Church,89,14,45,30
Registered Voters,,,,Clay,414 - Hibernia Baptist Church,3159,,,
Ballots Cast,,,,Clay,414 - Hibernia Baptist Church,2505,314,1493,698
Ballots Cast Blank,,,,Clay,414 - Hibernia Baptist Church,47,12,31,4
Donald J Trump,President ,,REP,Clay,414 - Hibernia Baptist Church,1704,250,1129,325
Joseph R Biden,President ,,DEM,Clay,414 - Hibernia Baptist Church,733,51,340,342
Jo Jorgensen ,President ,,LPF,Clay,414 - Hibernia Baptist Church,38,10,13,15
"Roque ""Rocky"" De La Fuente",President ,,REF,Clay,414 - Hibernia Baptist Church,0,0,0,0
Gloria La Riva ,President ,,PSL,Clay,414 - Hibernia Baptist Church,1,0,1,0
Howie Hawkins,President ,,GRE,Clay,414 - Hibernia Baptist Church,3,1,1,1
Don Blankenship,President ,,CPF,Clay,414 - Hibernia Baptist Church,2,0,1,1
Write-In,President ,,NPA,Clay,414 - Hibernia Baptist Church,10,1,4,5
Over Votes,President ,,,Clay,414 - Hibernia Baptist Church,4,0,0,4
Under Votes,President ,,,Clay,414 - Hibernia Baptist Church,10,1,4,5
Kat Cammack,US House,3,REP,Clay,414 - Hibernia Baptist Church,1726,249,1132,345
Adam Christensen,US House,3,DEM,Clay,414 - Hibernia Baptist Church,718,49,330,339
Over Votes,US House,3,,Clay,414 - Hibernia Baptist Church,1,0,1,0
Under Votes,US House,3,,Clay,414 - Hibernia Baptist Church,60,16,30,14
Jennifer Bradley,State Senate,5,REP,Clay,414 - Hibernia Baptist Church,1780,247,1153,380
Melina Rayna Barratt,State Senate,5,DEM,Clay,414 - Hibernia Baptist Church,647,46,303,298
Over Votes,State Senate,5,,Clay,414 - Hibernia Baptist Church,0,0,0,0
Under Votes,State Senate,5,,Clay,414 - Hibernia Baptist Church,78,21,37,20
Sam Garrison,State House,18,REP,Clay,414 - Hibernia Baptist Church,1706,238,1110,358
Leroy Anthony Edwards,State House,18,DEM,Clay,414 - Hibernia Baptist Church,626,38,290,298
Ken Willey,State House,18,LPF,Clay,414 - Hibernia Baptist Church,88,14,48,26
Over Votes,State House,18,,Clay,414 - Hibernia Baptist Church,0,0,0,0
Under Votes,State House,18,,Clay,414 - Hibernia Baptist Church,85,24,45,16
Registered Voters,,,,Clay,500 - Pinewood Presb Chur,3824,,,
Ballots Cast,,,,Clay,500 - Pinewood Presb Chur,2666,582,1400,684
Ballots Cast Blank,,,,Clay,500 - Pinewood Presb Chur,49,16,26,7
Donald J Trump,President ,,REP,Clay,500 - Pinewood Presb Chur,1779,443,978,358
Joseph R Biden,President ,,DEM,Clay,500 - Pinewood Presb Chur,817,118,399,300
Jo Jorgensen ,President ,,LPF,Clay,500 - Pinewood Presb Chur,49,20,15,14
"Roque ""Rocky"" De La Fuente",President ,,REF,Clay,500 - Pinewood Presb Chur,1,0,0,1
Gloria La Riva ,President ,,PSL,Clay,500 - Pinewood Presb Chur,1,0,0,1
Howie Hawkins,President ,,GRE,Clay,500 - Pinewood Presb Chur,3,0,1,2
Don Blankenship,President ,,CPF,Clay,500 - Pinewood Presb Chur,0,0,0,0
Write-In,President ,,NPA,Clay,500 - Pinewood Presb Chur,5,1,1,3
Over Votes,President ,,,Clay,500 - Pinewood Presb Chur,7,0,2,5
Under Votes,President ,,,Clay,500 - Pinewood Presb Chur,4,0,4,0
Kat Cammack,US House,3,REP,Clay,500 - Pinewood Presb Chur,1786,437,983,366
Adam Christensen,US House,3,DEM,Clay,500 - Pinewood Presb Chur,823,124,397,302
Over Votes,US House,3,,Clay,500 - Pinewood Presb Chur,0,0,0,0
Under Votes,US House,3,,Clay,500 - Pinewood Presb Chur,57,21,20,16
Jennifer Bradley,State Senate,5,REP,Clay,500 - Pinewood Presb Chur,1824,438,1002,384
Melina Rayna Barratt,State Senate,5,DEM,Clay,500 - Pinewood Presb Chur,764,115,374,275
Over Votes,State Senate,5,,Clay,500 - Pinewood Presb Chur,0,0,0,0
Under Votes,State Senate,5,,Clay,500 - Pinewood Presb Chur,78,29,24,25
Sam Garrison,State House,18,REP,Clay,500 - Pinewood Presb Chur,1755,417,980,358
Leroy Anthony Edwards,State House,18,DEM,Clay,500 - Pinewood Presb Chur,726,104,354,268
Ken Willey,State House,18,LPF,Clay,500 - Pinewood Presb Chur,113,38,42,33
Over Votes,State House,18,,Clay,500 - Pinewood Presb Chur,1,0,0,1
Under Votes,State House,18,,Clay,500 - Pinewood Presb Chur,71,23,24,24
Registered Voters,,,,Clay,503 -  American Legion,1613,,,
Ballots Cast,,,,Clay,503 -  American Legion,1300,274,717,309
Ballots Cast Blank,,,,Clay,503 -  American Legion,25,12,9,4
Donald J Trump,President ,,REP,Clay,503 -  American Legion,997,228,575,194
Joseph R Biden,President ,,DEM,Clay,503 -  American Legion,282,41,130,111
Jo Jorgensen ,President ,,LPF,Clay,503 -  American Legion,13,3,7,3
"Roque ""Rocky"" De La Fuente",President ,,REF,Clay,503 -  American Legion,1,1,0,0
Gloria La Riva ,President ,,PSL,Clay,503 -  American Legion,0,0,0,0
Howie Hawkins,President ,,GRE,Clay,503 -  American Legion,2,0,2,0
Don Blankenship,President ,,CPF,Clay,503 -  American Legion,1,0,1,0
Write-In,President ,,NPA,Clay,503 -  American Legion,2,0,1,1
Over Votes,President ,,,Clay,503 -  American Legion,0,0,0,0
Under Votes,President ,,,Clay,503 -  American Legion,2,1,1,0
Kat Cammack,US House,3,REP,Clay,503 -  American Legion,984,224,566,194
Adam Christensen,US House,3,DEM,Clay,503 -  American Legion,290,42,142,106
Over Votes,US House,3,,Clay,503 -  American Legion,0,0,0,0
Under Votes,US House,3,,Clay,503 -  American Legion,26,8,9,9
Jennifer Bradley,State Senate,5,REP,Clay,503 -  American Legion,1006,221,577,208
Melina Rayna Barratt,State Senate,5,DEM,Clay,503 -  American Legion,258,39,125,94
Over Votes,State Senate,5,,Clay,503 -  American Legion,0,0,0,0
Under Votes,State Senate,5,,Clay,503 -  American Legion,36,14,15,7
Sam Garrison,State House,18,REP,Clay,503 -  American Legion,985,219,568,198
Leroy Anthony Edwards,State House,18,DEM,Clay,503 -  American Legion,242,35,114,93
Ken Willey,State House,18,LPF,Clay,503 -  American Legion,40,7,21,12
Over Votes,State House,18,,Clay,503 -  American Legion,0,0,0,0
Under Votes,State House,18,,Clay,503 -  American Legion,33,13,14,6
Registered Voters,,,,Clay,504 - Lake Asbury Comm Cntr,2621,,,
Ballots Cast,,,,Clay,504 - Lake Asbury Comm Cntr,2222,681,1039,502
Ballots Cast Blank,,,,Clay,504 - Lake Asbury Comm Cntr,38,10,16,12
Donald J Trump,President ,,REP,Clay,504 - Lake Asbury Comm Cntr,1891,626,920,345
Joseph R Biden,President ,,DEM,Clay,504 - Lake Asbury Comm Cntr,305,46,109,150
Jo Jorgensen ,President ,,LPF,Clay,504 - Lake Asbury Comm Cntr,11,3,3,5
"Roque ""Rocky"" De La Fuente",President ,,REF,Clay,504 - Lake Asbury Comm Cntr,0,0,0,0
Gloria La Riva ,President ,,PSL,Clay,504 - Lake Asbury Comm Cntr,0,0,0,0
Howie Hawkins,President ,,GRE,Clay,504 - Lake Asbury Comm Cntr,4,3,1,0
Don Blankenship,President ,,CPF,Clay,504 - Lake Asbury Comm Cntr,2,0,1,1
Write-In,President ,,NPA,Clay,504 - Lake Asbury Comm Cntr,2,0,1,1
Over Votes,President ,,,Clay,504 - Lake Asbury Comm Cntr,1,1,0,0
Under Votes,President ,,,Clay,504 - Lake Asbury Comm Cntr,6,2,4,0
Kat Cammack,US House,3,REP,Clay,504 - Lake Asbury Comm Cntr,1881,624,908,349
Adam Christensen,US House,3,DEM,Clay,504 - Lake Asbury Comm Cntr,297,47,107,143
Over Votes,US House,3,,Clay,504 - Lake Asbury Comm Cntr,0,0,0,0
Under Votes,US House,3,,Clay,504 - Lake Asbury Comm Cntr,44,10,24,10
Jennifer Bradley,State Senate,5,REP,Clay,504 - Lake Asbury Comm Cntr,1907,629,920,358
Melina Rayna Barratt,State Senate,5,DEM,Clay,504 - Lake Asbury Comm Cntr,257,36,91,130
Over Votes,State Senate,5,,Clay,504 - Lake Asbury Comm Cntr,0,0,0,0
Under Votes,State Senate,5,,Clay,504 - Lake Asbury Comm Cntr,58,16,28,14
Sam Garrison,State House,18,REP,Clay,504 - Lake Asbury Comm Cntr,1877,615,911,351
Leroy Anthony Edwards,State House,18,DEM,Clay,504 - Lake Asbury Comm Cntr,232,25,80,127
Ken Willey,State House,18,LPF,Clay,504 - Lake Asbury Comm Cntr,50,25,17,8
Over Votes,State House,18,,Clay,504 - Lake Asbury Comm Cntr,0,0,0,0
Under Votes,State House,18,,Clay,504 - Lake Asbury Comm Cntr,63,16,31,16
Registered Voters,,,,Clay,506 - Black Creek Church,2303,,,
Ballots Cast,,,,Clay,506 - Black Creek Church,1799,467,933,399
Ballots Cast Blank,,,,Clay,506 - Black Creek Church,39,11,26,2
Donald J Trump,President ,,REP,Clay,506 - Black Creek Church,1479,409,807,263
Joseph R Biden,President ,,DEM,Clay,506 - Black Creek Church,294,50,118,126
Jo Jorgensen ,President ,,LPF,Clay,506 - Black Creek Church,14,5,5,4
"Roque ""Rocky"" De La Fuente",President ,,REF,Clay,506 - Black Creek Church,0,0,0,0
Gloria La Riva ,President ,,PSL,Clay,506 - Black Creek Church,1,0,1,0
Howie Hawkins,President ,,GRE,Clay,506 - Black Creek Church,3,1,1,1
Don Blankenship,President ,,CPF,Clay,506 - Black Creek Church,1,0,0,1
Write-In,President ,,NPA,Clay,506 - Black Creek Church,3,2,1,0
Over Votes,President ,,,Clay,506 - Black Creek Church,3,0,0,3
Under Votes,President ,,,Clay,506 - Black Creek Church,1,0,0,1
Kat Cammack,US House,3,REP,Clay,506 - Black Creek Church,1450,405,790,255
Adam Christensen,US House,3,DEM,Clay,506 - Black Creek Church,309,52,124,133
Over Votes,US House,3,,Clay,506 - Black Creek Church,0,0,0,0
Under Votes,US House,3,,Clay,506 - Black Creek Church,40,10,19,11
Jennifer Bradley,State Senate,5,REP,Clay,506 - Black Creek Church,1467,402,798,267
Melina Rayna Barratt,State Senate,5,DEM,Clay,506 - Black Creek Church,276,50,107,119
Over Votes,State Senate,5,,Clay,506 - Black Creek Church,0,0,0,0
Under Votes,State Senate,5,,Clay,506 - Black Creek Church,56,15,28,13
Bobby Payne,State House,19,REP,Clay,506 - Black Creek Church,1431,389,786,256
Kimberly Dugger,State House,19,DEM,Clay,506 - Black Creek Church,315,61,124,130
Over Votes,State House,19,,Clay,506 - Black Creek Church,0,0,0,0
Under Votes,State House,19,,Clay,506 - Black Creek Church,53,17,23,13
Registered Voters,,,,Clay,508 - South Middleburg Bapt Ch,3841,,,
Ballots Cast,,,,Clay,508 - South Middleburg Bapt Ch,3045,750,1666,629
Ballots Cast Blank,,,,Clay,508 - South Middleburg Bapt Ch,62,22,32,8
Donald J Trump,President ,,REP,Clay,508 - South Middleburg Bapt Ch,2588,670,1497,421
Joseph R Biden,President ,,DEM,Clay,508 - South Middleburg Bapt Ch,409,62,153,194
Jo Jorgensen ,President ,,LPF,Clay,508 - South Middleburg Bapt Ch,31,14,12,5
"Roque ""Rocky"" De La Fuente",President ,,REF,Clay,508 - South Middleburg Bapt Ch,0,0,0,0
Gloria La Riva ,President ,,PSL,Clay,508 - South Middleburg Bapt Ch,0,0,0,0
Howie Hawkins,President ,,GRE,Clay,508 - South Middleburg Bapt Ch,1,0,1,0
Don Blankenship,President ,,CPF,Clay,508 - South Middleburg Bapt Ch,4,2,0,2
Write-In,President ,,NPA,Clay,508 - South Middleburg Bapt Ch,8,2,2,4
Over Votes,President ,,,Clay,508 - South Middleburg Bapt Ch,2,0,0,2
Under Votes,President ,,,Clay,508 - South Middleburg Bapt Ch,2,0,1,1
Kat Cammack,US House,3,REP,Clay,508 - South Middleburg Bapt Ch,2562,667,1475,420
Adam Christensen,US House,3,DEM,Clay,508 - South Middleburg Bapt Ch,422,67,158,197
Over Votes,US House,3,,Clay,508 - South Middleburg Bapt Ch,1,0,1,0
Under Votes,US House,3,,Clay,508 - South Middleburg Bapt Ch,60,16,32,12
Jennifer Bradley,State Senate,5,REP,Clay,508 - South Middleburg Bapt Ch,2585,667,1484,434
Melina Rayna Barratt,State Senate,5,DEM,Clay,508 - South Middleburg Bapt Ch,379,60,138,181
Over Votes,State Senate,5,,Clay,508 - South Middleburg Bapt Ch,0,0,0,0
Under Votes,State Senate,5,,Clay,508 - South Middleburg Bapt Ch,81,23,44,14
Bobby Payne,State House,19,REP,Clay,508 - South Middleburg Bapt Ch,2518,648,1447,423
Kimberly Dugger,State House,19,DEM,Clay,508 - South Middleburg Bapt Ch,428,71,168,189
Over Votes,State House,19,,Clay,508 - South Middleburg Bapt Ch,0,0,0,0
Under Votes,State House,19,,Clay,508 - South Middleburg Bapt Ch,99,31,51,17
Registered Voters,,,,Clay,600 - Russell Baptist Church,5525,,,
Ballots Cast,,,,Clay,600 - Russell Baptist Church,4314,1081,2269,964
Ballots Cast Blank,,,,Clay,600 - Russell Baptist Church,81,17,42,22
Donald J Trump,President ,,REP,Clay,600 - Russell Baptist Church,3119,889,1731,499
Joseph R Biden,President ,,DEM,Clay,600 - Russell Baptist Church,1103,164,508,431
Jo Jorgensen ,President ,,LPF,Clay,600 - Russell Baptist Church,69,22,27,20
"Roque ""Rocky"" De La Fuente",President ,,REF,Clay,600 - Russell Baptist Church,2,0,1,1
Gloria La Riva ,President ,,PSL,Clay,600 - Russell Baptist Church,1,1,0,0
Howie Hawkins,President ,,GRE,Clay,600 - Russell Baptist Church,3,0,2,1
Don Blankenship,President ,,CPF,Clay,600 - Russell Baptist Church,0,0,0,0
Write-In,President ,,NPA,Clay,600 - Russell Baptist Church,10,4,0,6
Over Votes,President ,,,Clay,600 - Russell Baptist Church,4,0,0,4
Under Votes,President ,,,Clay,600 - Russell Baptist Church,3,1,0,2
Kat Cammack,US House,3,REP,Clay,600 - Russell Baptist Church,3105,894,1724,487
Adam Christensen,US House,3,DEM,Clay,600 - Russell Baptist Church,1120,159,507,454
Over Votes,US House,3,,Clay,600 - Russell Baptist Church,0,0,0,0
Under Votes,US House,3,,Clay,600 - Russell Baptist Church,89,28,38,23
Jennifer Bradley,State Senate,5,REP,Clay,600 - Russell Baptist Church,3182,897,1742,543
Melina Rayna Barratt,State Senate,5,DEM,Clay,600 - Russell Baptist Church,1005,149,473,383
Over Votes,State Senate,5,,Clay,600 - Russell Baptist Church,1,0,1,0
Under Votes,State Senate,5,,Clay,600 - Russell Baptist Church,126,35,53,38
Sam Garrison,State House,18,REP,Clay,600 - Russell Baptist Church,3043,854,1677,512
Leroy Anthony Edwards,State House,18,DEM,Clay,600 - Russell Baptist Church,986,138,462,386
Ken Willey,State House,18,LPF,Clay,600 - Russell Baptist Church,146,48,67,31
Over Votes,State House,18,,Clay,600 - Russell Baptist Church,0,0,0,0
Under Votes,State House,18,,Clay,600 - Russell Baptist Church,139,41,63,35
Registered Voters,,,,Clay,601 - Clay County Ag Cntr,897,,,
Ballots Cast,,,,Clay,601 - Clay County Ag Cntr,657,146,335,176
Ballots Cast Blank,,,,Clay,601 - Clay County Ag Cntr,13,3,8,2
Donald J Trump,President ,,REP,Clay,601 - Clay County Ag Cntr,530,126,289,115
Joseph R Biden,President ,,DEM,Clay,601 - Clay County Ag Cntr,118,17,45,56
Jo Jorgensen ,President ,,LPF,Clay,601 - Clay County Ag Cntr,6,3,0,3
"Roque ""Rocky"" De La Fuente",President ,,REF,Clay,601 - Clay County Ag Cntr,0,0,0,0
Gloria La Riva ,President ,,PSL,Clay,601 - Clay County Ag Cntr,0,0,0,0
Howie Hawkins,President ,,GRE,Clay,601 - Clay County Ag Cntr,0,0,0,0
Don Blankenship,President ,,CPF,Clay,601 - Clay County Ag Cntr,0,0,0,0
Write-In,President ,,NPA,Clay,601 - Clay County Ag Cntr,1,0,0,1
Over Votes,President ,,,Clay,601 - Clay County Ag Cntr,0,0,0,0
Under Votes,President ,,,Clay,601 - Clay County Ag Cntr,2,0,1,1
Kat Cammack,US House,3,REP,Clay,601 - Clay County Ag Cntr,516,125,279,112
Adam Christensen,US House,3,DEM,Clay,601 - Clay County Ag Cntr,120,18,43,59
Over Votes,US House,3,,Clay,601 - Clay County Ag Cntr,0,0,0,0
Under Votes,US House,3,,Clay,601 - Clay County Ag Cntr,21,3,13,5
Jennifer Bradley,State Senate,5,REP,Clay,601 - Clay County Ag Cntr,527,126,285,116
Melina Rayna Barratt,State Senate,5,DEM,Clay,601 - Clay County Ag Cntr,104,18,35,51
Over Votes,State Senate,5,,Clay,601 - Clay County Ag Cntr,0,0,0,0
Under Votes,State Senate,5,,Clay,601 - Clay County Ag Cntr,26,2,15,9
Bobby Payne,State House,19,REP,Clay,601 - Clay County Ag Cntr,509,123,276,110
Kimberly Dugger,State House,19,DEM,Clay,601 - Clay County Ag Cntr,125,20,46,59
Over Votes,State House,19,,Clay,601 - Clay County Ag Cntr,0,0,0,0
Under Votes,State House,19,,Clay,601 - Clay County Ag Cntr,23,3,13,7
Registered Voters,,,,Clay,602 - GCS City Hall,1191,,,
Ballots Cast,,,,Clay,602 - GCS City Hall,911,128,516,267
Ballots Cast Blank,,,,Clay,602 - GCS City Hall,23,9,10,4
Donald J Trump,President ,,REP,Clay,602 - GCS City Hall,659,98,415,146
Joseph R Biden,President ,,DEM,Clay,602 - GCS City Hall,232,25,91,116
Jo Jorgensen ,President ,,LPF,Clay,602 - GCS City Hall,11,3,6,2
"Roque ""Rocky"" De La Fuente",President ,,REF,Clay,602 - GCS City Hall,0,0,0,0
Gloria La Riva ,President ,,PSL,Clay,602 - GCS City Hall,0,0,0,0
Howie Hawkins,President ,,GRE,Clay,602 - GCS City Hall,2,0,2,0
Don Blankenship,President ,,CPF,Clay,602 - GCS City Hall,0,0,0,0
Write-In,President ,,NPA,Clay,602 - GCS City Hall,3,2,1,0
Over Votes,President ,,,Clay,602 - GCS City Hall,1,0,0,1
Under Votes,President ,,,Clay,602 - GCS City Hall,3,0,1,2
Kat Cammack,US House,3,REP,Clay,602 - GCS City Hall,655,96,415,144
Adam Christensen,US House,3,DEM,Clay,602 - GCS City Hall,234,27,92,115
Over Votes,US House,3,,Clay,602 - GCS City Hall,0,0,0,0
Under Votes,US House,3,,Clay,602 - GCS City Hall,22,5,9,8
Jennifer Bradley,State Senate,5,REP,Clay,602 - GCS City Hall,670,94,422,154
Melina Rayna Barratt,State Senate,5,DEM,Clay,602 - GCS City Hall,208,25,85,98
Over Votes,State Senate,5,,Clay,602 - GCS City Hall,0,0,0,0
Under Votes,State Senate,5,,Clay,602 - GCS City Hall,33,9,9,15
Bobby Payne,State House,19,REP,Clay,602 - GCS City Hall,645,88,405,152
Kimberly Dugger,State House,19,DEM,Clay,602 - GCS City Hall,235,30,100,105
Over Votes,State House,19,,Clay,602 - GCS City Hall,0,0,0,0
Under Votes,State House,19,,Clay,602 - GCS City Hall,31,10,11,10
Registered Voters,,,,Clay,604 -GCS City Hall,3419,,,
Ballots Cast,,,,Clay,604 -GCS City Hall,2937,414,1588,935
Ballots Cast Blank,,,,Clay,604 -GCS City Hall,51,8,32,11
Donald J Trump,President ,,REP,Clay,604 -GCS City Hall,2162,325,1281,556
Joseph R Biden,President ,,DEM,Clay,604 -GCS City Hall,727,67,295,365
Jo Jorgensen ,President ,,LPF,Clay,604 -GCS City Hall,26,15,6,5
"Roque ""Rocky"" De La Fuente",President ,,REF,Clay,604 -GCS City Hall,2,0,2,0
Gloria La Riva ,President ,,PSL,Clay,604 -GCS City Hall,0,0,0,0
Howie Hawkins,President ,,GRE,Clay,604 -GCS City Hall,3,3,0,0
Don Blankenship,President ,,CPF,Clay,604 -GCS City Hall,0,0,0,0
Write-In,President ,,NPA,Clay,604 -GCS City Hall,8,3,2,3
Over Votes,President ,,,Clay,604 -GCS City Hall,3,1,0,2
Under Votes,President ,,,Clay,604 -GCS City Hall,6,0,2,4
Kat Cammack,US House,3,REP,Clay,604 -GCS City Hall,2164,346,1261,557
Adam Christensen,US House,3,DEM,Clay,604 -GCS City Hall,722,63,297,362
Over Votes,US House,3,,Clay,604 -GCS City Hall,1,0,1,0
Under Votes,US House,3,,Clay,604 -GCS City Hall,50,5,29,16
Jennifer Bradley,State Senate,5,REP,Clay,604 -GCS City Hall,2237,347,1295,595
Melina Rayna Barratt,State Senate,5,DEM,Clay,604 -GCS City Hall,631,55,261,315
Over Votes,State Senate,5,,Clay,604 -GCS City Hall,0,0,0,0
Under Votes,State Senate,5,,Clay,604 -GCS City Hall,69,12,32,25
Bobby Payne,State House,19,REP,Clay,604 -GCS City Hall,2139,335,1263,541
Kimberly Dugger,State House,19,DEM,Clay,604 -GCS City Hall,717,66,286,365
Over Votes,State House,19,,Clay,604 -GCS City Hall,0,0,0,0
Under Votes,State House,19,,Clay,604 -GCS City Hall,81,13,39,29
Registered Voters,,,,Clay,606 - First Presbyterian Church,7006,,,
Ballots Cast,,,,Clay,606 - First Presbyterian Church,5496,548,1365,3583
Ballots Cast Blank,,,,Clay,606 - First Presbyterian Church,196,19,50,127
Donald J Trump,President ,,REP,Clay,606 - First Presbyterian Church,3008,393,922,1693
Joseph R Biden,President ,,DEM,Clay,606 - First Presbyterian Church,2387,147,427,1813
Jo Jorgensen ,President ,,LPF,Clay,606 - First Presbyterian Church,51,5,9,37
"Roque ""Rocky"" De La Fuente",President ,,REF,Clay,606 - First Presbyterian Church,1,0,1,0
Gloria La Riva ,President ,,PSL,Clay,606 - First Presbyterian Church,0,0,0,0
Howie Hawkins,President ,,GRE,Clay,606 - First Presbyterian Church,9,0,0,9
Don Blankenship,President ,,CPF,Clay,606 - First Presbyterian Church,2,0,0,2
Write-In,President ,,NPA,Clay,606 - First Presbyterian Church,17,2,3,12
Over Votes,President ,,,Clay,606 - First Presbyterian Church,10,0,2,8
Under Votes,President ,,,Clay,606 - First Presbyterian Church,11,1,1,9
Kat Cammack,US House,3,REP,Clay,606 - First Presbyterian Church,3053,380,926,1747
Adam Christensen,US House,3,DEM,Clay,606 - First Presbyterian Church,2293,150,414,1729
Over Votes,US House,3,,Clay,606 - First Presbyterian Church,1,0,0,1
Under Votes,US House,3,,Clay,606 - First Presbyterian Church,149,18,25,106
Jennifer Bradley,State Senate,5,REP,Clay,606 - First Presbyterian Church,3139,393,929,1817
Melina Rayna Barratt,State Senate,5,DEM,Clay,606 - First Presbyterian Church,2154,132,402,1620
Over Votes,State Senate,5,,Clay,606 - First Presbyterian Church,2,0,1,1
Under Votes,State Senate,5,,Clay,606 - First Presbyterian Church,201,23,33,145
Bobby Payne,State House,19,REP,Clay,606 - First Presbyterian Church,2977,364,895,1718
Kimberly Dugger,State House,19,DEM,Clay,606 - First Presbyterian Church,2288,161,433,1694
Over Votes,State House,19,,Clay,606 - First Presbyterian Church,2,0,1,1
Under Votes,State House,19,,Clay,606 - First Presbyterian Church,229,23,36,170
Registered Voters,,,,Clay,610 - Shiloh Missionary Bapt Church,1167,,,
Ballots Cast,,,,Clay,610 - Shiloh Missionary Bapt Church,904,290,413,201
Ballots Cast Blank,,,,Clay,610 - Shiloh Missionary Bapt Church,27,9,12,6
Donald J Trump,President ,,REP,Clay,610 - Shiloh Missionary Bapt Church,794,274,369,151
Joseph R Biden,President ,,DEM,Clay,610 - Shiloh Missionary Bapt Church,104,15,44,45
Jo Jorgensen ,President ,,LPF,Clay,610 - Shiloh Missionary Bapt Church,2,0,0,2
"Roque ""Rocky"" De La Fuente",President ,,REF,Clay,610 - Shiloh Missionary Bapt Church,0,0,0,0
Gloria La Riva ,President ,,PSL,Clay,610 - Shiloh Missionary Bapt Church,0,0,0,0
Howie Hawkins,President ,,GRE,Clay,610 - Shiloh Missionary Bapt Church,1,0,0,1
Don Blankenship,President ,,CPF,Clay,610 - Shiloh Missionary Bapt Church,1,1,0,0
Write-In,President ,,NPA,Clay,610 - Shiloh Missionary Bapt Church,0,0,0,0
Over Votes,President ,,,Clay,610 - Shiloh Missionary Bapt Church,1,0,0,1
Under Votes,President ,,,Clay,610 - Shiloh Missionary Bapt Church,1,0,0,1
Kat Cammack,US House,3,REP,Clay,610 - Shiloh Missionary Bapt Church,780,266,365,149
Adam Christensen,US House,3,DEM,Clay,610 - Shiloh Missionary Bapt Church,109,18,43,48
Over Votes,US House,3,,Clay,610 - Shiloh Missionary Bapt Church,0,0,0,0
Under Votes,US House,3,,Clay,610 - Shiloh Missionary Bapt Church,15,6,5,4
Jennifer Bradley,State Senate,5,REP,Clay,610 - Shiloh Missionary Bapt Church,795,265,372,158
Melina Rayna Barratt,State Senate,5,DEM,Clay,610 - Shiloh Missionary Bapt Church,90,16,35,39
Over Votes,State Senate,5,,Clay,610 - Shiloh Missionary Bapt Church,0,0,0,0
Under Votes,State Senate,5,,Clay,610 - Shiloh Missionary Bapt Church,19,9,6,4
Bobby Payne,State House,19,REP,Clay,610 - Shiloh Missionary Bapt Church,774,259,365,150
Kimberly Dugger,State House,19,DEM,Clay,610 - Shiloh Missionary Bapt Church,106,21,40,45
Over Votes,State House,19,,Clay,610 - Shiloh Missionary Bapt Church,1,1,0,0
Under Votes,State House,19,,Clay,610 - Shiloh Missionary Bapt Church,23,9,8,6
Registered Voters,,,,Clay,612 -Shiloh Missionary Bapt Church ,865,,,
Ballots Cast,,,,Clay,612 -Shiloh Missionary Bapt Church ,585,184,266,135
Ballots Cast Blank,,,,Clay,612 -Shiloh Missionary Bapt Church ,15,9,6,0
Donald J Trump,President ,,REP,Clay,612 -Shiloh Missionary Bapt Church ,511,170,239,102
Joseph R Biden,President ,,DEM,Clay,612 -Shiloh Missionary Bapt Church ,72,14,25,33
Jo Jorgensen ,President ,,LPF,Clay,612 -Shiloh Missionary Bapt Church ,1,0,1,0
"Roque ""Rocky"" De La Fuente",President ,,REF,Clay,612 -Shiloh Missionary Bapt Church ,0,0,0,0
Gloria La Riva ,President ,,PSL,Clay,612 -Shiloh Missionary Bapt Church ,0,0,0,0
Howie Hawkins,President ,,GRE,Clay,612 -Shiloh Missionary Bapt Church ,0,0,0,0
Don Blankenship,President ,,CPF,Clay,612 -Shiloh Missionary Bapt Church ,0,0,0,0
Write-In,President ,,NPA,Clay,612 -Shiloh Missionary Bapt Church ,0,0,0,0
Over Votes,President ,,,Clay,612 -Shiloh Missionary Bapt Church ,0,0,0,0
Under Votes,President ,,,Clay,612 -Shiloh Missionary Bapt Church ,1,0,1,0
Kat Cammack,US House,3,REP,Clay,612 -Shiloh Missionary Bapt Church ,494,165,229,100
Adam Christensen,US House,3,DEM,Clay,612 -Shiloh Missionary Bapt Church ,81,15,31,35
Over Votes,US House,3,,Clay,612 -Shiloh Missionary Bapt Church ,0,0,0,0
Under Votes,US House,3,,Clay,612 -Shiloh Missionary Bapt Church ,10,4,6,0
Jennifer Bradley,State Senate,5,REP,Clay,612 -Shiloh Missionary Bapt Church ,496,160,232,104
Melina Rayna Barratt,State Senate,5,DEM,Clay,612 -Shiloh Missionary Bapt Church ,71,17,25,29
Over Votes,State Senate,5,,Clay,612 -Shiloh Missionary Bapt Church ,0,0,0,0
Under Votes,State Senate,5,,Clay,612 -Shiloh Missionary Bapt Church ,18,7,9,2
Bobby Payne,State House,19,REP,Clay,612 -Shiloh Missionary Bapt Church ,481,159,226,96
Kimberly Dugger,State House,19,DEM,Clay,612 -Shiloh Missionary Bapt Church ,88,19,34,35
Over Votes,State House,19,,Clay,612 -Shiloh Missionary Bapt Church ,0,0,0,0
Under Votes,State House,19,,Clay,612 -Shiloh Missionary Bapt Church ,16,6,6,4
Registered Voters,,,,Clay,700 - Kingsley Lake Civic Cent,342,,,
Ballots Cast,,,,Clay,700 - Kingsley Lake Civic Cent,305,169,65,71
Ballots Cast Blank,,,,Clay,700 - Kingsley Lake Civic Cent,17,9,1,7
Donald J Trump,President ,,REP,Clay,700 - Kingsley Lake Civic Cent,276,158,62,56
Joseph R Biden,President ,,DEM,Clay,700 - Kingsley Lake Civic Cent,25,9,3,13
Jo Jorgensen ,President ,,LPF,Clay,700 - Kingsley Lake Civic Cent,0,0,0,0
"Roque ""Rocky"" De La Fuente",President ,,REF,Clay,700 - Kingsley Lake Civic Cent,0,0,0,0
Gloria La Riva ,President ,,PSL,Clay,700 - Kingsley Lake Civic Cent,0,0,0,0
Howie Hawkins,President ,,GRE,Clay,700 - Kingsley Lake Civic Cent,0,0,0,0
Don Blankenship,President ,,CPF,Clay,700 - Kingsley Lake Civic Cent,0,0,0,0
Write-In,President ,,NPA,Clay,700 - Kingsley Lake Civic Cent,1,1,0,0
Over Votes,President ,,,Clay,700 - Kingsley Lake Civic Cent,0,0,0,0
Under Votes,President ,,,Clay,700 - Kingsley Lake Civic Cent,3,1,0,2
Kat Cammack,US House,3,REP,Clay,700 - Kingsley Lake Civic Cent,269,155,60,54
Adam Christensen,US House,3,DEM,Clay,700 - Kingsley Lake Civic Cent,28,9,4,15
Over Votes,US House,3,,Clay,700 - Kingsley Lake Civic Cent,0,0,0,0
Under Votes,US House,3,,Clay,700 - Kingsley Lake Civic Cent,8,5,1,2
Jennifer Bradley,State Senate,5,REP,Clay,700 - Kingsley Lake Civic Cent,278,159,63,56
Melina Rayna Barratt,State Senate,5,DEM,Clay,700 - Kingsley Lake Civic Cent,20,6,2,12
Over Votes,State Senate,5,,Clay,700 - Kingsley Lake Civic Cent,0,0,0,0
Under Votes,State Senate,5,,Clay,700 - Kingsley Lake Civic Cent,7,4,0,3
Bobby Payne,State House,19,REP,Clay,700 - Kingsley Lake Civic Cent,270,157,61,52
Kimberly Dugger,State House,19,DEM,Clay,700 - Kingsley Lake Civic Cent,26,9,2,15
Over Votes,State House,19,,Clay,700 - Kingsley Lake Civic Cent,0,0,0,0
Under Votes,State House,19,,Clay,700 - Kingsley Lake Civic Cent,9,3,2,4
Registered Voters,,,,Clay,702 - Keystone Heights City Ha,2870,,,
Ballots Cast,,,,Clay,702 - Keystone Heights City Ha,2268,428,1320,520
Ballots Cast Blank,,,,Clay,702 - Keystone Heights City Ha,52,16,19,17
Donald J Trump,President ,,REP,Clay,702 - Keystone Heights City Ha,1780,370,1095,315
Joseph R Biden,President ,,DEM,Clay,702 - Keystone Heights City Ha,449,48,208,193
Jo Jorgensen ,President ,,LPF,Clay,702 - Keystone Heights City Ha,23,8,11,4
"Roque ""Rocky"" De La Fuente",President ,,REF,Clay,702 - Keystone Heights City Ha,1,0,1,0
Gloria La Riva ,President ,,PSL,Clay,702 - Keystone Heights City Ha,1,0,0,1
Howie Hawkins,President ,,GRE,Clay,702 - Keystone Heights City Ha,1,0,0,1
Don Blankenship,President ,,CPF,Clay,702 - Keystone Heights City Ha,2,0,0,2
Write-In,President ,,NPA,Clay,702 - Keystone Heights City Ha,5,0,3,2
Over Votes,President ,,,Clay,702 - Keystone Heights City Ha,1,0,0,1
Under Votes,President ,,,Clay,702 - Keystone Heights City Ha,5,2,2,1
Kat Cammack,US House,3,REP,Clay,702 - Keystone Heights City Ha,1756,362,1080,314
Adam Christensen,US House,3,DEM,Clay,702 - Keystone Heights City Ha,455,48,214,193
Over Votes,US House,3,,Clay,702 - Keystone Heights City Ha,0,0,0,0
Under Votes,US House,3,,Clay,702 - Keystone Heights City Ha,57,18,26,13
Jennifer Bradley,State Senate,5,REP,Clay,702 - Keystone Heights City Ha,1774,355,1093,326
Melina Rayna Barratt,State Senate,5,DEM,Clay,702 - Keystone Heights City Ha,415,46,193,176
Over Votes,State Senate,5,,Clay,702 - Keystone Heights City Ha,0,0,0,0
Under Votes,State Senate,5,,Clay,702 - Keystone Heights City Ha,79,27,34,18
Bobby Payne,State House,19,REP,Clay,702 - Keystone Heights City Ha,1723,347,1065,311
Kimberly Dugger,State House,19,DEM,Clay,702 - Keystone Heights City Ha,472,56,226,190
Over Votes,State House,19,,Clay,702 - Keystone Heights City Ha,0,0,0,0
Under Votes,State House,19,,Clay,702 - Keystone Heights City Ha,73,25,29,19
Registered Voters,,,,Clay,704 - First Bapt Church of KH,1881,,,
Ballots Cast,,,,Clay,704 - First Bapt Church of KH,1465,370,786,309
Ballots Cast Blank,,,,Clay,704 - First Bapt Church of KH,28,11,16,1
Donald J Trump,President ,,REP,Clay,704 - First Bapt Church of KH,1156,316,663,176
Joseph R Biden,President ,,DEM,Clay,704 - First Bapt Church of KH,288,43,118,127
Jo Jorgensen ,President ,,LPF,Clay,704 - First Bapt Church of KH,14,9,4,1
"Roque ""Rocky"" De La Fuente",President ,,REF,Clay,704 - First Bapt Church of KH,0,0,0,0
Gloria La Riva ,President ,,PSL,Clay,704 - First Bapt Church of KH,1,0,0,1
Howie Hawkins,President ,,GRE,Clay,704 - First Bapt Church of KH,2,1,0,1
Don Blankenship,President ,,CPF,Clay,704 - First Bapt Church of KH,0,0,0,0
Write-In,President ,,NPA,Clay,704 - First Bapt Church of KH,0,0,0,0
Over Votes,President ,,,Clay,704 - First Bapt Church of KH,1,0,0,1
Under Votes,President ,,,Clay,704 - First Bapt Church of KH,4,1,1,2
Kat Cammack,US House,3,REP,Clay,704 - First Bapt Church of KH,1124,304,644,176
Adam Christensen,US House,3,DEM,Clay,704 - First Bapt Church of KH,306,49,130,127
Over Votes,US House,3,,Clay,704 - First Bapt Church of KH,0,0,0,0
Under Votes,US House,3,,Clay,704 - First Bapt Church of KH,35,17,12,6
Jennifer Bradley,State Senate,5,REP,Clay,704 - First Bapt Church of KH,1134,304,650,180
Melina Rayna Barratt,State Senate,5,DEM,Clay,704 - First Bapt Church of KH,277,45,113,119
Over Votes,State Senate,5,,Clay,704 - First Bapt Church of KH,0,0,0,0
Under Votes,State Senate,5,,Clay,704 - First Bapt Church of KH,54,21,23,10
Bobby Payne,State House,19,REP,Clay,704 - First Bapt Church of KH,1090,287,632,171
Kimberly Dugger,State House,19,DEM,Clay,704 - First Bapt Church of KH,324,60,135,129
Over Votes,State House,19,,Clay,704 - First Bapt Church of KH,1,1,0,0
Under Votes,State House,19,,Clay,704 - First Bapt Church of KH,50,22,19,9
Registered Voters,,,,Clay,706 - Freedom Baptist Church,3686,,,
Ballots Cast,,,,Clay,706 - Freedom Baptist Church,2720,735,1403,582
Ballots Cast Blank,,,,Clay,706 - Freedom Baptist Church,60,20,34,6
Donald J Trump,President ,,REP,Clay,706 - Freedom Baptist Church,2229,642,1187,400
Joseph R Biden,President ,,DEM,Clay,706 - Freedom Baptist Church,454,84,197,173
Jo Jorgensen ,President ,,LPF,Clay,706 - Freedom Baptist Church,17,4,8,5
"Roque ""Rocky"" De La Fuente",President ,,REF,Clay,706 - Freedom Baptist Church,1,0,1,0
Gloria La Riva ,President ,,PSL,Clay,706 - Freedom Baptist Church,1,0,0,1
Howie Hawkins,President ,,GRE,Clay,706 - Freedom Baptist Church,4,1,2,1
Don Blankenship,President ,,CPF,Clay,706 - Freedom Baptist Church,1,0,1,0
Write-In,President ,,NPA,Clay,706 - Freedom Baptist Church,2,2,0,0
Over Votes,President ,,,Clay,706 - Freedom Baptist Church,5,1,2,2
Under Votes,President ,,,Clay,706 - Freedom Baptist Church,6,1,5,0
Kat Cammack,US House,3,REP,Clay,706 - Freedom Baptist Church,2203,628,1175,400
Adam Christensen,US House,3,DEM,Clay,706 - Freedom Baptist Church,466,91,201,174
Over Votes,US House,3,,Clay,706 - Freedom Baptist Church,1,0,1,0
Under Votes,US House,3,,Clay,706 - Freedom Baptist Church,50,16,26,8
Jennifer Bradley,State Senate,5,REP,Clay,706 - Freedom Baptist Church,2211,622,1187,402
Melina Rayna Barratt,State Senate,5,DEM,Clay,706 - Freedom Baptist Church,431,91,180,160
Over Votes,State Senate,5,,Clay,706 - Freedom Baptist Church,0,0,0,0
Under Votes,State Senate,5,,Clay,706 - Freedom Baptist Church,78,22,36,20
Bobby Payne,State House,19,REP,Clay,706 - Freedom Baptist Church,2131,602,1145,384
Kimberly Dugger,State House,19,DEM,Clay,706 - Freedom Baptist Church,507,111,216,180
Over Votes,State House,19,,Clay,706 - Freedom Baptist Church,0,0,0,0
Under Votes,State House,19,,Clay,706 - Freedom Baptist Church,82,22,42,18
Registered Voters,,,,Clay,708 - Gadara Baptist Church,2271,,,
Ballots Cast,,,,Clay,708 - Gadara Baptist Church,1730,576,834,320
Ballots Cast Blank,,,,Clay,708 - Gadara Baptist Church,34,8,19,7
Donald J Trump,President ,,REP,Clay,708 - Gadara Baptist Church,1496,538,730,228
Joseph R Biden,President ,,DEM,Clay,708 - Gadara Baptist Church,205,29,96,80
Jo Jorgensen ,President ,,LPF,Clay,708 - Gadara Baptist Church,16,7,4,5
"Roque ""Rocky"" De La Fuente",President ,,REF,Clay,708 - Gadara Baptist Church,1,0,0,1
Gloria La Riva ,President ,,PSL,Clay,708 - Gadara Baptist Church,0,0,0,0
Howie Hawkins,President ,,GRE,Clay,708 - Gadara Baptist Church,1,0,1,0
Don Blankenship,President ,,CPF,Clay,708 - Gadara Baptist Church,2,1,0,1
Write-In,President ,,NPA,Clay,708 - Gadara Baptist Church,2,1,1,0
Over Votes,President ,,,Clay,708 - Gadara Baptist Church,6,0,1,5
Under Votes,President ,,,Clay,708 - Gadara Baptist Church,1,0,1,0
Kat Cammack,US House,3,REP,Clay,708 - Gadara Baptist Church,1478,525,724,229
Adam Christensen,US House,3,DEM,Clay,708 - Gadara Baptist Church,225,42,99,84
Over Votes,US House,3,,Clay,708 - Gadara Baptist Church,1,0,1,0
Under Votes,US House,3,,Clay,708 - Gadara Baptist Church,26,9,10,7
Jennifer Bradley,State Senate,5,REP,Clay,708 - Gadara Baptist Church,1483,523,727,233
Melina Rayna Barratt,State Senate,5,DEM,Clay,708 - Gadara Baptist Church,200,32,95,73
Over Votes,State Senate,5,,Clay,708 - Gadara Baptist Church,0,0,0,0
Under Votes,State Senate,5,,Clay,708 - Gadara Baptist Church,47,21,12,14
Bobby Payne,State House,19,REP,Clay,708 - Gadara Baptist Church,1448,510,713,225
Kimberly Dugger,State House,19,DEM,Clay,708 - Gadara Baptist Church,237,47,105,85
Over Votes,State House,19,,Clay,708 - Gadara Baptist Church,1,0,1,0
Under Votes,State House,19,,Clay,708 - Gadara Baptist Church,44,19,15,10
Registered Voters,,,,Clay,710 - Penney Farms Town Hall,1119,,,
Ballots Cast,,,,Clay,710 - Penney Farms Town Hall,903,260,261,382
Ballots Cast Blank,,,,Clay,710 - Penney Farms Town Hall,34,14,3,17
Donald J Trump,President ,,REP,Clay,710 - Penney Farms Town Hall,577,168,195,214
Joseph R Biden,President ,,DEM,Clay,710 - Penney Farms Town Hall,319,92,64,163
Jo Jorgensen ,President ,,LPF,Clay,710 - Penney Farms Town Hall,0,0,0,0
"Roque ""Rocky"" De La Fuente",President ,,REF,Clay,710 - Penney Farms Town Hall,0,0,0,0
Gloria La Riva ,President ,,PSL,Clay,710 - Penney Farms Town Hall,1,0,0,1
Howie Hawkins,President ,,GRE,Clay,710 - Penney Farms Town Hall,0,0,0,0
Don Blankenship,President ,,CPF,Clay,710 - Penney Farms Town Hall,0,0,0,0
Write-In,President ,,NPA,Clay,710 - Penney Farms Town Hall,1,0,1,0
Over Votes,President ,,,Clay,710 - Penney Farms Town Hall,2,0,0,2
Under Votes,President ,,,Clay,710 - Penney Farms Town Hall,3,0,1,2
Kat Cammack,US House,3,REP,Clay,710 - Penney Farms Town Hall,576,166,198,212
Adam Christensen,US House,3,DEM,Clay,710 - Penney Farms Town Hall,296,83,61,152
Over Votes,US House,3,,Clay,710 - Penney Farms Town Hall,1,0,0,1
Under Votes,US House,3,,Clay,710 - Penney Farms Town Hall,30,11,2,17
Jennifer Bradley,State Senate,5,REP,Clay,710 - Penney Farms Town Hall,594,177,198,219
Melina Rayna Barratt,State Senate,5,DEM,Clay,710 - Penney Farms Town Hall,274,70,58,146
Over Votes,State Senate,5,,Clay,710 - Penney Farms Town Hall,0,0,0,0
Under Votes,State Senate,5,,Clay,710 - Penney Farms Town Hall,35,13,5,17
Bobby Payne,State House,19,REP,Clay,710 - Penney Farms Town Hall,565,162,192,211
Kimberly Dugger,State House,19,DEM,Clay,710 - Penney Farms Town Hall,299,82,64,153
Over Votes,State House,19,,Clay,710 - Penney Farms Town Hall,0,0,0,0
Under Votes,State House,19,,Clay,710 - Penney Farms Town Hall,39,16,5,18